date,year,month,month_name,day_of_week,day_name,week_of_year,quarter
2015-01-02,2015,1,Jan,4,Fri,1,1
2015-01-05,2015,1,Jan,0,Mon,2,1
2015-01-06,2015,1,Jan,1,Tue,2,1
2015-01-07,2015,1,Jan,2,Wed,2,1
2015-01-08,2015,1,Jan,3,Thu,2,1
2015-01-09,2015,1,Jan,4,Fri,2,1
2015-01-12,2015,1,Jan,0,Mon,3,1
2015-01-13,2015,1,Jan,1,Tue,3,1
2015-01-14,2015,1,Jan,2,Wed,3,1
2015-01-15,2015,1,Jan,3,Thu,3,1
2015-01-16,2015,1,Jan,4,Fri,3,1
2015-01-20,2015,1,Jan,1,Tue,4,1
2015-01-21,2015,1,Jan,2,Wed,4,1
2015-01-22,2015,1,Jan,3,Thu,4,1
2015-01-23,2015,1,Jan,4,Fri,4,1
2015-01-26,2015,1,Jan,0,Mon,5,1
2015-01-27,2015,1,Jan,1,Tue,5,1
2015-01-28,2015,1,Jan,2,Wed,5,1
2015-01-29,2015,1,Jan,3,Thu,5,1
2015-01-30,2015,1,Jan,4,Fri,5,1
2015-02-02,2015,2,Feb,0,Mon,6,1
2015-02-03,2015,2,Feb,1,Tue,6,1
2015-02-04,2015,2,Feb,2,Wed,6,1
2015-02-05,2015,2,Feb,3,Thu,6,1
2015-02-06,2015,2,Feb,4,Fri,6,1
2015-02-09,2015,2,Feb,0,Mon,7,1
2015-02-10,2015,2,Feb,1,Tue,7,1
2015-02-11,2015,2,Feb,2,Wed,7,1
2015-02-12,2015,2,Feb,3,Thu,7,1
2015-02-13,2015,2,Feb,4,Fri,7,1
2015-02-17,2015,2,Feb,1,Tue,8,1
2015-02-18,2015,2,Feb,2,Wed,8,1
2015-02-19,2015,2,Feb,3,Thu,8,1
2015-02-20,2015,2,Feb,4,Fri,8,1
2015-02-23,2015,2,Feb,0,Mon,9,1
2015-02-24,2015,2,Feb,1,Tue,9,1
2015-02-25,2015,2,Feb,2,Wed,9,1
2015-02-26,2015,2,Feb,3,Thu,9,1
2015-02-27,2015,2,Feb,4,Fri,9,1
2015-03-02,2015,3,Mar,0,Mon,10,1
2015-03-03,2015,3,Mar,1,Tue,10,1
2015-03-04,2015,3,Mar,2,Wed,10,1
2015-03-05,2015,3,Mar,3,Thu,10,1
2015-03-06,2015,3,Mar,4,Fri,10,1
2015-03-09,2015,3,Mar,0,Mon,11,1
2015-03-10,2015,3,Mar,1,Tue,11,1
2015-03-11,2015,3,Mar,2,Wed,11,1
2015-03-12,2015,3,Mar,3,Thu,11,1
2015-03-13,2015,3,Mar,4,Fri,11,1
2015-03-16,2015,3,Mar,0,Mon,12,1
2015-03-17,2015,3,Mar,1,Tue,12,1
2015-03-18,2015,3,Mar,2,Wed,12,1
2015-03-19,2015,3,Mar,3,Thu,12,1
2015-03-20,2015,3,Mar,4,Fri,12,1
2015-03-23,2015,3,Mar,0,Mon,13,1
2015-03-24,2015,3,Mar,1,Tue,13,1
2015-03-25,2015,3,Mar,2,Wed,13,1
2015-03-26,2015,3,Mar,3,Thu,13,1
2015-03-27,2015,3,Mar,4,Fri,13,1
2015-03-30,2015,3,Mar,0,Mon,14,1
2015-03-31,2015,3,Mar,1,Tue,14,1
2015-04-01,2015,4,Apr,2,Wed,14,2
2015-04-02,2015,4,Apr,3,Thu,14,2
2015-04-06,2015,4,Apr,0,Mon,15,2
2015-04-07,2015,4,Apr,1,Tue,15,2
2015-04-08,2015,4,Apr,2,Wed,15,2
2015-04-09,2015,4,Apr,3,Thu,15,2
2015-04-10,2015,4,Apr,4,Fri,15,2
2015-04-13,2015,4,Apr,0,Mon,16,2
2015-04-14,2015,4,Apr,1,Tue,16,2
2015-04-15,2015,4,Apr,2,Wed,16,2
2015-04-16,2015,4,Apr,3,Thu,16,2
2015-04-17,2015,4,Apr,4,Fri,16,2
2015-04-20,2015,4,Apr,0,Mon,17,2
2015-04-21,2015,4,Apr,1,Tue,17,2
2015-04-22,2015,4,Apr,2,Wed,17,2
2015-04-23,2015,4,Apr,3,Thu,17,2
2015-04-24,2015,4,Apr,4,Fri,17,2
2015-04-27,2015,4,Apr,0,Mon,18,2
2015-04-28,2015,4,Apr,1,Tue,18,2
2015-04-29,2015,4,Apr,2,Wed,18,2
2015-04-30,2015,4,Apr,3,Thu,18,2
2015-05-01,2015,5,May,4,Fri,18,2
2015-05-04,2015,5,May,0,Mon,19,2
2015-05-05,2015,5,May,1,Tue,19,2
2015-05-06,2015,5,May,2,Wed,19,2
2015-05-07,2015,5,May,3,Thu,19,2
2015-05-08,2015,5,May,4,Fri,19,2
2015-05-11,2015,5,May,0,Mon,20,2
2015-05-12,2015,5,May,1,Tue,20,2
2015-05-13,2015,5,May,2,Wed,20,2
2015-05-14,2015,5,May,3,Thu,20,2
2015-05-15,2015,5,May,4,Fri,20,2
2015-05-18,2015,5,May,0,Mon,21,2
2015-05-19,2015,5,May,1,Tue,21,2
2015-05-20,2015,5,May,2,Wed,21,2
2015-05-21,2015,5,May,3,Thu,21,2
2015-05-22,2015,5,May,4,Fri,21,2
2015-05-26,2015,5,May,1,Tue,22,2
2015-05-27,2015,5,May,2,Wed,22,2
2015-05-28,2015,5,May,3,Thu,22,2
2015-05-29,2015,5,May,4,Fri,22,2
2015-06-01,2015,6,Jun,0,Mon,23,2
2015-06-02,2015,6,Jun,1,Tue,23,2
2015-06-03,2015,6,Jun,2,Wed,23,2
2015-06-04,2015,6,Jun,3,Thu,23,2
2015-06-05,2015,6,Jun,4,Fri,23,2
2015-06-08,2015,6,Jun,0,Mon,24,2
2015-06-09,2015,6,Jun,1,Tue,24,2
2015-06-10,2015,6,Jun,2,Wed,24,2
2015-06-11,2015,6,Jun,3,Thu,24,2
2015-06-12,2015,6,Jun,4,Fri,24,2
2015-06-15,2015,6,Jun,0,Mon,25,2
2015-06-16,2015,6,Jun,1,Tue,25,2
2015-06-17,2015,6,Jun,2,Wed,25,2
2015-06-18,2015,6,Jun,3,Thu,25,2
2015-06-19,2015,6,Jun,4,Fri,25,2
2015-06-22,2015,6,Jun,0,Mon,26,2
2015-06-23,2015,6,Jun,1,Tue,26,2
2015-06-24,2015,6,Jun,2,Wed,26,2
2015-06-25,2015,6,Jun,3,Thu,26,2
2015-06-26,2015,6,Jun,4,Fri,26,2
2015-06-29,2015,6,Jun,0,Mon,27,2
2015-06-30,2015,6,Jun,1,Tue,27,2
2015-07-01,2015,7,Jul,2,Wed,27,3
2015-07-02,2015,7,Jul,3,Thu,27,3
2015-07-06,2015,7,Jul,0,Mon,28,3
2015-07-07,2015,7,Jul,1,Tue,28,3
2015-07-08,2015,7,Jul,2,Wed,28,3
2015-07-09,2015,7,Jul,3,Thu,28,3
2015-07-10,2015,7,Jul,4,Fri,28,3
2015-07-13,2015,7,Jul,0,Mon,29,3
2015-07-14,2015,7,Jul,1,Tue,29,3
2015-07-15,2015,7,Jul,2,Wed,29,3
2015-07-16,2015,7,Jul,3,Thu,29,3
2015-07-17,2015,7,Jul,4,Fri,29,3
2015-07-20,2015,7,Jul,0,Mon,30,3
2015-07-21,2015,7,Jul,1,Tue,30,3
2015-07-22,2015,7,Jul,2,Wed,30,3
2015-07-23,2015,7,Jul,3,Thu,30,3
2015-07-24,2015,7,Jul,4,Fri,30,3
2015-07-27,2015,7,Jul,0,Mon,31,3
2015-07-28,2015,7,Jul,1,Tue,31,3
2015-07-29,2015,7,Jul,2,Wed,31,3
2015-07-30,2015,7,Jul,3,Thu,31,3
2015-07-31,2015,7,Jul,4,Fri,31,3
2015-08-03,2015,8,Aug,0,Mon,32,3
2015-08-04,2015,8,Aug,1,Tue,32,3
2015-08-05,2015,8,Aug,2,Wed,32,3
2015-08-06,2015,8,Aug,3,Thu,32,3
2015-08-07,2015,8,Aug,4,Fri,32,3
2015-08-10,2015,8,Aug,0,Mon,33,3
2015-08-11,2015,8,Aug,1,Tue,33,3
2015-08-12,2015,8,Aug,2,Wed,33,3
2015-08-13,2015,8,Aug,3,Thu,33,3
2015-08-14,2015,8,Aug,4,Fri,33,3
2015-08-17,2015,8,Aug,0,Mon,34,3
2015-08-18,2015,8,Aug,1,Tue,34,3
2015-08-19,2015,8,Aug,2,Wed,34,3
2015-08-20,2015,8,Aug,3,Thu,34,3
2015-08-21,2015,8,Aug,4,Fri,34,3
2015-08-24,2015,8,Aug,0,Mon,35,3
2015-08-25,2015,8,Aug,1,Tue,35,3
2015-08-26,2015,8,Aug,2,Wed,35,3
2015-08-27,2015,8,Aug,3,Thu,35,3
2015-08-28,2015,8,Aug,4,Fri,35,3
2015-08-31,2015,8,Aug,0,Mon,36,3
2015-09-01,2015,9,Sep,1,Tue,36,3
2015-09-02,2015,9,Sep,2,Wed,36,3
2015-09-03,2015,9,Sep,3,Thu,36,3
2015-09-04,2015,9,Sep,4,Fri,36,3
2015-09-08,2015,9,Sep,1,Tue,37,3
2015-09-09,2015,9,Sep,2,Wed,37,3
2015-09-10,2015,9,Sep,3,Thu,37,3
2015-09-11,2015,9,Sep,4,Fri,37,3
2015-09-14,2015,9,Sep,0,Mon,38,3
2015-09-15,2015,9,Sep,1,Tue,38,3
2015-09-16,2015,9,Sep,2,Wed,38,3
2015-09-17,2015,9,Sep,3,Thu,38,3
2015-09-18,2015,9,Sep,4,Fri,38,3
2015-09-21,2015,9,Sep,0,Mon,39,3
2015-09-22,2015,9,Sep,1,Tue,39,3
2015-09-23,2015,9,Sep,2,Wed,39,3
2015-09-24,2015,9,Sep,3,Thu,39,3
2015-09-25,2015,9,Sep,4,Fri,39,3
2015-09-28,2015,9,Sep,0,Mon,40,3
2015-09-29,2015,9,Sep,1,Tue,40,3
2015-09-30,2015,9,Sep,2,Wed,40,3
2015-10-01,2015,10,Oct,3,Thu,40,4
2015-10-02,2015,10,Oct,4,Fri,40,4
2015-10-05,2015,10,Oct,0,Mon,41,4
2015-10-06,2015,10,Oct,1,Tue,41,4
2015-10-07,2015,10,Oct,2,Wed,41,4
2015-10-08,2015,10,Oct,3,Thu,41,4
2015-10-09,2015,10,Oct,4,Fri,41,4
2015-10-12,2015,10,Oct,0,Mon,42,4
2015-10-13,2015,10,Oct,1,Tue,42,4
2015-10-14,2015,10,Oct,2,Wed,42,4
2015-10-15,2015,10,Oct,3,Thu,42,4
2015-10-16,2015,10,Oct,4,Fri,42,4
2015-10-19,2015,10,Oct,0,Mon,43,4
2015-10-20,2015,10,Oct,1,Tue,43,4
2015-10-21,2015,10,Oct,2,Wed,43,4
2015-10-22,2015,10,Oct,3,Thu,43,4
2015-10-23,2015,10,Oct,4,Fri,43,4
2015-10-26,2015,10,Oct,0,Mon,44,4
2015-10-27,2015,10,Oct,1,Tue,44,4
2015-10-28,2015,10,Oct,2,Wed,44,4
2015-10-29,2015,10,Oct,3,Thu,44,4
2015-10-30,2015,10,Oct,4,Fri,44,4
2015-11-02,2015,11,Nov,0,Mon,45,4
2015-11-03,2015,11,Nov,1,Tue,45,4
2015-11-04,2015,11,Nov,2,Wed,45,4
2015-11-05,2015,11,Nov,3,Thu,45,4
2015-11-06,2015,11,Nov,4,Fri,45,4
2015-11-09,2015,11,Nov,0,Mon,46,4
2015-11-10,2015,11,Nov,1,Tue,46,4
2015-11-11,2015,11,Nov,2,Wed,46,4
2015-11-12,2015,11,Nov,3,Thu,46,4
2015-11-13,2015,11,Nov,4,Fri,46,4
2015-11-16,2015,11,Nov,0,Mon,47,4
2015-11-17,2015,11,Nov,1,Tue,47,4
2015-11-18,2015,11,Nov,2,Wed,47,4
2015-11-19,2015,11,Nov,3,Thu,47,4
2015-11-20,2015,11,Nov,4,Fri,47,4
2015-11-23,2015,11,Nov,0,Mon,48,4
2015-11-24,2015,11,Nov,1,Tue,48,4
2015-11-25,2015,11,Nov,2,Wed,48,4
2015-11-27,2015,11,Nov,4,Fri,48,4
2015-11-30,2015,11,Nov,0,Mon,49,4
2015-12-01,2015,12,Dec,1,Tue,49,4
2015-12-02,2015,12,Dec,2,Wed,49,4
2015-12-03,2015,12,Dec,3,Thu,49,4
2015-12-04,2015,12,Dec,4,Fri,49,4
2015-12-07,2015,12,Dec,0,Mon,50,4
2015-12-08,2015,12,Dec,1,Tue,50,4
2015-12-09,2015,12,Dec,2,Wed,50,4
2015-12-10,2015,12,Dec,3,Thu,50,4
2015-12-11,2015,12,Dec,4,Fri,50,4
2015-12-14,2015,12,Dec,0,Mon,51,4
2015-12-15,2015,12,Dec,1,Tue,51,4
2015-12-16,2015,12,Dec,2,Wed,51,4
2015-12-17,2015,12,Dec,3,Thu,51,4
2015-12-18,2015,12,Dec,4,Fri,51,4
2015-12-21,2015,12,Dec,0,Mon,52,4
2015-12-22,2015,12,Dec,1,Tue,52,4
2015-12-23,2015,12,Dec,2,Wed,52,4
2015-12-24,2015,12,Dec,3,Thu,52,4
2015-12-28,2015,12,Dec,0,Mon,53,4
2015-12-29,2015,12,Dec,1,Tue,53,4
2015-12-30,2015,12,Dec,2,Wed,53,4
2015-12-31,2015,12,Dec,3,Thu,53,4
2016-01-04,2016,1,Jan,0,Mon,1,1
2016-01-05,2016,1,Jan,1,Tue,1,1
2016-01-06,2016,1,Jan,2,Wed,1,1
2016-01-07,2016,1,Jan,3,Thu,1,1
2016-01-08,2016,1,Jan,4,Fri,1,1
2016-01-11,2016,1,Jan,0,Mon,2,1
2016-01-12,2016,1,Jan,1,Tue,2,1
2016-01-13,2016,1,Jan,2,Wed,2,1
2016-01-14,2016,1,Jan,3,Thu,2,1
2016-01-15,2016,1,Jan,4,Fri,2,1
2016-01-19,2016,1,Jan,1,Tue,3,1
2016-01-20,2016,1,Jan,2,Wed,3,1
2016-01-21,2016,1,Jan,3,Thu,3,1
2016-01-22,2016,1,Jan,4,Fri,3,1
2016-01-25,2016,1,Jan,0,Mon,4,1
2016-01-26,2016,1,Jan,1,Tue,4,1
2016-01-27,2016,1,Jan,2,Wed,4,1
2016-01-28,2016,1,Jan,3,Thu,4,1
2016-01-29,2016,1,Jan,4,Fri,4,1
2016-02-01,2016,2,Feb,0,Mon,5,1
2016-02-02,2016,2,Feb,1,Tue,5,1
2016-02-03,2016,2,Feb,2,Wed,5,1
2016-02-04,2016,2,Feb,3,Thu,5,1
2016-02-05,2016,2,Feb,4,Fri,5,1
2016-02-08,2016,2,Feb,0,Mon,6,1
2016-02-09,2016,2,Feb,1,Tue,6,1
2016-02-10,2016,2,Feb,2,Wed,6,1
2016-02-11,2016,2,Feb,3,Thu,6,1
2016-02-12,2016,2,Feb,4,Fri,6,1
2016-02-16,2016,2,Feb,1,Tue,7,1
2016-02-17,2016,2,Feb,2,Wed,7,1
2016-02-18,2016,2,Feb,3,Thu,7,1
2016-02-19,2016,2,Feb,4,Fri,7,1
2016-02-22,2016,2,Feb,0,Mon,8,1
2016-02-23,2016,2,Feb,1,Tue,8,1
2016-02-24,2016,2,Feb,2,Wed,8,1
2016-02-25,2016,2,Feb,3,Thu,8,1
2016-02-26,2016,2,Feb,4,Fri,8,1
2016-02-29,2016,2,Feb,0,Mon,9,1
2016-03-01,2016,3,Mar,1,Tue,9,1
2016-03-02,2016,3,Mar,2,Wed,9,1
2016-03-03,2016,3,Mar,3,Thu,9,1
2016-03-04,2016,3,Mar,4,Fri,9,1
2016-03-07,2016,3,Mar,0,Mon,10,1
2016-03-08,2016,3,Mar,1,Tue,10,1
2016-03-09,2016,3,Mar,2,Wed,10,1
2016-03-10,2016,3,Mar,3,Thu,10,1
2016-03-11,2016,3,Mar,4,Fri,10,1
2016-03-14,2016,3,Mar,0,Mon,11,1
2016-03-15,2016,3,Mar,1,Tue,11,1
2016-03-16,2016,3,Mar,2,Wed,11,1
2016-03-17,2016,3,Mar,3,Thu,11,1
2016-03-18,2016,3,Mar,4,Fri,11,1
2016-03-21,2016,3,Mar,0,Mon,12,1
2016-03-22,2016,3,Mar,1,Tue,12,1
2016-03-23,2016,3,Mar,2,Wed,12,1
2016-03-24,2016,3,Mar,3,Thu,12,1
2016-03-28,2016,3,Mar,0,Mon,13,1
2016-03-29,2016,3,Mar,1,Tue,13,1
2016-03-30,2016,3,Mar,2,Wed,13,1
2016-03-31,2016,3,Mar,3,Thu,13,1
2016-04-01,2016,4,Apr,4,Fri,13,2
2016-04-04,2016,4,Apr,0,Mon,14,2
2016-04-05,2016,4,Apr,1,Tue,14,2
2016-04-06,2016,4,Apr,2,Wed,14,2
2016-04-07,2016,4,Apr,3,Thu,14,2
2016-04-08,2016,4,Apr,4,Fri,14,2
2016-04-11,2016,4,Apr,0,Mon,15,2
2016-04-12,2016,4,Apr,1,Tue,15,2
2016-04-13,2016,4,Apr,2,Wed,15,2
2016-04-14,2016,4,Apr,3,Thu,15,2
2016-04-15,2016,4,Apr,4,Fri,15,2
2016-04-18,2016,4,Apr,0,Mon,16,2
2016-04-19,2016,4,Apr,1,Tue,16,2
2016-04-20,2016,4,Apr,2,Wed,16,2
2016-04-21,2016,4,Apr,3,Thu,16,2
2016-04-22,2016,4,Apr,4,Fri,16,2
2016-04-25,2016,4,Apr,0,Mon,17,2
2016-04-26,2016,4,Apr,1,Tue,17,2
2016-04-27,2016,4,Apr,2,Wed,17,2
2016-04-28,2016,4,Apr,3,Thu,17,2
2016-04-29,2016,4,Apr,4,Fri,17,2
2016-05-02,2016,5,May,0,Mon,18,2
2016-05-03,2016,5,May,1,Tue,18,2
2016-05-04,2016,5,May,2,Wed,18,2
2016-05-05,2016,5,May,3,Thu,18,2
2016-05-06,2016,5,May,4,Fri,18,2
2016-05-09,2016,5,May,0,Mon,19,2
2016-05-10,2016,5,May,1,Tue,19,2
2016-05-11,2016,5,May,2,Wed,19,2
2016-05-12,2016,5,May,3,Thu,19,2
2016-05-13,2016,5,May,4,Fri,19,2
2016-05-16,2016,5,May,0,Mon,20,2
2016-05-17,2016,5,May,1,Tue,20,2
2016-05-18,2016,5,May,2,Wed,20,2
2016-05-19,2016,5,May,3,Thu,20,2
2016-05-20,2016,5,May,4,Fri,20,2
2016-05-23,2016,5,May,0,Mon,21,2
2016-05-24,2016,5,May,1,Tue,21,2
2016-05-25,2016,5,May,2,Wed,21,2
2016-05-26,2016,5,May,3,Thu,21,2
2016-05-27,2016,5,May,4,Fri,21,2
2016-05-31,2016,5,May,1,Tue,22,2
2016-06-01,2016,6,Jun,2,Wed,22,2
2016-06-02,2016,6,Jun,3,Thu,22,2
2016-06-03,2016,6,Jun,4,Fri,22,2
2016-06-06,2016,6,Jun,0,Mon,23,2
2016-06-07,2016,6,Jun,1,Tue,23,2
2016-06-08,2016,6,Jun,2,Wed,23,2
2016-06-09,2016,6,Jun,3,Thu,23,2
2016-06-10,2016,6,Jun,4,Fri,23,2
2016-06-13,2016,6,Jun,0,Mon,24,2
2016-06-14,2016,6,Jun,1,Tue,24,2
2016-06-15,2016,6,Jun,2,Wed,24,2
2016-06-16,2016,6,Jun,3,Thu,24,2
2016-06-17,2016,6,Jun,4,Fri,24,2
2016-06-20,2016,6,Jun,0,Mon,25,2
2016-06-21,2016,6,Jun,1,Tue,25,2
2016-06-22,2016,6,Jun,2,Wed,25,2
2016-06-23,2016,6,Jun,3,Thu,25,2
2016-06-24,2016,6,Jun,4,Fri,25,2
2016-06-27,2016,6,Jun,0,Mon,26,2
2016-06-28,2016,6,Jun,1,Tue,26,2
2016-06-29,2016,6,Jun,2,Wed,26,2
2016-06-30,2016,6,Jun,3,Thu,26,2
2016-07-01,2016,7,Jul,4,Fri,26,3
2016-07-05,2016,7,Jul,1,Tue,27,3
2016-07-06,2016,7,Jul,2,Wed,27,3
2016-07-07,2016,7,Jul,3,Thu,27,3
2016-07-08,2016,7,Jul,4,Fri,27,3
2016-07-11,2016,7,Jul,0,Mon,28,3
2016-07-12,2016,7,Jul,1,Tue,28,3
2016-07-13,2016,7,Jul,2,Wed,28,3
2016-07-14,2016,7,Jul,3,Thu,28,3
2016-07-15,2016,7,Jul,4,Fri,28,3
2016-07-18,2016,7,Jul,0,Mon,29,3
2016-07-19,2016,7,Jul,1,Tue,29,3
2016-07-20,2016,7,Jul,2,Wed,29,3
2016-07-21,2016,7,Jul,3,Thu,29,3
2016-07-22,2016,7,Jul,4,Fri,29,3
2016-07-25,2016,7,Jul,0,Mon,30,3
2016-07-26,2016,7,Jul,1,Tue,30,3
2016-07-27,2016,7,Jul,2,Wed,30,3
2016-07-28,2016,7,Jul,3,Thu,30,3
2016-07-29,2016,7,Jul,4,Fri,30,3
2016-08-01,2016,8,Aug,0,Mon,31,3
2016-08-02,2016,8,Aug,1,Tue,31,3
2016-08-03,2016,8,Aug,2,Wed,31,3
2016-08-04,2016,8,Aug,3,Thu,31,3
2016-08-05,2016,8,Aug,4,Fri,31,3
2016-08-08,2016,8,Aug,0,Mon,32,3
2016-08-09,2016,8,Aug,1,Tue,32,3
2016-08-10,2016,8,Aug,2,Wed,32,3
2016-08-11,2016,8,Aug,3,Thu,32,3
2016-08-12,2016,8,Aug,4,Fri,32,3
2016-08-15,2016,8,Aug,0,Mon,33,3
2016-08-16,2016,8,Aug,1,Tue,33,3
2016-08-17,2016,8,Aug,2,Wed,33,3
2016-08-18,2016,8,Aug,3,Thu,33,3
2016-08-19,2016,8,Aug,4,Fri,33,3
2016-08-22,2016,8,Aug,0,Mon,34,3
2016-08-23,2016,8,Aug,1,Tue,34,3
2016-08-24,2016,8,Aug,2,Wed,34,3
2016-08-25,2016,8,Aug,3,Thu,34,3
2016-08-26,2016,8,Aug,4,Fri,34,3
2016-08-29,2016,8,Aug,0,Mon,35,3
2016-08-30,2016,8,Aug,1,Tue,35,3
2016-08-31,2016,8,Aug,2,Wed,35,3
2016-09-01,2016,9,Sep,3,Thu,35,3
2016-09-02,2016,9,Sep,4,Fri,35,3
2016-09-06,2016,9,Sep,1,Tue,36,3
2016-09-07,2016,9,Sep,2,Wed,36,3
2016-09-08,2016,9,Sep,3,Thu,36,3
2016-09-09,2016,9,Sep,4,Fri,36,3
2016-09-12,2016,9,Sep,0,Mon,37,3
2016-09-13,2016,9,Sep,1,Tue,37,3
2016-09-14,2016,9,Sep,2,Wed,37,3
2016-09-15,2016,9,Sep,3,Thu,37,3
2016-09-16,2016,9,Sep,4,Fri,37,3
2016-09-19,2016,9,Sep,0,Mon,38,3
2016-09-20,2016,9,Sep,1,Tue,38,3
2016-09-21,2016,9,Sep,2,Wed,38,3
2016-09-22,2016,9,Sep,3,Thu,38,3
2016-09-23,2016,9,Sep,4,Fri,38,3
2016-09-26,2016,9,Sep,0,Mon,39,3
2016-09-27,2016,9,Sep,1,Tue,39,3
2016-09-28,2016,9,Sep,2,Wed,39,3
2016-09-29,2016,9,Sep,3,Thu,39,3
2016-09-30,2016,9,Sep,4,Fri,39,3
2016-10-03,2016,10,Oct,0,Mon,40,4
2016-10-04,2016,10,Oct,1,Tue,40,4
2016-10-05,2016,10,Oct,2,Wed,40,4
2016-10-06,2016,10,Oct,3,Thu,40,4
2016-10-07,2016,10,Oct,4,Fri,40,4
2016-10-10,2016,10,Oct,0,Mon,41,4
2016-10-11,2016,10,Oct,1,Tue,41,4
2016-10-12,2016,10,Oct,2,Wed,41,4
2016-10-13,2016,10,Oct,3,Thu,41,4
2016-10-14,2016,10,Oct,4,Fri,41,4
2016-10-17,2016,10,Oct,0,Mon,42,4
2016-10-18,2016,10,Oct,1,Tue,42,4
2016-10-19,2016,10,Oct,2,Wed,42,4
2016-10-20,2016,10,Oct,3,Thu,42,4
2016-10-21,2016,10,Oct,4,Fri,42,4
2016-10-24,2016,10,Oct,0,Mon,43,4
2016-10-25,2016,10,Oct,1,Tue,43,4
2016-10-26,2016,10,Oct,2,Wed,43,4
2016-10-27,2016,10,Oct,3,Thu,43,4
2016-10-28,2016,10,Oct,4,Fri,43,4
2016-10-31,2016,10,Oct,0,Mon,44,4
2016-11-01,2016,11,Nov,1,Tue,44,4
2016-11-02,2016,11,Nov,2,Wed,44,4
2016-11-03,2016,11,Nov,3,Thu,44,4
2016-11-04,2016,11,Nov,4,Fri,44,4
2016-11-07,2016,11,Nov,0,Mon,45,4
2016-11-08,2016,11,Nov,1,Tue,45,4
2016-11-09,2016,11,Nov,2,Wed,45,4
2016-11-10,2016,11,Nov,3,Thu,45,4
2016-11-11,2016,11,Nov,4,Fri,45,4
2016-11-14,2016,11,Nov,0,Mon,46,4
2016-11-15,2016,11,Nov,1,Tue,46,4
2016-11-16,2016,11,Nov,2,Wed,46,4
2016-11-17,2016,11,Nov,3,Thu,46,4
2016-11-18,2016,11,Nov,4,Fri,46,4
2016-11-21,2016,11,Nov,0,Mon,47,4
2016-11-22,2016,11,Nov,1,Tue,47,4
2016-11-23,2016,11,Nov,2,Wed,47,4
2016-11-25,2016,11,Nov,4,Fri,47,4
2016-11-28,2016,11,Nov,0,Mon,48,4
2016-11-29,2016,11,Nov,1,Tue,48,4
2016-11-30,2016,11,Nov,2,Wed,48,4
2016-12-01,2016,12,Dec,3,Thu,48,4
2016-12-02,2016,12,Dec,4,Fri,48,4
2016-12-05,2016,12,Dec,0,Mon,49,4
2016-12-06,2016,12,Dec,1,Tue,49,4
2016-12-07,2016,12,Dec,2,Wed,49,4
2016-12-08,2016,12,Dec,3,Thu,49,4
2016-12-09,2016,12,Dec,4,Fri,49,4
2016-12-12,2016,12,Dec,0,Mon,50,4
2016-12-13,2016,12,Dec,1,Tue,50,4
2016-12-14,2016,12,Dec,2,Wed,50,4
2016-12-15,2016,12,Dec,3,Thu,50,4
2016-12-16,2016,12,Dec,4,Fri,50,4
2016-12-19,2016,12,Dec,0,Mon,51,4
2016-12-20,2016,12,Dec,1,Tue,51,4
2016-12-21,2016,12,Dec,2,Wed,51,4
2016-12-22,2016,12,Dec,3,Thu,51,4
2016-12-23,2016,12,Dec,4,Fri,51,4
2016-12-27,2016,12,Dec,1,Tue,52,4
2016-12-28,2016,12,Dec,2,Wed,52,4
2016-12-29,2016,12,Dec,3,Thu,52,4
2016-12-30,2016,12,Dec,4,Fri,52,4
2017-01-03,2017,1,Jan,1,Tue,1,1
2017-01-04,2017,1,Jan,2,Wed,1,1
2017-01-05,2017,1,Jan,3,Thu,1,1
2017-01-06,2017,1,Jan,4,Fri,1,1
2017-01-09,2017,1,Jan,0,Mon,2,1
2017-01-10,2017,1,Jan,1,Tue,2,1
2017-01-11,2017,1,Jan,2,Wed,2,1
2017-01-12,2017,1,Jan,3,Thu,2,1
2017-01-13,2017,1,Jan,4,Fri,2,1
2017-01-17,2017,1,Jan,1,Tue,3,1
2017-01-18,2017,1,Jan,2,Wed,3,1
2017-01-19,2017,1,Jan,3,Thu,3,1
2017-01-20,2017,1,Jan,4,Fri,3,1
2017-01-23,2017,1,Jan,0,Mon,4,1
2017-01-24,2017,1,Jan,1,Tue,4,1
2017-01-25,2017,1,Jan,2,Wed,4,1
2017-01-26,2017,1,Jan,3,Thu,4,1
2017-01-27,2017,1,Jan,4,Fri,4,1
2017-01-30,2017,1,Jan,0,Mon,5,1
2017-01-31,2017,1,Jan,1,Tue,5,1
2017-02-01,2017,2,Feb,2,Wed,5,1
2017-02-02,2017,2,Feb,3,Thu,5,1
2017-02-03,2017,2,Feb,4,Fri,5,1
2017-02-06,2017,2,Feb,0,Mon,6,1
2017-02-07,2017,2,Feb,1,Tue,6,1
2017-02-08,2017,2,Feb,2,Wed,6,1
2017-02-09,2017,2,Feb,3,Thu,6,1
2017-02-10,2017,2,Feb,4,Fri,6,1
2017-02-13,2017,2,Feb,0,Mon,7,1
2017-02-14,2017,2,Feb,1,Tue,7,1
2017-02-15,2017,2,Feb,2,Wed,7,1
2017-02-16,2017,2,Feb,3,Thu,7,1
2017-02-17,2017,2,Feb,4,Fri,7,1
2017-02-21,2017,2,Feb,1,Tue,8,1
2017-02-22,2017,2,Feb,2,Wed,8,1
2017-02-23,2017,2,Feb,3,Thu,8,1
2017-02-24,2017,2,Feb,4,Fri,8,1
2017-02-27,2017,2,Feb,0,Mon,9,1
2017-02-28,2017,2,Feb,1,Tue,9,1
2017-03-01,2017,3,Mar,2,Wed,9,1
2017-03-02,2017,3,Mar,3,Thu,9,1
2017-03-03,2017,3,Mar,4,Fri,9,1
2017-03-06,2017,3,Mar,0,Mon,10,1
2017-03-07,2017,3,Mar,1,Tue,10,1
2017-03-08,2017,3,Mar,2,Wed,10,1
2017-03-09,2017,3,Mar,3,Thu,10,1
2017-03-10,2017,3,Mar,4,Fri,10,1
2017-03-13,2017,3,Mar,0,Mon,11,1
2017-03-14,2017,3,Mar,1,Tue,11,1
2017-03-15,2017,3,Mar,2,Wed,11,1
2017-03-16,2017,3,Mar,3,Thu,11,1
2017-03-17,2017,3,Mar,4,Fri,11,1
2017-03-20,2017,3,Mar,0,Mon,12,1
2017-03-21,2017,3,Mar,1,Tue,12,1
2017-03-22,2017,3,Mar,2,Wed,12,1
2017-03-23,2017,3,Mar,3,Thu,12,1
2017-03-24,2017,3,Mar,4,Fri,12,1
2017-03-27,2017,3,Mar,0,Mon,13,1
2017-03-28,2017,3,Mar,1,Tue,13,1
2017-03-29,2017,3,Mar,2,Wed,13,1
2017-03-30,2017,3,Mar,3,Thu,13,1
2017-03-31,2017,3,Mar,4,Fri,13,1
2017-04-03,2017,4,Apr,0,Mon,14,2
2017-04-04,2017,4,Apr,1,Tue,14,2
2017-04-05,2017,4,Apr,2,Wed,14,2
2017-04-06,2017,4,Apr,3,Thu,14,2
2017-04-07,2017,4,Apr,4,Fri,14,2
2017-04-10,2017,4,Apr,0,Mon,15,2
2017-04-11,2017,4,Apr,1,Tue,15,2
2017-04-12,2017,4,Apr,2,Wed,15,2
2017-04-13,2017,4,Apr,3,Thu,15,2
2017-04-17,2017,4,Apr,0,Mon,16,2
2017-04-18,2017,4,Apr,1,Tue,16,2
2017-04-19,2017,4,Apr,2,Wed,16,2
2017-04-20,2017,4,Apr,3,Thu,16,2
2017-04-21,2017,4,Apr,4,Fri,16,2
2017-04-24,2017,4,Apr,0,Mon,17,2
2017-04-25,2017,4,Apr,1,Tue,17,2
2017-04-26,2017,4,Apr,2,Wed,17,2
2017-04-27,2017,4,Apr,3,Thu,17,2
2017-04-28,2017,4,Apr,4,Fri,17,2
2017-05-01,2017,5,May,0,Mon,18,2
2017-05-02,2017,5,May,1,Tue,18,2
2017-05-03,2017,5,May,2,Wed,18,2
2017-05-04,2017,5,May,3,Thu,18,2
2017-05-05,2017,5,May,4,Fri,18,2
2017-05-08,2017,5,May,0,Mon,19,2
2017-05-09,2017,5,May,1,Tue,19,2
2017-05-10,2017,5,May,2,Wed,19,2
2017-05-11,2017,5,May,3,Thu,19,2
2017-05-12,2017,5,May,4,Fri,19,2
2017-05-15,2017,5,May,0,Mon,20,2
2017-05-16,2017,5,May,1,Tue,20,2
2017-05-17,2017,5,May,2,Wed,20,2
2017-05-18,2017,5,May,3,Thu,20,2
2017-05-19,2017,5,May,4,Fri,20,2
2017-05-22,2017,5,May,0,Mon,21,2
2017-05-23,2017,5,May,1,Tue,21,2
2017-05-24,2017,5,May,2,Wed,21,2
2017-05-25,2017,5,May,3,Thu,21,2
2017-05-26,2017,5,May,4,Fri,21,2
2017-05-30,2017,5,May,1,Tue,22,2
2017-05-31,2017,5,May,2,Wed,22,2
2017-06-01,2017,6,Jun,3,Thu,22,2
2017-06-02,2017,6,Jun,4,Fri,22,2
2017-06-05,2017,6,Jun,0,Mon,23,2
2017-06-06,2017,6,Jun,1,Tue,23,2
2017-06-07,2017,6,Jun,2,Wed,23,2
2017-06-08,2017,6,Jun,3,Thu,23,2
2017-06-09,2017,6,Jun,4,Fri,23,2
2017-06-12,2017,6,Jun,0,Mon,24,2
2017-06-13,2017,6,Jun,1,Tue,24,2
2017-06-14,2017,6,Jun,2,Wed,24,2
2017-06-15,2017,6,Jun,3,Thu,24,2
2017-06-16,2017,6,Jun,4,Fri,24,2
2017-06-19,2017,6,Jun,0,Mon,25,2
2017-06-20,2017,6,Jun,1,Tue,25,2
2017-06-21,2017,6,Jun,2,Wed,25,2
2017-06-22,2017,6,Jun,3,Thu,25,2
2017-06-23,2017,6,Jun,4,Fri,25,2
2017-06-26,2017,6,Jun,0,Mon,26,2
2017-06-27,2017,6,Jun,1,Tue,26,2
2017-06-28,2017,6,Jun,2,Wed,26,2
2017-06-29,2017,6,Jun,3,Thu,26,2
2017-06-30,2017,6,Jun,4,Fri,26,2
2017-07-03,2017,7,Jul,0,Mon,27,3
2017-07-05,2017,7,Jul,2,Wed,27,3
2017-07-06,2017,7,Jul,3,Thu,27,3
2017-07-07,2017,7,Jul,4,Fri,27,3
2017-07-10,2017,7,Jul,0,Mon,28,3
2017-07-11,2017,7,Jul,1,Tue,28,3
2017-07-12,2017,7,Jul,2,Wed,28,3
2017-07-13,2017,7,Jul,3,Thu,28,3
2017-07-14,2017,7,Jul,4,Fri,28,3
2017-07-17,2017,7,Jul,0,Mon,29,3
2017-07-18,2017,7,Jul,1,Tue,29,3
2017-07-19,2017,7,Jul,2,Wed,29,3
2017-07-20,2017,7,Jul,3,Thu,29,3
2017-07-21,2017,7,Jul,4,Fri,29,3
2017-07-24,2017,7,Jul,0,Mon,30,3
2017-07-25,2017,7,Jul,1,Tue,30,3
2017-07-26,2017,7,Jul,2,Wed,30,3
2017-07-27,2017,7,Jul,3,Thu,30,3
2017-07-28,2017,7,Jul,4,Fri,30,3
2017-07-31,2017,7,Jul,0,Mon,31,3
2017-08-01,2017,8,Aug,1,Tue,31,3
2017-08-02,2017,8,Aug,2,Wed,31,3
2017-08-03,2017,8,Aug,3,Thu,31,3
2017-08-04,2017,8,Aug,4,Fri,31,3
2017-08-07,2017,8,Aug,0,Mon,32,3
2017-08-08,2017,8,Aug,1,Tue,32,3
2017-08-09,2017,8,Aug,2,Wed,32,3
2017-08-10,2017,8,Aug,3,Thu,32,3
2017-08-11,2017,8,Aug,4,Fri,32,3
2017-08-14,2017,8,Aug,0,Mon,33,3
2017-08-15,2017,8,Aug,1,Tue,33,3
2017-08-16,2017,8,Aug,2,Wed,33,3
2017-08-17,2017,8,Aug,3,Thu,33,3
2017-08-18,2017,8,Aug,4,Fri,33,3
2017-08-21,2017,8,Aug,0,Mon,34,3
2017-08-22,2017,8,Aug,1,Tue,34,3
2017-08-23,2017,8,Aug,2,Wed,34,3
2017-08-24,2017,8,Aug,3,Thu,34,3
2017-08-25,2017,8,Aug,4,Fri,34,3
2017-08-28,2017,8,Aug,0,Mon,35,3
2017-08-29,2017,8,Aug,1,Tue,35,3
2017-08-30,2017,8,Aug,2,Wed,35,3
2017-08-31,2017,8,Aug,3,Thu,35,3
2017-09-01,2017,9,Sep,4,Fri,35,3
2017-09-05,2017,9,Sep,1,Tue,36,3
2017-09-06,2017,9,Sep,2,Wed,36,3
2017-09-07,2017,9,Sep,3,Thu,36,3
2017-09-08,2017,9,Sep,4,Fri,36,3
2017-09-11,2017,9,Sep,0,Mon,37,3
2017-09-12,2017,9,Sep,1,Tue,37,3
2017-09-13,2017,9,Sep,2,Wed,37,3
2017-09-14,2017,9,Sep,3,Thu,37,3
2017-09-15,2017,9,Sep,4,Fri,37,3
2017-09-18,2017,9,Sep,0,Mon,38,3
2017-09-19,2017,9,Sep,1,Tue,38,3
2017-09-20,2017,9,Sep,2,Wed,38,3
2017-09-21,2017,9,Sep,3,Thu,38,3
2017-09-22,2017,9,Sep,4,Fri,38,3
2017-09-25,2017,9,Sep,0,Mon,39,3
2017-09-26,2017,9,Sep,1,Tue,39,3
2017-09-27,2017,9,Sep,2,Wed,39,3
2017-09-28,2017,9,Sep,3,Thu,39,3
2017-09-29,2017,9,Sep,4,Fri,39,3
2017-10-02,2017,10,Oct,0,Mon,40,4
2017-10-03,2017,10,Oct,1,Tue,40,4
2017-10-04,2017,10,Oct,2,Wed,40,4
2017-10-05,2017,10,Oct,3,Thu,40,4
2017-10-06,2017,10,Oct,4,Fri,40,4
2017-10-09,2017,10,Oct,0,Mon,41,4
2017-10-10,2017,10,Oct,1,Tue,41,4
2017-10-11,2017,10,Oct,2,Wed,41,4
2017-10-12,2017,10,Oct,3,Thu,41,4
2017-10-13,2017,10,Oct,4,Fri,41,4
2017-10-16,2017,10,Oct,0,Mon,42,4
2017-10-17,2017,10,Oct,1,Tue,42,4
2017-10-18,2017,10,Oct,2,Wed,42,4
2017-10-19,2017,10,Oct,3,Thu,42,4
2017-10-20,2017,10,Oct,4,Fri,42,4
2017-10-23,2017,10,Oct,0,Mon,43,4
2017-10-24,2017,10,Oct,1,Tue,43,4
2017-10-25,2017,10,Oct,2,Wed,43,4
2017-10-26,2017,10,Oct,3,Thu,43,4
2017-10-27,2017,10,Oct,4,Fri,43,4
2017-10-30,2017,10,Oct,0,Mon,44,4
2017-10-31,2017,10,Oct,1,Tue,44,4
2017-11-01,2017,11,Nov,2,Wed,44,4
2017-11-02,2017,11,Nov,3,Thu,44,4
2017-11-03,2017,11,Nov,4,Fri,44,4
2017-11-06,2017,11,Nov,0,Mon,45,4
2017-11-07,2017,11,Nov,1,Tue,45,4
2017-11-08,2017,11,Nov,2,Wed,45,4
2017-11-09,2017,11,Nov,3,Thu,45,4
2017-11-10,2017,11,Nov,4,Fri,45,4
2017-11-13,2017,11,Nov,0,Mon,46,4
2017-11-14,2017,11,Nov,1,Tue,46,4
2017-11-15,2017,11,Nov,2,Wed,46,4
2017-11-16,2017,11,Nov,3,Thu,46,4
2017-11-17,2017,11,Nov,4,Fri,46,4
2017-11-20,2017,11,Nov,0,Mon,47,4
2017-11-21,2017,11,Nov,1,Tue,47,4
2017-11-22,2017,11,Nov,2,Wed,47,4
2017-11-24,2017,11,Nov,4,Fri,47,4
2017-11-27,2017,11,Nov,0,Mon,48,4
2017-11-28,2017,11,Nov,1,Tue,48,4
2017-11-29,2017,11,Nov,2,Wed,48,4
2017-11-30,2017,11,Nov,3,Thu,48,4
2017-12-01,2017,12,Dec,4,Fri,48,4
2017-12-04,2017,12,Dec,0,Mon,49,4
2017-12-05,2017,12,Dec,1,Tue,49,4
2017-12-06,2017,12,Dec,2,Wed,49,4
2017-12-07,2017,12,Dec,3,Thu,49,4
2017-12-08,2017,12,Dec,4,Fri,49,4
2017-12-11,2017,12,Dec,0,Mon,50,4
2017-12-12,2017,12,Dec,1,Tue,50,4
2017-12-13,2017,12,Dec,2,Wed,50,4
2017-12-14,2017,12,Dec,3,Thu,50,4
2017-12-15,2017,12,Dec,4,Fri,50,4
2017-12-18,2017,12,Dec,0,Mon,51,4
2017-12-19,2017,12,Dec,1,Tue,51,4
2017-12-20,2017,12,Dec,2,Wed,51,4
2017-12-21,2017,12,Dec,3,Thu,51,4
2017-12-22,2017,12,Dec,4,Fri,51,4
2017-12-26,2017,12,Dec,1,Tue,52,4
2017-12-27,2017,12,Dec,2,Wed,52,4
2017-12-28,2017,12,Dec,3,Thu,52,4
2017-12-29,2017,12,Dec,4,Fri,52,4
2018-01-02,2018,1,Jan,1,Tue,1,1
2018-01-03,2018,1,Jan,2,Wed,1,1
2018-01-04,2018,1,Jan,3,Thu,1,1
2018-01-05,2018,1,Jan,4,Fri,1,1
2018-01-08,2018,1,Jan,0,Mon,2,1
2018-01-09,2018,1,Jan,1,Tue,2,1
2018-01-10,2018,1,Jan,2,Wed,2,1
2018-01-11,2018,1,Jan,3,Thu,2,1
2018-01-12,2018,1,Jan,4,Fri,2,1
2018-01-16,2018,1,Jan,1,Tue,3,1
2018-01-17,2018,1,Jan,2,Wed,3,1
2018-01-18,2018,1,Jan,3,Thu,3,1
2018-01-19,2018,1,Jan,4,Fri,3,1
2018-01-22,2018,1,Jan,0,Mon,4,1
2018-01-23,2018,1,Jan,1,Tue,4,1
2018-01-24,2018,1,Jan,2,Wed,4,1
2018-01-25,2018,1,Jan,3,Thu,4,1
2018-01-26,2018,1,Jan,4,Fri,4,1
2018-01-29,2018,1,Jan,0,Mon,5,1
2018-01-30,2018,1,Jan,1,Tue,5,1
2018-01-31,2018,1,Jan,2,Wed,5,1
2018-02-01,2018,2,Feb,3,Thu,5,1
2018-02-02,2018,2,Feb,4,Fri,5,1
2018-02-05,2018,2,Feb,0,Mon,6,1
2018-02-06,2018,2,Feb,1,Tue,6,1
2018-02-07,2018,2,Feb,2,Wed,6,1
2018-02-08,2018,2,Feb,3,Thu,6,1
2018-02-09,2018,2,Feb,4,Fri,6,1
2018-02-12,2018,2,Feb,0,Mon,7,1
2018-02-13,2018,2,Feb,1,Tue,7,1
2018-02-14,2018,2,Feb,2,Wed,7,1
2018-02-15,2018,2,Feb,3,Thu,7,1
2018-02-16,2018,2,Feb,4,Fri,7,1
2018-02-20,2018,2,Feb,1,Tue,8,1
2018-02-21,2018,2,Feb,2,Wed,8,1
2018-02-22,2018,2,Feb,3,Thu,8,1
2018-02-23,2018,2,Feb,4,Fri,8,1
2018-02-26,2018,2,Feb,0,Mon,9,1
2018-02-27,2018,2,Feb,1,Tue,9,1
2018-02-28,2018,2,Feb,2,Wed,9,1
2018-03-01,2018,3,Mar,3,Thu,9,1
2018-03-02,2018,3,Mar,4,Fri,9,1
2018-03-05,2018,3,Mar,0,Mon,10,1
2018-03-06,2018,3,Mar,1,Tue,10,1
2018-03-07,2018,3,Mar,2,Wed,10,1
2018-03-08,2018,3,Mar,3,Thu,10,1
2018-03-09,2018,3,Mar,4,Fri,10,1
2018-03-12,2018,3,Mar,0,Mon,11,1
2018-03-13,2018,3,Mar,1,Tue,11,1
2018-03-14,2018,3,Mar,2,Wed,11,1
2018-03-15,2018,3,Mar,3,Thu,11,1
2018-03-16,2018,3,Mar,4,Fri,11,1
2018-03-19,2018,3,Mar,0,Mon,12,1
2018-03-20,2018,3,Mar,1,Tue,12,1
2018-03-21,2018,3,Mar,2,Wed,12,1
2018-03-22,2018,3,Mar,3,Thu,12,1
2018-03-23,2018,3,Mar,4,Fri,12,1
2018-03-26,2018,3,Mar,0,Mon,13,1
2018-03-27,2018,3,Mar,1,Tue,13,1
2018-03-28,2018,3,Mar,2,Wed,13,1
2018-03-29,2018,3,Mar,3,Thu,13,1
2018-04-02,2018,4,Apr,0,Mon,14,2
2018-04-03,2018,4,Apr,1,Tue,14,2
2018-04-04,2018,4,Apr,2,Wed,14,2
2018-04-05,2018,4,Apr,3,Thu,14,2
2018-04-06,2018,4,Apr,4,Fri,14,2
2018-04-09,2018,4,Apr,0,Mon,15,2
2018-04-10,2018,4,Apr,1,Tue,15,2
2018-04-11,2018,4,Apr,2,Wed,15,2
2018-04-12,2018,4,Apr,3,Thu,15,2
2018-04-13,2018,4,Apr,4,Fri,15,2
2018-04-16,2018,4,Apr,0,Mon,16,2
2018-04-17,2018,4,Apr,1,Tue,16,2
2018-04-18,2018,4,Apr,2,Wed,16,2
2018-04-19,2018,4,Apr,3,Thu,16,2
2018-04-20,2018,4,Apr,4,Fri,16,2
2018-04-23,2018,4,Apr,0,Mon,17,2
2018-04-24,2018,4,Apr,1,Tue,17,2
2018-04-25,2018,4,Apr,2,Wed,17,2
2018-04-26,2018,4,Apr,3,Thu,17,2
2018-04-27,2018,4,Apr,4,Fri,17,2
2018-04-30,2018,4,Apr,0,Mon,18,2
2018-05-01,2018,5,May,1,Tue,18,2
2018-05-02,2018,5,May,2,Wed,18,2
2018-05-03,2018,5,May,3,Thu,18,2
2018-05-04,2018,5,May,4,Fri,18,2
2018-05-07,2018,5,May,0,Mon,19,2
2018-05-08,2018,5,May,1,Tue,19,2
2018-05-09,2018,5,May,2,Wed,19,2
2018-05-10,2018,5,May,3,Thu,19,2
2018-05-11,2018,5,May,4,Fri,19,2
2018-05-14,2018,5,May,0,Mon,20,2
2018-05-15,2018,5,May,1,Tue,20,2
2018-05-16,2018,5,May,2,Wed,20,2
2018-05-17,2018,5,May,3,Thu,20,2
2018-05-18,2018,5,May,4,Fri,20,2
2018-05-21,2018,5,May,0,Mon,21,2
2018-05-22,2018,5,May,1,Tue,21,2
2018-05-23,2018,5,May,2,Wed,21,2
2018-05-24,2018,5,May,3,Thu,21,2
2018-05-25,2018,5,May,4,Fri,21,2
2018-05-29,2018,5,May,1,Tue,22,2
2018-05-30,2018,5,May,2,Wed,22,2
2018-05-31,2018,5,May,3,Thu,22,2
2018-06-01,2018,6,Jun,4,Fri,22,2
2018-06-04,2018,6,Jun,0,Mon,23,2
2018-06-05,2018,6,Jun,1,Tue,23,2
2018-06-06,2018,6,Jun,2,Wed,23,2
2018-06-07,2018,6,Jun,3,Thu,23,2
2018-06-08,2018,6,Jun,4,Fri,23,2
2018-06-11,2018,6,Jun,0,Mon,24,2
2018-06-12,2018,6,Jun,1,Tue,24,2
2018-06-13,2018,6,Jun,2,Wed,24,2
2018-06-14,2018,6,Jun,3,Thu,24,2
2018-06-15,2018,6,Jun,4,Fri,24,2
2018-06-18,2018,6,Jun,0,Mon,25,2
2018-06-19,2018,6,Jun,1,Tue,25,2
2018-06-20,2018,6,Jun,2,Wed,25,2
2018-06-21,2018,6,Jun,3,Thu,25,2
2018-06-22,2018,6,Jun,4,Fri,25,2
2018-06-25,2018,6,Jun,0,Mon,26,2
2018-06-26,2018,6,Jun,1,Tue,26,2
2018-06-27,2018,6,Jun,2,Wed,26,2
2018-06-28,2018,6,Jun,3,Thu,26,2
2018-06-29,2018,6,Jun,4,Fri,26,2
2018-07-02,2018,7,Jul,0,Mon,27,3
2018-07-03,2018,7,Jul,1,Tue,27,3
2018-07-05,2018,7,Jul,3,Thu,27,3
2018-07-06,2018,7,Jul,4,Fri,27,3
2018-07-09,2018,7,Jul,0,Mon,28,3
2018-07-10,2018,7,Jul,1,Tue,28,3
2018-07-11,2018,7,Jul,2,Wed,28,3
2018-07-12,2018,7,Jul,3,Thu,28,3
2018-07-13,2018,7,Jul,4,Fri,28,3
2018-07-16,2018,7,Jul,0,Mon,29,3
2018-07-17,2018,7,Jul,1,Tue,29,3
2018-07-18,2018,7,Jul,2,Wed,29,3
2018-07-19,2018,7,Jul,3,Thu,29,3
2018-07-20,2018,7,Jul,4,Fri,29,3
2018-07-23,2018,7,Jul,0,Mon,30,3
2018-07-24,2018,7,Jul,1,Tue,30,3
2018-07-25,2018,7,Jul,2,Wed,30,3
2018-07-26,2018,7,Jul,3,Thu,30,3
2018-07-27,2018,7,Jul,4,Fri,30,3
2018-07-30,2018,7,Jul,0,Mon,31,3
2018-07-31,2018,7,Jul,1,Tue,31,3
2018-08-01,2018,8,Aug,2,Wed,31,3
2018-08-02,2018,8,Aug,3,Thu,31,3
2018-08-03,2018,8,Aug,4,Fri,31,3
2018-08-06,2018,8,Aug,0,Mon,32,3
2018-08-07,2018,8,Aug,1,Tue,32,3
2018-08-08,2018,8,Aug,2,Wed,32,3
2018-08-09,2018,8,Aug,3,Thu,32,3
2018-08-10,2018,8,Aug,4,Fri,32,3
2018-08-13,2018,8,Aug,0,Mon,33,3
2018-08-14,2018,8,Aug,1,Tue,33,3
2018-08-15,2018,8,Aug,2,Wed,33,3
2018-08-16,2018,8,Aug,3,Thu,33,3
2018-08-17,2018,8,Aug,4,Fri,33,3
2018-08-20,2018,8,Aug,0,Mon,34,3
2018-08-21,2018,8,Aug,1,Tue,34,3
2018-08-22,2018,8,Aug,2,Wed,34,3
2018-08-23,2018,8,Aug,3,Thu,34,3
2018-08-24,2018,8,Aug,4,Fri,34,3
2018-08-27,2018,8,Aug,0,Mon,35,3
2018-08-28,2018,8,Aug,1,Tue,35,3
2018-08-29,2018,8,Aug,2,Wed,35,3
2018-08-30,2018,8,Aug,3,Thu,35,3
2018-08-31,2018,8,Aug,4,Fri,35,3
2018-09-04,2018,9,Sep,1,Tue,36,3
2018-09-05,2018,9,Sep,2,Wed,36,3
2018-09-06,2018,9,Sep,3,Thu,36,3
2018-09-07,2018,9,Sep,4,Fri,36,3
2018-09-10,2018,9,Sep,0,Mon,37,3
2018-09-11,2018,9,Sep,1,Tue,37,3
2018-09-12,2018,9,Sep,2,Wed,37,3
2018-09-13,2018,9,Sep,3,Thu,37,3
2018-09-14,2018,9,Sep,4,Fri,37,3
2018-09-17,2018,9,Sep,0,Mon,38,3
2018-09-18,2018,9,Sep,1,Tue,38,3
2018-09-19,2018,9,Sep,2,Wed,38,3
2018-09-20,2018,9,Sep,3,Thu,38,3
2018-09-21,2018,9,Sep,4,Fri,38,3
2018-09-24,2018,9,Sep,0,Mon,39,3
2018-09-25,2018,9,Sep,1,Tue,39,3
2018-09-26,2018,9,Sep,2,Wed,39,3
2018-09-27,2018,9,Sep,3,Thu,39,3
2018-09-28,2018,9,Sep,4,Fri,39,3
2018-10-01,2018,10,Oct,0,Mon,40,4
2018-10-02,2018,10,Oct,1,Tue,40,4
2018-10-03,2018,10,Oct,2,Wed,40,4
2018-10-04,2018,10,Oct,3,Thu,40,4
2018-10-05,2018,10,Oct,4,Fri,40,4
2018-10-08,2018,10,Oct,0,Mon,41,4
2018-10-09,2018,10,Oct,1,Tue,41,4
2018-10-10,2018,10,Oct,2,Wed,41,4
2018-10-11,2018,10,Oct,3,Thu,41,4
2018-10-12,2018,10,Oct,4,Fri,41,4
2018-10-15,2018,10,Oct,0,Mon,42,4
2018-10-16,2018,10,Oct,1,Tue,42,4
2018-10-17,2018,10,Oct,2,Wed,42,4
2018-10-18,2018,10,Oct,3,Thu,42,4
2018-10-19,2018,10,Oct,4,Fri,42,4
2018-10-22,2018,10,Oct,0,Mon,43,4
2018-10-23,2018,10,Oct,1,Tue,43,4
2018-10-24,2018,10,Oct,2,Wed,43,4
2018-10-25,2018,10,Oct,3,Thu,43,4
2018-10-26,2018,10,Oct,4,Fri,43,4
2018-10-29,2018,10,Oct,0,Mon,44,4
2018-10-30,2018,10,Oct,1,Tue,44,4
2018-10-31,2018,10,Oct,2,Wed,44,4
2018-11-01,2018,11,Nov,3,Thu,44,4
2018-11-02,2018,11,Nov,4,Fri,44,4
2018-11-05,2018,11,Nov,0,Mon,45,4
2018-11-06,2018,11,Nov,1,Tue,45,4
2018-11-07,2018,11,Nov,2,Wed,45,4
2018-11-08,2018,11,Nov,3,Thu,45,4
2018-11-09,2018,11,Nov,4,Fri,45,4
2018-11-12,2018,11,Nov,0,Mon,46,4
2018-11-13,2018,11,Nov,1,Tue,46,4
2018-11-14,2018,11,Nov,2,Wed,46,4
2018-11-15,2018,11,Nov,3,Thu,46,4
2018-11-16,2018,11,Nov,4,Fri,46,4
2018-11-19,2018,11,Nov,0,Mon,47,4
2018-11-20,2018,11,Nov,1,Tue,47,4
2018-11-21,2018,11,Nov,2,Wed,47,4
2018-11-23,2018,11,Nov,4,Fri,47,4
2018-11-26,2018,11,Nov,0,Mon,48,4
2018-11-27,2018,11,Nov,1,Tue,48,4
2018-11-28,2018,11,Nov,2,Wed,48,4
2018-11-29,2018,11,Nov,3,Thu,48,4
2018-11-30,2018,11,Nov,4,Fri,48,4
2018-12-03,2018,12,Dec,0,Mon,49,4
2018-12-04,2018,12,Dec,1,Tue,49,4
2018-12-06,2018,12,Dec,3,Thu,49,4
2018-12-07,2018,12,Dec,4,Fri,49,4
2018-12-10,2018,12,Dec,0,Mon,50,4
2018-12-11,2018,12,Dec,1,Tue,50,4
2018-12-12,2018,12,Dec,2,Wed,50,4
2018-12-13,2018,12,Dec,3,Thu,50,4
2018-12-14,2018,12,Dec,4,Fri,50,4
2018-12-17,2018,12,Dec,0,Mon,51,4
2018-12-18,2018,12,Dec,1,Tue,51,4
2018-12-19,2018,12,Dec,2,Wed,51,4
2018-12-20,2018,12,Dec,3,Thu,51,4
2018-12-21,2018,12,Dec,4,Fri,51,4
2018-12-24,2018,12,Dec,0,Mon,52,4
2018-12-26,2018,12,Dec,2,Wed,52,4
2018-12-27,2018,12,Dec,3,Thu,52,4
2018-12-28,2018,12,Dec,4,Fri,52,4
2018-12-31,2018,12,Dec,0,Mon,1,4
2019-01-02,2019,1,Jan,2,Wed,1,1
2019-01-03,2019,1,Jan,3,Thu,1,1
2019-01-04,2019,1,Jan,4,Fri,1,1
2019-01-07,2019,1,Jan,0,Mon,2,1
2019-01-08,2019,1,Jan,1,Tue,2,1
2019-01-09,2019,1,Jan,2,Wed,2,1
2019-01-10,2019,1,Jan,3,Thu,2,1
2019-01-11,2019,1,Jan,4,Fri,2,1
2019-01-14,2019,1,Jan,0,Mon,3,1
2019-01-15,2019,1,Jan,1,Tue,3,1
2019-01-16,2019,1,Jan,2,Wed,3,1
2019-01-17,2019,1,Jan,3,Thu,3,1
2019-01-18,2019,1,Jan,4,Fri,3,1
2019-01-22,2019,1,Jan,1,Tue,4,1
2019-01-23,2019,1,Jan,2,Wed,4,1
2019-01-24,2019,1,Jan,3,Thu,4,1
2019-01-25,2019,1,Jan,4,Fri,4,1
2019-01-28,2019,1,Jan,0,Mon,5,1
2019-01-29,2019,1,Jan,1,Tue,5,1
2019-01-30,2019,1,Jan,2,Wed,5,1
2019-01-31,2019,1,Jan,3,Thu,5,1
2019-02-01,2019,2,Feb,4,Fri,5,1
2019-02-04,2019,2,Feb,0,Mon,6,1
2019-02-05,2019,2,Feb,1,Tue,6,1
2019-02-06,2019,2,Feb,2,Wed,6,1
2019-02-07,2019,2,Feb,3,Thu,6,1
2019-02-08,2019,2,Feb,4,Fri,6,1
2019-02-11,2019,2,Feb,0,Mon,7,1
2019-02-12,2019,2,Feb,1,Tue,7,1
2019-02-13,2019,2,Feb,2,Wed,7,1
2019-02-14,2019,2,Feb,3,Thu,7,1
2019-02-15,2019,2,Feb,4,Fri,7,1
2019-02-19,2019,2,Feb,1,Tue,8,1
2019-02-20,2019,2,Feb,2,Wed,8,1
2019-02-21,2019,2,Feb,3,Thu,8,1
2019-02-22,2019,2,Feb,4,Fri,8,1
2019-02-25,2019,2,Feb,0,Mon,9,1
2019-02-26,2019,2,Feb,1,Tue,9,1
2019-02-27,2019,2,Feb,2,Wed,9,1
2019-02-28,2019,2,Feb,3,Thu,9,1
2019-03-01,2019,3,Mar,4,Fri,9,1
2019-03-04,2019,3,Mar,0,Mon,10,1
2019-03-05,2019,3,Mar,1,Tue,10,1
2019-03-06,2019,3,Mar,2,Wed,10,1
2019-03-07,2019,3,Mar,3,Thu,10,1
2019-03-08,2019,3,Mar,4,Fri,10,1
2019-03-11,2019,3,Mar,0,Mon,11,1
2019-03-12,2019,3,Mar,1,Tue,11,1
2019-03-13,2019,3,Mar,2,Wed,11,1
2019-03-14,2019,3,Mar,3,Thu,11,1
2019-03-15,2019,3,Mar,4,Fri,11,1
2019-03-18,2019,3,Mar,0,Mon,12,1
2019-03-19,2019,3,Mar,1,Tue,12,1
2019-03-20,2019,3,Mar,2,Wed,12,1
2019-03-21,2019,3,Mar,3,Thu,12,1
2019-03-22,2019,3,Mar,4,Fri,12,1
2019-03-25,2019,3,Mar,0,Mon,13,1
2019-03-26,2019,3,Mar,1,Tue,13,1
2019-03-27,2019,3,Mar,2,Wed,13,1
2019-03-28,2019,3,Mar,3,Thu,13,1
2019-03-29,2019,3,Mar,4,Fri,13,1
2019-04-01,2019,4,Apr,0,Mon,14,2
2019-04-02,2019,4,Apr,1,Tue,14,2
2019-04-03,2019,4,Apr,2,Wed,14,2
2019-04-04,2019,4,Apr,3,Thu,14,2
2019-04-05,2019,4,Apr,4,Fri,14,2
2019-04-08,2019,4,Apr,0,Mon,15,2
2019-04-09,2019,4,Apr,1,Tue,15,2
2019-04-10,2019,4,Apr,2,Wed,15,2
2019-04-11,2019,4,Apr,3,Thu,15,2
2019-04-12,2019,4,Apr,4,Fri,15,2
2019-04-15,2019,4,Apr,0,Mon,16,2
2019-04-16,2019,4,Apr,1,Tue,16,2
2019-04-17,2019,4,Apr,2,Wed,16,2
2019-04-18,2019,4,Apr,3,Thu,16,2
2019-04-22,2019,4,Apr,0,Mon,17,2
2019-04-23,2019,4,Apr,1,Tue,17,2
2019-04-24,2019,4,Apr,2,Wed,17,2
2019-04-25,2019,4,Apr,3,Thu,17,2
2019-04-26,2019,4,Apr,4,Fri,17,2
2019-04-29,2019,4,Apr,0,Mon,18,2
2019-04-30,2019,4,Apr,1,Tue,18,2
2019-05-01,2019,5,May,2,Wed,18,2
2019-05-02,2019,5,May,3,Thu,18,2
2019-05-03,2019,5,May,4,Fri,18,2
2019-05-06,2019,5,May,0,Mon,19,2
2019-05-07,2019,5,May,1,Tue,19,2
2019-05-08,2019,5,May,2,Wed,19,2
2019-05-09,2019,5,May,3,Thu,19,2
2019-05-10,2019,5,May,4,Fri,19,2
2019-05-13,2019,5,May,0,Mon,20,2
2019-05-14,2019,5,May,1,Tue,20,2
2019-05-15,2019,5,May,2,Wed,20,2
2019-05-16,2019,5,May,3,Thu,20,2
2019-05-17,2019,5,May,4,Fri,20,2
2019-05-20,2019,5,May,0,Mon,21,2
2019-05-21,2019,5,May,1,Tue,21,2
2019-05-22,2019,5,May,2,Wed,21,2
2019-05-23,2019,5,May,3,Thu,21,2
2019-05-24,2019,5,May,4,Fri,21,2
2019-05-28,2019,5,May,1,Tue,22,2
2019-05-29,2019,5,May,2,Wed,22,2
2019-05-30,2019,5,May,3,Thu,22,2
2019-05-31,2019,5,May,4,Fri,22,2
2019-06-03,2019,6,Jun,0,Mon,23,2
2019-06-04,2019,6,Jun,1,Tue,23,2
2019-06-05,2019,6,Jun,2,Wed,23,2
2019-06-06,2019,6,Jun,3,Thu,23,2
2019-06-07,2019,6,Jun,4,Fri,23,2
2019-06-10,2019,6,Jun,0,Mon,24,2
2019-06-11,2019,6,Jun,1,Tue,24,2
2019-06-12,2019,6,Jun,2,Wed,24,2
2019-06-13,2019,6,Jun,3,Thu,24,2
2019-06-14,2019,6,Jun,4,Fri,24,2
2019-06-17,2019,6,Jun,0,Mon,25,2
2019-06-18,2019,6,Jun,1,Tue,25,2
2019-06-19,2019,6,Jun,2,Wed,25,2
2019-06-20,2019,6,Jun,3,Thu,25,2
2019-06-21,2019,6,Jun,4,Fri,25,2
2019-06-24,2019,6,Jun,0,Mon,26,2
2019-06-25,2019,6,Jun,1,Tue,26,2
2019-06-26,2019,6,Jun,2,Wed,26,2
2019-06-27,2019,6,Jun,3,Thu,26,2
2019-06-28,2019,6,Jun,4,Fri,26,2
2019-07-01,2019,7,Jul,0,Mon,27,3
2019-07-02,2019,7,Jul,1,Tue,27,3
2019-07-03,2019,7,Jul,2,Wed,27,3
2019-07-05,2019,7,Jul,4,Fri,27,3
2019-07-08,2019,7,Jul,0,Mon,28,3
2019-07-09,2019,7,Jul,1,Tue,28,3
2019-07-10,2019,7,Jul,2,Wed,28,3
2019-07-11,2019,7,Jul,3,Thu,28,3
2019-07-12,2019,7,Jul,4,Fri,28,3
2019-07-15,2019,7,Jul,0,Mon,29,3
2019-07-16,2019,7,Jul,1,Tue,29,3
2019-07-17,2019,7,Jul,2,Wed,29,3
2019-07-18,2019,7,Jul,3,Thu,29,3
2019-07-19,2019,7,Jul,4,Fri,29,3
2019-07-22,2019,7,Jul,0,Mon,30,3
2019-07-23,2019,7,Jul,1,Tue,30,3
2019-07-24,2019,7,Jul,2,Wed,30,3
2019-07-25,2019,7,Jul,3,Thu,30,3
2019-07-26,2019,7,Jul,4,Fri,30,3
2019-07-29,2019,7,Jul,0,Mon,31,3
2019-07-30,2019,7,Jul,1,Tue,31,3
2019-07-31,2019,7,Jul,2,Wed,31,3
2019-08-01,2019,8,Aug,3,Thu,31,3
2019-08-02,2019,8,Aug,4,Fri,31,3
2019-08-05,2019,8,Aug,0,Mon,32,3
2019-08-06,2019,8,Aug,1,Tue,32,3
2019-08-07,2019,8,Aug,2,Wed,32,3
2019-08-08,2019,8,Aug,3,Thu,32,3
2019-08-09,2019,8,Aug,4,Fri,32,3
2019-08-12,2019,8,Aug,0,Mon,33,3
2019-08-13,2019,8,Aug,1,Tue,33,3
2019-08-14,2019,8,Aug,2,Wed,33,3
2019-08-15,2019,8,Aug,3,Thu,33,3
2019-08-16,2019,8,Aug,4,Fri,33,3
2019-08-19,2019,8,Aug,0,Mon,34,3
2019-08-20,2019,8,Aug,1,Tue,34,3
2019-08-21,2019,8,Aug,2,Wed,34,3
2019-08-22,2019,8,Aug,3,Thu,34,3
2019-08-23,2019,8,Aug,4,Fri,34,3
2019-08-26,2019,8,Aug,0,Mon,35,3
2019-08-27,2019,8,Aug,1,Tue,35,3
2019-08-28,2019,8,Aug,2,Wed,35,3
2019-08-29,2019,8,Aug,3,Thu,35,3
2019-08-30,2019,8,Aug,4,Fri,35,3
2019-09-03,2019,9,Sep,1,Tue,36,3
2019-09-04,2019,9,Sep,2,Wed,36,3
2019-09-05,2019,9,Sep,3,Thu,36,3
2019-09-06,2019,9,Sep,4,Fri,36,3
2019-09-09,2019,9,Sep,0,Mon,37,3
2019-09-10,2019,9,Sep,1,Tue,37,3
2019-09-11,2019,9,Sep,2,Wed,37,3
2019-09-12,2019,9,Sep,3,Thu,37,3
2019-09-13,2019,9,Sep,4,Fri,37,3
2019-09-16,2019,9,Sep,0,Mon,38,3
2019-09-17,2019,9,Sep,1,Tue,38,3
2019-09-18,2019,9,Sep,2,Wed,38,3
2019-09-19,2019,9,Sep,3,Thu,38,3
2019-09-20,2019,9,Sep,4,Fri,38,3
2019-09-23,2019,9,Sep,0,Mon,39,3
2019-09-24,2019,9,Sep,1,Tue,39,3
2019-09-25,2019,9,Sep,2,Wed,39,3
2019-09-26,2019,9,Sep,3,Thu,39,3
2019-09-27,2019,9,Sep,4,Fri,39,3
2019-09-30,2019,9,Sep,0,Mon,40,3
2019-10-01,2019,10,Oct,1,Tue,40,4
2019-10-02,2019,10,Oct,2,Wed,40,4
2019-10-03,2019,10,Oct,3,Thu,40,4
2019-10-04,2019,10,Oct,4,Fri,40,4
2019-10-07,2019,10,Oct,0,Mon,41,4
2019-10-08,2019,10,Oct,1,Tue,41,4
2019-10-09,2019,10,Oct,2,Wed,41,4
2019-10-10,2019,10,Oct,3,Thu,41,4
2019-10-11,2019,10,Oct,4,Fri,41,4
2019-10-14,2019,10,Oct,0,Mon,42,4
2019-10-15,2019,10,Oct,1,Tue,42,4
2019-10-16,2019,10,Oct,2,Wed,42,4
2019-10-17,2019,10,Oct,3,Thu,42,4
2019-10-18,2019,10,Oct,4,Fri,42,4
2019-10-21,2019,10,Oct,0,Mon,43,4
2019-10-22,2019,10,Oct,1,Tue,43,4
2019-10-23,2019,10,Oct,2,Wed,43,4
2019-10-24,2019,10,Oct,3,Thu,43,4
2019-10-25,2019,10,Oct,4,Fri,43,4
2019-10-28,2019,10,Oct,0,Mon,44,4
2019-10-29,2019,10,Oct,1,Tue,44,4
2019-10-30,2019,10,Oct,2,Wed,44,4
2019-10-31,2019,10,Oct,3,Thu,44,4
2019-11-01,2019,11,Nov,4,Fri,44,4
2019-11-04,2019,11,Nov,0,Mon,45,4
2019-11-05,2019,11,Nov,1,Tue,45,4
2019-11-06,2019,11,Nov,2,Wed,45,4
2019-11-07,2019,11,Nov,3,Thu,45,4
2019-11-08,2019,11,Nov,4,Fri,45,4
2019-11-11,2019,11,Nov,0,Mon,46,4
2019-11-12,2019,11,Nov,1,Tue,46,4
2019-11-13,2019,11,Nov,2,Wed,46,4
2019-11-14,2019,11,Nov,3,Thu,46,4
2019-11-15,2019,11,Nov,4,Fri,46,4
2019-11-18,2019,11,Nov,0,Mon,47,4
2019-11-19,2019,11,Nov,1,Tue,47,4
2019-11-20,2019,11,Nov,2,Wed,47,4
2019-11-21,2019,11,Nov,3,Thu,47,4
2019-11-22,2019,11,Nov,4,Fri,47,4
2019-11-25,2019,11,Nov,0,Mon,48,4
2019-11-26,2019,11,Nov,1,Tue,48,4
2019-11-27,2019,11,Nov,2,Wed,48,4
2019-11-29,2019,11,Nov,4,Fri,48,4
2019-12-02,2019,12,Dec,0,Mon,49,4
2019-12-03,2019,12,Dec,1,Tue,49,4
2019-12-04,2019,12,Dec,2,Wed,49,4
2019-12-05,2019,12,Dec,3,Thu,49,4
2019-12-06,2019,12,Dec,4,Fri,49,4
2019-12-09,2019,12,Dec,0,Mon,50,4
2019-12-10,2019,12,Dec,1,Tue,50,4
2019-12-11,2019,12,Dec,2,Wed,50,4
2019-12-12,2019,12,Dec,3,Thu,50,4
2019-12-13,2019,12,Dec,4,Fri,50,4
2019-12-16,2019,12,Dec,0,Mon,51,4
2019-12-17,2019,12,Dec,1,Tue,51,4
2019-12-18,2019,12,Dec,2,Wed,51,4
2019-12-19,2019,12,Dec,3,Thu,51,4
2019-12-20,2019,12,Dec,4,Fri,51,4
2019-12-23,2019,12,Dec,0,Mon,52,4
2019-12-24,2019,12,Dec,1,Tue,52,4
2019-12-26,2019,12,Dec,3,Thu,52,4
2019-12-27,2019,12,Dec,4,Fri,52,4
2019-12-30,2019,12,Dec,0,Mon,1,4
2019-12-31,2019,12,Dec,1,Tue,1,4
2020-01-02,2020,1,Jan,3,Thu,1,1
2020-01-03,2020,1,Jan,4,Fri,1,1
2020-01-06,2020,1,Jan,0,Mon,2,1
2020-01-07,2020,1,Jan,1,Tue,2,1
2020-01-08,2020,1,Jan,2,Wed,2,1
2020-01-09,2020,1,Jan,3,Thu,2,1
2020-01-10,2020,1,Jan,4,Fri,2,1
2020-01-13,2020,1,Jan,0,Mon,3,1
2020-01-14,2020,1,Jan,1,Tue,3,1
2020-01-15,2020,1,Jan,2,Wed,3,1
2020-01-16,2020,1,Jan,3,Thu,3,1
2020-01-17,2020,1,Jan,4,Fri,3,1
2020-01-21,2020,1,Jan,1,Tue,4,1
2020-01-22,2020,1,Jan,2,Wed,4,1
2020-01-23,2020,1,Jan,3,Thu,4,1
2020-01-24,2020,1,Jan,4,Fri,4,1
2020-01-27,2020,1,Jan,0,Mon,5,1
2020-01-28,2020,1,Jan,1,Tue,5,1
2020-01-29,2020,1,Jan,2,Wed,5,1
2020-01-30,2020,1,Jan,3,Thu,5,1
2020-01-31,2020,1,Jan,4,Fri,5,1
2020-02-03,2020,2,Feb,0,Mon,6,1
2020-02-04,2020,2,Feb,1,Tue,6,1
2020-02-05,2020,2,Feb,2,Wed,6,1
2020-02-06,2020,2,Feb,3,Thu,6,1
2020-02-07,2020,2,Feb,4,Fri,6,1
2020-02-10,2020,2,Feb,0,Mon,7,1
2020-02-11,2020,2,Feb,1,Tue,7,1
2020-02-12,2020,2,Feb,2,Wed,7,1
2020-02-13,2020,2,Feb,3,Thu,7,1
2020-02-14,2020,2,Feb,4,Fri,7,1
2020-02-18,2020,2,Feb,1,Tue,8,1
2020-02-19,2020,2,Feb,2,Wed,8,1
2020-02-20,2020,2,Feb,3,Thu,8,1
2020-02-21,2020,2,Feb,4,Fri,8,1
2020-02-24,2020,2,Feb,0,Mon,9,1
2020-02-25,2020,2,Feb,1,Tue,9,1
2020-02-26,2020,2,Feb,2,Wed,9,1
2020-02-27,2020,2,Feb,3,Thu,9,1
2020-02-28,2020,2,Feb,4,Fri,9,1
2020-03-02,2020,3,Mar,0,Mon,10,1
2020-03-03,2020,3,Mar,1,Tue,10,1
2020-03-04,2020,3,Mar,2,Wed,10,1
2020-03-05,2020,3,Mar,3,Thu,10,1
2020-03-06,2020,3,Mar,4,Fri,10,1
2020-03-09,2020,3,Mar,0,Mon,11,1
2020-03-10,2020,3,Mar,1,Tue,11,1
2020-03-11,2020,3,Mar,2,Wed,11,1
2020-03-12,2020,3,Mar,3,Thu,11,1
2020-03-13,2020,3,Mar,4,Fri,11,1
2020-03-16,2020,3,Mar,0,Mon,12,1
2020-03-17,2020,3,Mar,1,Tue,12,1
2020-03-18,2020,3,Mar,2,Wed,12,1
2020-03-19,2020,3,Mar,3,Thu,12,1
2020-03-20,2020,3,Mar,4,Fri,12,1
2020-03-23,2020,3,Mar,0,Mon,13,1
2020-03-24,2020,3,Mar,1,Tue,13,1
2020-03-25,2020,3,Mar,2,Wed,13,1
2020-03-26,2020,3,Mar,3,Thu,13,1
2020-03-27,2020,3,Mar,4,Fri,13,1
2020-03-30,2020,3,Mar,0,Mon,14,1
2020-03-31,2020,3,Mar,1,Tue,14,1
2020-04-01,2020,4,Apr,2,Wed,14,2
2020-04-02,2020,4,Apr,3,Thu,14,2
2020-04-03,2020,4,Apr,4,Fri,14,2
2020-04-06,2020,4,Apr,0,Mon,15,2
2020-04-07,2020,4,Apr,1,Tue,15,2
2020-04-08,2020,4,Apr,2,Wed,15,2
2020-04-09,2020,4,Apr,3,Thu,15,2
2020-04-13,2020,4,Apr,0,Mon,16,2
2020-04-14,2020,4,Apr,1,Tue,16,2
2020-04-15,2020,4,Apr,2,Wed,16,2
2020-04-16,2020,4,Apr,3,Thu,16,2
2020-04-17,2020,4,Apr,4,Fri,16,2
2020-04-20,2020,4,Apr,0,Mon,17,2
2020-04-21,2020,4,Apr,1,Tue,17,2
2020-04-22,2020,4,Apr,2,Wed,17,2
2020-04-23,2020,4,Apr,3,Thu,17,2
2020-04-24,2020,4,Apr,4,Fri,17,2
2020-04-27,2020,4,Apr,0,Mon,18,2
2020-04-28,2020,4,Apr,1,Tue,18,2
2020-04-29,2020,4,Apr,2,Wed,18,2
2020-04-30,2020,4,Apr,3,Thu,18,2
2020-05-01,2020,5,May,4,Fri,18,2
2020-05-04,2020,5,May,0,Mon,19,2
2020-05-05,2020,5,May,1,Tue,19,2
2020-05-06,2020,5,May,2,Wed,19,2
2020-05-07,2020,5,May,3,Thu,19,2
2020-05-08,2020,5,May,4,Fri,19,2
2020-05-11,2020,5,May,0,Mon,20,2
2020-05-12,2020,5,May,1,Tue,20,2
2020-05-13,2020,5,May,2,Wed,20,2
2020-05-14,2020,5,May,3,Thu,20,2
2020-05-15,2020,5,May,4,Fri,20,2
2020-05-18,2020,5,May,0,Mon,21,2
2020-05-19,2020,5,May,1,Tue,21,2
2020-05-20,2020,5,May,2,Wed,21,2
2020-05-21,2020,5,May,3,Thu,21,2
2020-05-22,2020,5,May,4,Fri,21,2
2020-05-26,2020,5,May,1,Tue,22,2
2020-05-27,2020,5,May,2,Wed,22,2
2020-05-28,2020,5,May,3,Thu,22,2
2020-05-29,2020,5,May,4,Fri,22,2
2020-06-01,2020,6,Jun,0,Mon,23,2
2020-06-02,2020,6,Jun,1,Tue,23,2
2020-06-03,2020,6,Jun,2,Wed,23,2
2020-06-04,2020,6,Jun,3,Thu,23,2
2020-06-05,2020,6,Jun,4,Fri,23,2
2020-06-08,2020,6,Jun,0,Mon,24,2
2020-06-09,2020,6,Jun,1,Tue,24,2
2020-06-10,2020,6,Jun,2,Wed,24,2
2020-06-11,2020,6,Jun,3,Thu,24,2
2020-06-12,2020,6,Jun,4,Fri,24,2
2020-06-15,2020,6,Jun,0,Mon,25,2
2020-06-16,2020,6,Jun,1,Tue,25,2
2020-06-17,2020,6,Jun,2,Wed,25,2
2020-06-18,2020,6,Jun,3,Thu,25,2
2020-06-19,2020,6,Jun,4,Fri,25,2
2020-06-22,2020,6,Jun,0,Mon,26,2
2020-06-23,2020,6,Jun,1,Tue,26,2
2020-06-24,2020,6,Jun,2,Wed,26,2
2020-06-25,2020,6,Jun,3,Thu,26,2
2020-06-26,2020,6,Jun,4,Fri,26,2
2020-06-29,2020,6,Jun,0,Mon,27,2
2020-06-30,2020,6,Jun,1,Tue,27,2
2020-07-01,2020,7,Jul,2,Wed,27,3
2020-07-02,2020,7,Jul,3,Thu,27,3
2020-07-06,2020,7,Jul,0,Mon,28,3
2020-07-07,2020,7,Jul,1,Tue,28,3
2020-07-08,2020,7,Jul,2,Wed,28,3
2020-07-09,2020,7,Jul,3,Thu,28,3
2020-07-10,2020,7,Jul,4,Fri,28,3
2020-07-13,2020,7,Jul,0,Mon,29,3
2020-07-14,2020,7,Jul,1,Tue,29,3
2020-07-15,2020,7,Jul,2,Wed,29,3
2020-07-16,2020,7,Jul,3,Thu,29,3
2020-07-17,2020,7,Jul,4,Fri,29,3
2020-07-20,2020,7,Jul,0,Mon,30,3
2020-07-21,2020,7,Jul,1,Tue,30,3
2020-07-22,2020,7,Jul,2,Wed,30,3
2020-07-23,2020,7,Jul,3,Thu,30,3
2020-07-24,2020,7,Jul,4,Fri,30,3
2020-07-27,2020,7,Jul,0,Mon,31,3
2020-07-28,2020,7,Jul,1,Tue,31,3
2020-07-29,2020,7,Jul,2,Wed,31,3
2020-07-30,2020,7,Jul,3,Thu,31,3
2020-07-31,2020,7,Jul,4,Fri,31,3
2020-08-03,2020,8,Aug,0,Mon,32,3
2020-08-04,2020,8,Aug,1,Tue,32,3
2020-08-05,2020,8,Aug,2,Wed,32,3
2020-08-06,2020,8,Aug,3,Thu,32,3
2020-08-07,2020,8,Aug,4,Fri,32,3
2020-08-10,2020,8,Aug,0,Mon,33,3
2020-08-11,2020,8,Aug,1,Tue,33,3
2020-08-12,2020,8,Aug,2,Wed,33,3
2020-08-13,2020,8,Aug,3,Thu,33,3
2020-08-14,2020,8,Aug,4,Fri,33,3
2020-08-17,2020,8,Aug,0,Mon,34,3
2020-08-18,2020,8,Aug,1,Tue,34,3
2020-08-19,2020,8,Aug,2,Wed,34,3
2020-08-20,2020,8,Aug,3,Thu,34,3
2020-08-21,2020,8,Aug,4,Fri,34,3
2020-08-24,2020,8,Aug,0,Mon,35,3
2020-08-25,2020,8,Aug,1,Tue,35,3
2020-08-26,2020,8,Aug,2,Wed,35,3
2020-08-27,2020,8,Aug,3,Thu,35,3
2020-08-28,2020,8,Aug,4,Fri,35,3
2020-08-31,2020,8,Aug,0,Mon,36,3
2020-09-01,2020,9,Sep,1,Tue,36,3
2020-09-02,2020,9,Sep,2,Wed,36,3
2020-09-03,2020,9,Sep,3,Thu,36,3
2020-09-04,2020,9,Sep,4,Fri,36,3
2020-09-08,2020,9,Sep,1,Tue,37,3
2020-09-09,2020,9,Sep,2,Wed,37,3
2020-09-10,2020,9,Sep,3,Thu,37,3
2020-09-11,2020,9,Sep,4,Fri,37,3
2020-09-14,2020,9,Sep,0,Mon,38,3
2020-09-15,2020,9,Sep,1,Tue,38,3
2020-09-16,2020,9,Sep,2,Wed,38,3
2020-09-17,2020,9,Sep,3,Thu,38,3
2020-09-18,2020,9,Sep,4,Fri,38,3
2020-09-21,2020,9,Sep,0,Mon,39,3
2020-09-22,2020,9,Sep,1,Tue,39,3
2020-09-23,2020,9,Sep,2,Wed,39,3
2020-09-24,2020,9,Sep,3,Thu,39,3
2020-09-25,2020,9,Sep,4,Fri,39,3
2020-09-28,2020,9,Sep,0,Mon,40,3
2020-09-29,2020,9,Sep,1,Tue,40,3
2020-09-30,2020,9,Sep,2,Wed,40,3
2020-10-01,2020,10,Oct,3,Thu,40,4
2020-10-02,2020,10,Oct,4,Fri,40,4
2020-10-05,2020,10,Oct,0,Mon,41,4
2020-10-06,2020,10,Oct,1,Tue,41,4
2020-10-07,2020,10,Oct,2,Wed,41,4
2020-10-08,2020,10,Oct,3,Thu,41,4
2020-10-09,2020,10,Oct,4,Fri,41,4
2020-10-12,2020,10,Oct,0,Mon,42,4
2020-10-13,2020,10,Oct,1,Tue,42,4
2020-10-14,2020,10,Oct,2,Wed,42,4
2020-10-15,2020,10,Oct,3,Thu,42,4
2020-10-16,2020,10,Oct,4,Fri,42,4
2020-10-19,2020,10,Oct,0,Mon,43,4
2020-10-20,2020,10,Oct,1,Tue,43,4
2020-10-21,2020,10,Oct,2,Wed,43,4
2020-10-22,2020,10,Oct,3,Thu,43,4
2020-10-23,2020,10,Oct,4,Fri,43,4
2020-10-26,2020,10,Oct,0,Mon,44,4
2020-10-27,2020,10,Oct,1,Tue,44,4
2020-10-28,2020,10,Oct,2,Wed,44,4
2020-10-29,2020,10,Oct,3,Thu,44,4
2020-10-30,2020,10,Oct,4,Fri,44,4
2020-11-02,2020,11,Nov,0,Mon,45,4
2020-11-03,2020,11,Nov,1,Tue,45,4
2020-11-04,2020,11,Nov,2,Wed,45,4
2020-11-05,2020,11,Nov,3,Thu,45,4
2020-11-06,2020,11,Nov,4,Fri,45,4
2020-11-09,2020,11,Nov,0,Mon,46,4
2020-11-10,2020,11,Nov,1,Tue,46,4
2020-11-11,2020,11,Nov,2,Wed,46,4
2020-11-12,2020,11,Nov,3,Thu,46,4
2020-11-13,2020,11,Nov,4,Fri,46,4
2020-11-16,2020,11,Nov,0,Mon,47,4
2020-11-17,2020,11,Nov,1,Tue,47,4
2020-11-18,2020,11,Nov,2,Wed,47,4
2020-11-19,2020,11,Nov,3,Thu,47,4
2020-11-20,2020,11,Nov,4,Fri,47,4
2020-11-23,2020,11,Nov,0,Mon,48,4
2020-11-24,2020,11,Nov,1,Tue,48,4
2020-11-25,2020,11,Nov,2,Wed,48,4
2020-11-27,2020,11,Nov,4,Fri,48,4
2020-11-30,2020,11,Nov,0,Mon,49,4
2020-12-01,2020,12,Dec,1,Tue,49,4
2020-12-02,2020,12,Dec,2,Wed,49,4
2020-12-03,2020,12,Dec,3,Thu,49,4
2020-12-04,2020,12,Dec,4,Fri,49,4
2020-12-07,2020,12,Dec,0,Mon,50,4
2020-12-08,2020,12,Dec,1,Tue,50,4
2020-12-09,2020,12,Dec,2,Wed,50,4
2020-12-10,2020,12,Dec,3,Thu,50,4
2020-12-11,2020,12,Dec,4,Fri,50,4
2020-12-14,2020,12,Dec,0,Mon,51,4
2020-12-15,2020,12,Dec,1,Tue,51,4
2020-12-16,2020,12,Dec,2,Wed,51,4
2020-12-17,2020,12,Dec,3,Thu,51,4
2020-12-18,2020,12,Dec,4,Fri,51,4
2020-12-21,2020,12,Dec,0,Mon,52,4
2020-12-22,2020,12,Dec,1,Tue,52,4
2020-12-23,2020,12,Dec,2,Wed,52,4
2020-12-24,2020,12,Dec,3,Thu,52,4
2020-12-28,2020,12,Dec,0,Mon,53,4
2020-12-29,2020,12,Dec,1,Tue,53,4
2020-12-30,2020,12,Dec,2,Wed,53,4
2020-12-31,2020,12,Dec,3,Thu,53,4
2021-01-04,2021,1,Jan,0,Mon,1,1
2021-01-05,2021,1,Jan,1,Tue,1,1
2021-01-06,2021,1,Jan,2,Wed,1,1
2021-01-07,2021,1,Jan,3,Thu,1,1
2021-01-08,2021,1,Jan,4,Fri,1,1
2021-01-11,2021,1,Jan,0,Mon,2,1
2021-01-12,2021,1,Jan,1,Tue,2,1
2021-01-13,2021,1,Jan,2,Wed,2,1
2021-01-14,2021,1,Jan,3,Thu,2,1
2021-01-15,2021,1,Jan,4,Fri,2,1
2021-01-19,2021,1,Jan,1,Tue,3,1
2021-01-20,2021,1,Jan,2,Wed,3,1
2021-01-21,2021,1,Jan,3,Thu,3,1
2021-01-22,2021,1,Jan,4,Fri,3,1
2021-01-25,2021,1,Jan,0,Mon,4,1
2021-01-26,2021,1,Jan,1,Tue,4,1
2021-01-27,2021,1,Jan,2,Wed,4,1
2021-01-28,2021,1,Jan,3,Thu,4,1
2021-01-29,2021,1,Jan,4,Fri,4,1
2021-02-01,2021,2,Feb,0,Mon,5,1
2021-02-02,2021,2,Feb,1,Tue,5,1
2021-02-03,2021,2,Feb,2,Wed,5,1
2021-02-04,2021,2,Feb,3,Thu,5,1
2021-02-05,2021,2,Feb,4,Fri,5,1
2021-02-08,2021,2,Feb,0,Mon,6,1
2021-02-09,2021,2,Feb,1,Tue,6,1
2021-02-10,2021,2,Feb,2,Wed,6,1
2021-02-11,2021,2,Feb,3,Thu,6,1
2021-02-12,2021,2,Feb,4,Fri,6,1
2021-02-16,2021,2,Feb,1,Tue,7,1
2021-02-17,2021,2,Feb,2,Wed,7,1
2021-02-18,2021,2,Feb,3,Thu,7,1
2021-02-19,2021,2,Feb,4,Fri,7,1
2021-02-22,2021,2,Feb,0,Mon,8,1
2021-02-23,2021,2,Feb,1,Tue,8,1
2021-02-24,2021,2,Feb,2,Wed,8,1
2021-02-25,2021,2,Feb,3,Thu,8,1
2021-02-26,2021,2,Feb,4,Fri,8,1
2021-03-01,2021,3,Mar,0,Mon,9,1
2021-03-02,2021,3,Mar,1,Tue,9,1
2021-03-03,2021,3,Mar,2,Wed,9,1
2021-03-04,2021,3,Mar,3,Thu,9,1
2021-03-05,2021,3,Mar,4,Fri,9,1
2021-03-08,2021,3,Mar,0,Mon,10,1
2021-03-09,2021,3,Mar,1,Tue,10,1
2021-03-10,2021,3,Mar,2,Wed,10,1
2021-03-11,2021,3,Mar,3,Thu,10,1
2021-03-12,2021,3,Mar,4,Fri,10,1
2021-03-15,2021,3,Mar,0,Mon,11,1
2021-03-16,2021,3,Mar,1,Tue,11,1
2021-03-17,2021,3,Mar,2,Wed,11,1
2021-03-18,2021,3,Mar,3,Thu,11,1
2021-03-19,2021,3,Mar,4,Fri,11,1
2021-03-22,2021,3,Mar,0,Mon,12,1
2021-03-23,2021,3,Mar,1,Tue,12,1
2021-03-24,2021,3,Mar,2,Wed,12,1
2021-03-25,2021,3,Mar,3,Thu,12,1
2021-03-26,2021,3,Mar,4,Fri,12,1
2021-03-29,2021,3,Mar,0,Mon,13,1
2021-03-30,2021,3,Mar,1,Tue,13,1
2021-03-31,2021,3,Mar,2,Wed,13,1
2021-04-01,2021,4,Apr,3,Thu,13,2
2021-04-05,2021,4,Apr,0,Mon,14,2
2021-04-06,2021,4,Apr,1,Tue,14,2
2021-04-07,2021,4,Apr,2,Wed,14,2
2021-04-08,2021,4,Apr,3,Thu,14,2
2021-04-09,2021,4,Apr,4,Fri,14,2
2021-04-12,2021,4,Apr,0,Mon,15,2
2021-04-13,2021,4,Apr,1,Tue,15,2
2021-04-14,2021,4,Apr,2,Wed,15,2
2021-04-15,2021,4,Apr,3,Thu,15,2
2021-04-16,2021,4,Apr,4,Fri,15,2
2021-04-19,2021,4,Apr,0,Mon,16,2
2021-04-20,2021,4,Apr,1,Tue,16,2
2021-04-21,2021,4,Apr,2,Wed,16,2
2021-04-22,2021,4,Apr,3,Thu,16,2
2021-04-23,2021,4,Apr,4,Fri,16,2
2021-04-26,2021,4,Apr,0,Mon,17,2
2021-04-27,2021,4,Apr,1,Tue,17,2
2021-04-28,2021,4,Apr,2,Wed,17,2
2021-04-29,2021,4,Apr,3,Thu,17,2
2021-04-30,2021,4,Apr,4,Fri,17,2
2021-05-03,2021,5,May,0,Mon,18,2
2021-05-04,2021,5,May,1,Tue,18,2
2021-05-05,2021,5,May,2,Wed,18,2
2021-05-06,2021,5,May,3,Thu,18,2
2021-05-07,2021,5,May,4,Fri,18,2
2021-05-10,2021,5,May,0,Mon,19,2
2021-05-11,2021,5,May,1,Tue,19,2
2021-05-12,2021,5,May,2,Wed,19,2
2021-05-13,2021,5,May,3,Thu,19,2
2021-05-14,2021,5,May,4,Fri,19,2
2021-05-17,2021,5,May,0,Mon,20,2
2021-05-18,2021,5,May,1,Tue,20,2
2021-05-19,2021,5,May,2,Wed,20,2
2021-05-20,2021,5,May,3,Thu,20,2
2021-05-21,2021,5,May,4,Fri,20,2
2021-05-24,2021,5,May,0,Mon,21,2
2021-05-25,2021,5,May,1,Tue,21,2
2021-05-26,2021,5,May,2,Wed,21,2
2021-05-27,2021,5,May,3,Thu,21,2
2021-05-28,2021,5,May,4,Fri,21,2
2021-06-01,2021,6,Jun,1,Tue,22,2
2021-06-02,2021,6,Jun,2,Wed,22,2
2021-06-03,2021,6,Jun,3,Thu,22,2
2021-06-04,2021,6,Jun,4,Fri,22,2
2021-06-07,2021,6,Jun,0,Mon,23,2
2021-06-08,2021,6,Jun,1,Tue,23,2
2021-06-09,2021,6,Jun,2,Wed,23,2
2021-06-10,2021,6,Jun,3,Thu,23,2
2021-06-11,2021,6,Jun,4,Fri,23,2
2021-06-14,2021,6,Jun,0,Mon,24,2
2021-06-15,2021,6,Jun,1,Tue,24,2
2021-06-16,2021,6,Jun,2,Wed,24,2
2021-06-17,2021,6,Jun,3,Thu,24,2
2021-06-18,2021,6,Jun,4,Fri,24,2
2021-06-21,2021,6,Jun,0,Mon,25,2
2021-06-22,2021,6,Jun,1,Tue,25,2
2021-06-23,2021,6,Jun,2,Wed,25,2
2021-06-24,2021,6,Jun,3,Thu,25,2
2021-06-25,2021,6,Jun,4,Fri,25,2
2021-06-28,2021,6,Jun,0,Mon,26,2
2021-06-29,2021,6,Jun,1,Tue,26,2
2021-06-30,2021,6,Jun,2,Wed,26,2
2021-07-01,2021,7,Jul,3,Thu,26,3
2021-07-02,2021,7,Jul,4,Fri,26,3
2021-07-06,2021,7,Jul,1,Tue,27,3
2021-07-07,2021,7,Jul,2,Wed,27,3
2021-07-08,2021,7,Jul,3,Thu,27,3
2021-07-09,2021,7,Jul,4,Fri,27,3
2021-07-12,2021,7,Jul,0,Mon,28,3
2021-07-13,2021,7,Jul,1,Tue,28,3
2021-07-14,2021,7,Jul,2,Wed,28,3
2021-07-15,2021,7,Jul,3,Thu,28,3
2021-07-16,2021,7,Jul,4,Fri,28,3
2021-07-19,2021,7,Jul,0,Mon,29,3
2021-07-20,2021,7,Jul,1,Tue,29,3
2021-07-21,2021,7,Jul,2,Wed,29,3
2021-07-22,2021,7,Jul,3,Thu,29,3
2021-07-23,2021,7,Jul,4,Fri,29,3
2021-07-26,2021,7,Jul,0,Mon,30,3
2021-07-27,2021,7,Jul,1,Tue,30,3
2021-07-28,2021,7,Jul,2,Wed,30,3
2021-07-29,2021,7,Jul,3,Thu,30,3
2021-07-30,2021,7,Jul,4,Fri,30,3
2021-08-02,2021,8,Aug,0,Mon,31,3
2021-08-03,2021,8,Aug,1,Tue,31,3
2021-08-04,2021,8,Aug,2,Wed,31,3
2021-08-05,2021,8,Aug,3,Thu,31,3
2021-08-06,2021,8,Aug,4,Fri,31,3
2021-08-09,2021,8,Aug,0,Mon,32,3
2021-08-10,2021,8,Aug,1,Tue,32,3
2021-08-11,2021,8,Aug,2,Wed,32,3
2021-08-12,2021,8,Aug,3,Thu,32,3
2021-08-13,2021,8,Aug,4,Fri,32,3
2021-08-16,2021,8,Aug,0,Mon,33,3
2021-08-17,2021,8,Aug,1,Tue,33,3
2021-08-18,2021,8,Aug,2,Wed,33,3
2021-08-19,2021,8,Aug,3,Thu,33,3
2021-08-20,2021,8,Aug,4,Fri,33,3
2021-08-23,2021,8,Aug,0,Mon,34,3
2021-08-24,2021,8,Aug,1,Tue,34,3
2021-08-25,2021,8,Aug,2,Wed,34,3
2021-08-26,2021,8,Aug,3,Thu,34,3
2021-08-27,2021,8,Aug,4,Fri,34,3
2021-08-30,2021,8,Aug,0,Mon,35,3
2021-08-31,2021,8,Aug,1,Tue,35,3
2021-09-01,2021,9,Sep,2,Wed,35,3
2021-09-02,2021,9,Sep,3,Thu,35,3
2021-09-03,2021,9,Sep,4,Fri,35,3
2021-09-07,2021,9,Sep,1,Tue,36,3
2021-09-08,2021,9,Sep,2,Wed,36,3
2021-09-09,2021,9,Sep,3,Thu,36,3
2021-09-10,2021,9,Sep,4,Fri,36,3
2021-09-13,2021,9,Sep,0,Mon,37,3
2021-09-14,2021,9,Sep,1,Tue,37,3
2021-09-15,2021,9,Sep,2,Wed,37,3
2021-09-16,2021,9,Sep,3,Thu,37,3
2021-09-17,2021,9,Sep,4,Fri,37,3
2021-09-20,2021,9,Sep,0,Mon,38,3
2021-09-21,2021,9,Sep,1,Tue,38,3
2021-09-22,2021,9,Sep,2,Wed,38,3
2021-09-23,2021,9,Sep,3,Thu,38,3
2021-09-24,2021,9,Sep,4,Fri,38,3
2021-09-27,2021,9,Sep,0,Mon,39,3
2021-09-28,2021,9,Sep,1,Tue,39,3
2021-09-29,2021,9,Sep,2,Wed,39,3
2021-09-30,2021,9,Sep,3,Thu,39,3
2021-10-01,2021,10,Oct,4,Fri,39,4
2021-10-04,2021,10,Oct,0,Mon,40,4
2021-10-05,2021,10,Oct,1,Tue,40,4
2021-10-06,2021,10,Oct,2,Wed,40,4
2021-10-07,2021,10,Oct,3,Thu,40,4
2021-10-08,2021,10,Oct,4,Fri,40,4
2021-10-11,2021,10,Oct,0,Mon,41,4
2021-10-12,2021,10,Oct,1,Tue,41,4
2021-10-13,2021,10,Oct,2,Wed,41,4
2021-10-14,2021,10,Oct,3,Thu,41,4
2021-10-15,2021,10,Oct,4,Fri,41,4
2021-10-18,2021,10,Oct,0,Mon,42,4
2021-10-19,2021,10,Oct,1,Tue,42,4
2021-10-20,2021,10,Oct,2,Wed,42,4
2021-10-21,2021,10,Oct,3,Thu,42,4
2021-10-22,2021,10,Oct,4,Fri,42,4
2021-10-25,2021,10,Oct,0,Mon,43,4
2021-10-26,2021,10,Oct,1,Tue,43,4
2021-10-27,2021,10,Oct,2,Wed,43,4
2021-10-28,2021,10,Oct,3,Thu,43,4
2021-10-29,2021,10,Oct,4,Fri,43,4
2021-11-01,2021,11,Nov,0,Mon,44,4
2021-11-02,2021,11,Nov,1,Tue,44,4
2021-11-03,2021,11,Nov,2,Wed,44,4
2021-11-04,2021,11,Nov,3,Thu,44,4
2021-11-05,2021,11,Nov,4,Fri,44,4
2021-11-08,2021,11,Nov,0,Mon,45,4
2021-11-09,2021,11,Nov,1,Tue,45,4
2021-11-10,2021,11,Nov,2,Wed,45,4
2021-11-11,2021,11,Nov,3,Thu,45,4
2021-11-12,2021,11,Nov,4,Fri,45,4
2021-11-15,2021,11,Nov,0,Mon,46,4
2021-11-16,2021,11,Nov,1,Tue,46,4
2021-11-17,2021,11,Nov,2,Wed,46,4
2021-11-18,2021,11,Nov,3,Thu,46,4
2021-11-19,2021,11,Nov,4,Fri,46,4
2021-11-22,2021,11,Nov,0,Mon,47,4
2021-11-23,2021,11,Nov,1,Tue,47,4
2021-11-24,2021,11,Nov,2,Wed,47,4
2021-11-26,2021,11,Nov,4,Fri,47,4
2021-11-29,2021,11,Nov,0,Mon,48,4
2021-11-30,2021,11,Nov,1,Tue,48,4
2021-12-01,2021,12,Dec,2,Wed,48,4
2021-12-02,2021,12,Dec,3,Thu,48,4
2021-12-03,2021,12,Dec,4,Fri,48,4
2021-12-06,2021,12,Dec,0,Mon,49,4
2021-12-07,2021,12,Dec,1,Tue,49,4
2021-12-08,2021,12,Dec,2,Wed,49,4
2021-12-09,2021,12,Dec,3,Thu,49,4
2021-12-10,2021,12,Dec,4,Fri,49,4
2021-12-13,2021,12,Dec,0,Mon,50,4
2021-12-14,2021,12,Dec,1,Tue,50,4
2021-12-15,2021,12,Dec,2,Wed,50,4
2021-12-16,2021,12,Dec,3,Thu,50,4
2021-12-17,2021,12,Dec,4,Fri,50,4
2021-12-20,2021,12,Dec,0,Mon,51,4
2021-12-21,2021,12,Dec,1,Tue,51,4
2021-12-22,2021,12,Dec,2,Wed,51,4
2021-12-23,2021,12,Dec,3,Thu,51,4
2021-12-27,2021,12,Dec,0,Mon,52,4
2021-12-28,2021,12,Dec,1,Tue,52,4
2021-12-29,2021,12,Dec,2,Wed,52,4
2021-12-30,2021,12,Dec,3,Thu,52,4
2021-12-31,2021,12,Dec,4,Fri,52,4
2022-01-03,2022,1,Jan,0,Mon,1,1
2022-01-04,2022,1,Jan,1,Tue,1,1
2022-01-05,2022,1,Jan,2,Wed,1,1
2022-01-06,2022,1,Jan,3,Thu,1,1
2022-01-07,2022,1,Jan,4,Fri,1,1
2022-01-10,2022,1,Jan,0,Mon,2,1
2022-01-11,2022,1,Jan,1,Tue,2,1
2022-01-12,2022,1,Jan,2,Wed,2,1
2022-01-13,2022,1,Jan,3,Thu,2,1
2022-01-14,2022,1,Jan,4,Fri,2,1
2022-01-18,2022,1,Jan,1,Tue,3,1
2022-01-19,2022,1,Jan,2,Wed,3,1
2022-01-20,2022,1,Jan,3,Thu,3,1
2022-01-21,2022,1,Jan,4,Fri,3,1
2022-01-24,2022,1,Jan,0,Mon,4,1
2022-01-25,2022,1,Jan,1,Tue,4,1
2022-01-26,2022,1,Jan,2,Wed,4,1
2022-01-27,2022,1,Jan,3,Thu,4,1
2022-01-28,2022,1,Jan,4,Fri,4,1
2022-01-31,2022,1,Jan,0,Mon,5,1
2022-02-01,2022,2,Feb,1,Tue,5,1
2022-02-02,2022,2,Feb,2,Wed,5,1
2022-02-03,2022,2,Feb,3,Thu,5,1
2022-02-04,2022,2,Feb,4,Fri,5,1
2022-02-07,2022,2,Feb,0,Mon,6,1
2022-02-08,2022,2,Feb,1,Tue,6,1
2022-02-09,2022,2,Feb,2,Wed,6,1
2022-02-10,2022,2,Feb,3,Thu,6,1
2022-02-11,2022,2,Feb,4,Fri,6,1
2022-02-14,2022,2,Feb,0,Mon,7,1
2022-02-15,2022,2,Feb,1,Tue,7,1
2022-02-16,2022,2,Feb,2,Wed,7,1
2022-02-17,2022,2,Feb,3,Thu,7,1
2022-02-18,2022,2,Feb,4,Fri,7,1
2022-02-22,2022,2,Feb,1,Tue,8,1
2022-02-23,2022,2,Feb,2,Wed,8,1
2022-02-24,2022,2,Feb,3,Thu,8,1
2022-02-25,2022,2,Feb,4,Fri,8,1
2022-02-28,2022,2,Feb,0,Mon,9,1
2022-03-01,2022,3,Mar,1,Tue,9,1
2022-03-02,2022,3,Mar,2,Wed,9,1
2022-03-03,2022,3,Mar,3,Thu,9,1
2022-03-04,2022,3,Mar,4,Fri,9,1
2022-03-07,2022,3,Mar,0,Mon,10,1
2022-03-08,2022,3,Mar,1,Tue,10,1
2022-03-09,2022,3,Mar,2,Wed,10,1
2022-03-10,2022,3,Mar,3,Thu,10,1
2022-03-11,2022,3,Mar,4,Fri,10,1
2022-03-14,2022,3,Mar,0,Mon,11,1
2022-03-15,2022,3,Mar,1,Tue,11,1
2022-03-16,2022,3,Mar,2,Wed,11,1
2022-03-17,2022,3,Mar,3,Thu,11,1
2022-03-18,2022,3,Mar,4,Fri,11,1
2022-03-21,2022,3,Mar,0,Mon,12,1
2022-03-22,2022,3,Mar,1,Tue,12,1
2022-03-23,2022,3,Mar,2,Wed,12,1
2022-03-24,2022,3,Mar,3,Thu,12,1
2022-03-25,2022,3,Mar,4,Fri,12,1
2022-03-28,2022,3,Mar,0,Mon,13,1
2022-03-29,2022,3,Mar,1,Tue,13,1
2022-03-30,2022,3,Mar,2,Wed,13,1
2022-03-31,2022,3,Mar,3,Thu,13,1
2022-04-01,2022,4,Apr,4,Fri,13,2
2022-04-04,2022,4,Apr,0,Mon,14,2
2022-04-05,2022,4,Apr,1,Tue,14,2
2022-04-06,2022,4,Apr,2,Wed,14,2
2022-04-07,2022,4,Apr,3,Thu,14,2
2022-04-08,2022,4,Apr,4,Fri,14,2
2022-04-11,2022,4,Apr,0,Mon,15,2
2022-04-12,2022,4,Apr,1,Tue,15,2
2022-04-13,2022,4,Apr,2,Wed,15,2
2022-04-14,2022,4,Apr,3,Thu,15,2
2022-04-18,2022,4,Apr,0,Mon,16,2
2022-04-19,2022,4,Apr,1,Tue,16,2
2022-04-20,2022,4,Apr,2,Wed,16,2
2022-04-21,2022,4,Apr,3,Thu,16,2
2022-04-22,2022,4,Apr,4,Fri,16,2
2022-04-25,2022,4,Apr,0,Mon,17,2
2022-04-26,2022,4,Apr,1,Tue,17,2
2022-04-27,2022,4,Apr,2,Wed,17,2
2022-04-28,2022,4,Apr,3,Thu,17,2
2022-04-29,2022,4,Apr,4,Fri,17,2
2022-05-02,2022,5,May,0,Mon,18,2
2022-05-03,2022,5,May,1,Tue,18,2
2022-05-04,2022,5,May,2,Wed,18,2
2022-05-05,2022,5,May,3,Thu,18,2
2022-05-06,2022,5,May,4,Fri,18,2
2022-05-09,2022,5,May,0,Mon,19,2
2022-05-10,2022,5,May,1,Tue,19,2
2022-05-11,2022,5,May,2,Wed,19,2
2022-05-12,2022,5,May,3,Thu,19,2
2022-05-13,2022,5,May,4,Fri,19,2
2022-05-16,2022,5,May,0,Mon,20,2
2022-05-17,2022,5,May,1,Tue,20,2
2022-05-18,2022,5,May,2,Wed,20,2
2022-05-19,2022,5,May,3,Thu,20,2
2022-05-20,2022,5,May,4,Fri,20,2
2022-05-23,2022,5,May,0,Mon,21,2
2022-05-24,2022,5,May,1,Tue,21,2
2022-05-25,2022,5,May,2,Wed,21,2
2022-05-26,2022,5,May,3,Thu,21,2
2022-05-27,2022,5,May,4,Fri,21,2
2022-05-31,2022,5,May,1,Tue,22,2
2022-06-01,2022,6,Jun,2,Wed,22,2
2022-06-02,2022,6,Jun,3,Thu,22,2
2022-06-03,2022,6,Jun,4,Fri,22,2
2022-06-06,2022,6,Jun,0,Mon,23,2
2022-06-07,2022,6,Jun,1,Tue,23,2
2022-06-08,2022,6,Jun,2,Wed,23,2
2022-06-09,2022,6,Jun,3,Thu,23,2
2022-06-10,2022,6,Jun,4,Fri,23,2
2022-06-13,2022,6,Jun,0,Mon,24,2
2022-06-14,2022,6,Jun,1,Tue,24,2
2022-06-15,2022,6,Jun,2,Wed,24,2
2022-06-16,2022,6,Jun,3,Thu,24,2
2022-06-17,2022,6,Jun,4,Fri,24,2
2022-06-21,2022,6,Jun,1,Tue,25,2
2022-06-22,2022,6,Jun,2,Wed,25,2
2022-06-23,2022,6,Jun,3,Thu,25,2
2022-06-24,2022,6,Jun,4,Fri,25,2
2022-06-27,2022,6,Jun,0,Mon,26,2
2022-06-28,2022,6,Jun,1,Tue,26,2
2022-06-29,2022,6,Jun,2,Wed,26,2
2022-06-30,2022,6,Jun,3,Thu,26,2
2022-07-01,2022,7,Jul,4,Fri,26,3
2022-07-05,2022,7,Jul,1,Tue,27,3
2022-07-06,2022,7,Jul,2,Wed,27,3
2022-07-07,2022,7,Jul,3,Thu,27,3
2022-07-08,2022,7,Jul,4,Fri,27,3
2022-07-11,2022,7,Jul,0,Mon,28,3
2022-07-12,2022,7,Jul,1,Tue,28,3
2022-07-13,2022,7,Jul,2,Wed,28,3
2022-07-14,2022,7,Jul,3,Thu,28,3
2022-07-15,2022,7,Jul,4,Fri,28,3
2022-07-18,2022,7,Jul,0,Mon,29,3
2022-07-19,2022,7,Jul,1,Tue,29,3
2022-07-20,2022,7,Jul,2,Wed,29,3
2022-07-21,2022,7,Jul,3,Thu,29,3
2022-07-22,2022,7,Jul,4,Fri,29,3
2022-07-25,2022,7,Jul,0,Mon,30,3
2022-07-26,2022,7,Jul,1,Tue,30,3
2022-07-27,2022,7,Jul,2,Wed,30,3
2022-07-28,2022,7,Jul,3,Thu,30,3
2022-07-29,2022,7,Jul,4,Fri,30,3
2022-08-01,2022,8,Aug,0,Mon,31,3
2022-08-02,2022,8,Aug,1,Tue,31,3
2022-08-03,2022,8,Aug,2,Wed,31,3
2022-08-04,2022,8,Aug,3,Thu,31,3
2022-08-05,2022,8,Aug,4,Fri,31,3
2022-08-08,2022,8,Aug,0,Mon,32,3
2022-08-09,2022,8,Aug,1,Tue,32,3
2022-08-10,2022,8,Aug,2,Wed,32,3
2022-08-11,2022,8,Aug,3,Thu,32,3
2022-08-12,2022,8,Aug,4,Fri,32,3
2022-08-15,2022,8,Aug,0,Mon,33,3
2022-08-16,2022,8,Aug,1,Tue,33,3
2022-08-17,2022,8,Aug,2,Wed,33,3
2022-08-18,2022,8,Aug,3,Thu,33,3
2022-08-19,2022,8,Aug,4,Fri,33,3
2022-08-22,2022,8,Aug,0,Mon,34,3
2022-08-23,2022,8,Aug,1,Tue,34,3
2022-08-24,2022,8,Aug,2,Wed,34,3
2022-08-25,2022,8,Aug,3,Thu,34,3
2022-08-26,2022,8,Aug,4,Fri,34,3
2022-08-29,2022,8,Aug,0,Mon,35,3
2022-08-30,2022,8,Aug,1,Tue,35,3
2022-08-31,2022,8,Aug,2,Wed,35,3
2022-09-01,2022,9,Sep,3,Thu,35,3
2022-09-02,2022,9,Sep,4,Fri,35,3
2022-09-06,2022,9,Sep,1,Tue,36,3
2022-09-07,2022,9,Sep,2,Wed,36,3
2022-09-08,2022,9,Sep,3,Thu,36,3
2022-09-09,2022,9,Sep,4,Fri,36,3
2022-09-12,2022,9,Sep,0,Mon,37,3
2022-09-13,2022,9,Sep,1,Tue,37,3
2022-09-14,2022,9,Sep,2,Wed,37,3
2022-09-15,2022,9,Sep,3,Thu,37,3
2022-09-16,2022,9,Sep,4,Fri,37,3
2022-09-19,2022,9,Sep,0,Mon,38,3
2022-09-20,2022,9,Sep,1,Tue,38,3
2022-09-21,2022,9,Sep,2,Wed,38,3
2022-09-22,2022,9,Sep,3,Thu,38,3
2022-09-23,2022,9,Sep,4,Fri,38,3
2022-09-26,2022,9,Sep,0,Mon,39,3
2022-09-27,2022,9,Sep,1,Tue,39,3
2022-09-28,2022,9,Sep,2,Wed,39,3
2022-09-29,2022,9,Sep,3,Thu,39,3
2022-09-30,2022,9,Sep,4,Fri,39,3
2022-10-03,2022,10,Oct,0,Mon,40,4
2022-10-04,2022,10,Oct,1,Tue,40,4
2022-10-05,2022,10,Oct,2,Wed,40,4
2022-10-06,2022,10,Oct,3,Thu,40,4
2022-10-07,2022,10,Oct,4,Fri,40,4
2022-10-10,2022,10,Oct,0,Mon,41,4
2022-10-11,2022,10,Oct,1,Tue,41,4
2022-10-12,2022,10,Oct,2,Wed,41,4
2022-10-13,2022,10,Oct,3,Thu,41,4
2022-10-14,2022,10,Oct,4,Fri,41,4
2022-10-17,2022,10,Oct,0,Mon,42,4
2022-10-18,2022,10,Oct,1,Tue,42,4
2022-10-19,2022,10,Oct,2,Wed,42,4
2022-10-20,2022,10,Oct,3,Thu,42,4
2022-10-21,2022,10,Oct,4,Fri,42,4
2022-10-24,2022,10,Oct,0,Mon,43,4
2022-10-25,2022,10,Oct,1,Tue,43,4
2022-10-26,2022,10,Oct,2,Wed,43,4
2022-10-27,2022,10,Oct,3,Thu,43,4
2022-10-28,2022,10,Oct,4,Fri,43,4
2022-10-31,2022,10,Oct,0,Mon,44,4
2022-11-01,2022,11,Nov,1,Tue,44,4
2022-11-02,2022,11,Nov,2,Wed,44,4
2022-11-03,2022,11,Nov,3,Thu,44,4
2022-11-04,2022,11,Nov,4,Fri,44,4
2022-11-07,2022,11,Nov,0,Mon,45,4
2022-11-08,2022,11,Nov,1,Tue,45,4
2022-11-09,2022,11,Nov,2,Wed,45,4
2022-11-10,2022,11,Nov,3,Thu,45,4
2022-11-11,2022,11,Nov,4,Fri,45,4
2022-11-14,2022,11,Nov,0,Mon,46,4
2022-11-15,2022,11,Nov,1,Tue,46,4
2022-11-16,2022,11,Nov,2,Wed,46,4
2022-11-17,2022,11,Nov,3,Thu,46,4
2022-11-18,2022,11,Nov,4,Fri,46,4
2022-11-21,2022,11,Nov,0,Mon,47,4
2022-11-22,2022,11,Nov,1,Tue,47,4
2022-11-23,2022,11,Nov,2,Wed,47,4
2022-11-25,2022,11,Nov,4,Fri,47,4
2022-11-28,2022,11,Nov,0,Mon,48,4
2022-11-29,2022,11,Nov,1,Tue,48,4
2022-11-30,2022,11,Nov,2,Wed,48,4
2022-12-01,2022,12,Dec,3,Thu,48,4
2022-12-02,2022,12,Dec,4,Fri,48,4
2022-12-05,2022,12,Dec,0,Mon,49,4
2022-12-06,2022,12,Dec,1,Tue,49,4
2022-12-07,2022,12,Dec,2,Wed,49,4
2022-12-08,2022,12,Dec,3,Thu,49,4
2022-12-09,2022,12,Dec,4,Fri,49,4
2022-12-12,2022,12,Dec,0,Mon,50,4
2022-12-13,2022,12,Dec,1,Tue,50,4
2022-12-14,2022,12,Dec,2,Wed,50,4
2022-12-15,2022,12,Dec,3,Thu,50,4
2022-12-16,2022,12,Dec,4,Fri,50,4
2022-12-19,2022,12,Dec,0,Mon,51,4
2022-12-20,2022,12,Dec,1,Tue,51,4
2022-12-21,2022,12,Dec,2,Wed,51,4
2022-12-22,2022,12,Dec,3,Thu,51,4
2022-12-23,2022,12,Dec,4,Fri,51,4
2022-12-27,2022,12,Dec,1,Tue,52,4
2022-12-28,2022,12,Dec,2,Wed,52,4
2022-12-29,2022,12,Dec,3,Thu,52,4
2022-12-30,2022,12,Dec,4,Fri,52,4
2023-01-03,2023,1,Jan,1,Tue,1,1
2023-01-04,2023,1,Jan,2,Wed,1,1
2023-01-05,2023,1,Jan,3,Thu,1,1
2023-01-06,2023,1,Jan,4,Fri,1,1
2023-01-09,2023,1,Jan,0,Mon,2,1
2023-01-10,2023,1,Jan,1,Tue,2,1
2023-01-11,2023,1,Jan,2,Wed,2,1
2023-01-12,2023,1,Jan,3,Thu,2,1
2023-01-13,2023,1,Jan,4,Fri,2,1
2023-01-17,2023,1,Jan,1,Tue,3,1
2023-01-18,2023,1,Jan,2,Wed,3,1
2023-01-19,2023,1,Jan,3,Thu,3,1
2023-01-20,2023,1,Jan,4,Fri,3,1
2023-01-23,2023,1,Jan,0,Mon,4,1
2023-01-24,2023,1,Jan,1,Tue,4,1
2023-01-25,2023,1,Jan,2,Wed,4,1
2023-01-26,2023,1,Jan,3,Thu,4,1
2023-01-27,2023,1,Jan,4,Fri,4,1
2023-01-30,2023,1,Jan,0,Mon,5,1
2023-01-31,2023,1,Jan,1,Tue,5,1
2023-02-01,2023,2,Feb,2,Wed,5,1
2023-02-02,2023,2,Feb,3,Thu,5,1
2023-02-03,2023,2,Feb,4,Fri,5,1
2023-02-06,2023,2,Feb,0,Mon,6,1
2023-02-07,2023,2,Feb,1,Tue,6,1
2023-02-08,2023,2,Feb,2,Wed,6,1
2023-02-09,2023,2,Feb,3,Thu,6,1
2023-02-10,2023,2,Feb,4,Fri,6,1
2023-02-13,2023,2,Feb,0,Mon,7,1
2023-02-14,2023,2,Feb,1,Tue,7,1
2023-02-15,2023,2,Feb,2,Wed,7,1
2023-02-16,2023,2,Feb,3,Thu,7,1
2023-02-17,2023,2,Feb,4,Fri,7,1
2023-02-21,2023,2,Feb,1,Tue,8,1
2023-02-22,2023,2,Feb,2,Wed,8,1
2023-02-23,2023,2,Feb,3,Thu,8,1
2023-02-24,2023,2,Feb,4,Fri,8,1
2023-02-27,2023,2,Feb,0,Mon,9,1
2023-02-28,2023,2,Feb,1,Tue,9,1
2023-03-01,2023,3,Mar,2,Wed,9,1
2023-03-02,2023,3,Mar,3,Thu,9,1
2023-03-03,2023,3,Mar,4,Fri,9,1
2023-03-06,2023,3,Mar,0,Mon,10,1
2023-03-07,2023,3,Mar,1,Tue,10,1
2023-03-08,2023,3,Mar,2,Wed,10,1
2023-03-09,2023,3,Mar,3,Thu,10,1
2023-03-10,2023,3,Mar,4,Fri,10,1
2023-03-13,2023,3,Mar,0,Mon,11,1
2023-03-14,2023,3,Mar,1,Tue,11,1
2023-03-15,2023,3,Mar,2,Wed,11,1
2023-03-16,2023,3,Mar,3,Thu,11,1
2023-03-17,2023,3,Mar,4,Fri,11,1
2023-03-20,2023,3,Mar,0,Mon,12,1
2023-03-21,2023,3,Mar,1,Tue,12,1
2023-03-22,2023,3,Mar,2,Wed,12,1
2023-03-23,2023,3,Mar,3,Thu,12,1
2023-03-24,2023,3,Mar,4,Fri,12,1
2023-03-27,2023,3,Mar,0,Mon,13,1
2023-03-28,2023,3,Mar,1,Tue,13,1
2023-03-29,2023,3,Mar,2,Wed,13,1
2023-03-30,2023,3,Mar,3,Thu,13,1
2023-03-31,2023,3,Mar,4,Fri,13,1
2023-04-03,2023,4,Apr,0,Mon,14,2
2023-04-04,2023,4,Apr,1,Tue,14,2
2023-04-05,2023,4,Apr,2,Wed,14,2
2023-04-06,2023,4,Apr,3,Thu,14,2
2023-04-10,2023,4,Apr,0,Mon,15,2
2023-04-11,2023,4,Apr,1,Tue,15,2
2023-04-12,2023,4,Apr,2,Wed,15,2
2023-04-13,2023,4,Apr,3,Thu,15,2
2023-04-14,2023,4,Apr,4,Fri,15,2
2023-04-17,2023,4,Apr,0,Mon,16,2
2023-04-18,2023,4,Apr,1,Tue,16,2
2023-04-19,2023,4,Apr,2,Wed,16,2
2023-04-20,2023,4,Apr,3,Thu,16,2
2023-04-21,2023,4,Apr,4,Fri,16,2
2023-04-24,2023,4,Apr,0,Mon,17,2
2023-04-25,2023,4,Apr,1,Tue,17,2
2023-04-26,2023,4,Apr,2,Wed,17,2
2023-04-27,2023,4,Apr,3,Thu,17,2
2023-04-28,2023,4,Apr,4,Fri,17,2
2023-05-01,2023,5,May,0,Mon,18,2
2023-05-02,2023,5,May,1,Tue,18,2
2023-05-03,2023,5,May,2,Wed,18,2
2023-05-04,2023,5,May,3,Thu,18,2
2023-05-05,2023,5,May,4,Fri,18,2
2023-05-08,2023,5,May,0,Mon,19,2
2023-05-09,2023,5,May,1,Tue,19,2
2023-05-10,2023,5,May,2,Wed,19,2
2023-05-11,2023,5,May,3,Thu,19,2
2023-05-12,2023,5,May,4,Fri,19,2
2023-05-15,2023,5,May,0,Mon,20,2
2023-05-16,2023,5,May,1,Tue,20,2
2023-05-17,2023,5,May,2,Wed,20,2
2023-05-18,2023,5,May,3,Thu,20,2
2023-05-19,2023,5,May,4,Fri,20,2
2023-05-22,2023,5,May,0,Mon,21,2
2023-05-23,2023,5,May,1,Tue,21,2
2023-05-24,2023,5,May,2,Wed,21,2
2023-05-25,2023,5,May,3,Thu,21,2
2023-05-26,2023,5,May,4,Fri,21,2
2023-05-30,2023,5,May,1,Tue,22,2
2023-05-31,2023,5,May,2,Wed,22,2
2023-06-01,2023,6,Jun,3,Thu,22,2
2023-06-02,2023,6,Jun,4,Fri,22,2
2023-06-05,2023,6,Jun,0,Mon,23,2
2023-06-06,2023,6,Jun,1,Tue,23,2
2023-06-07,2023,6,Jun,2,Wed,23,2
2023-06-08,2023,6,Jun,3,Thu,23,2
2023-06-09,2023,6,Jun,4,Fri,23,2
2023-06-12,2023,6,Jun,0,Mon,24,2
2023-06-13,2023,6,Jun,1,Tue,24,2
2023-06-14,2023,6,Jun,2,Wed,24,2
2023-06-15,2023,6,Jun,3,Thu,24,2
2023-06-16,2023,6,Jun,4,Fri,24,2
2023-06-20,2023,6,Jun,1,Tue,25,2
2023-06-21,2023,6,Jun,2,Wed,25,2
2023-06-22,2023,6,Jun,3,Thu,25,2
2023-06-23,2023,6,Jun,4,Fri,25,2
2023-06-26,2023,6,Jun,0,Mon,26,2
2023-06-27,2023,6,Jun,1,Tue,26,2
2023-06-28,2023,6,Jun,2,Wed,26,2
2023-06-29,2023,6,Jun,3,Thu,26,2
2023-06-30,2023,6,Jun,4,Fri,26,2
2023-07-03,2023,7,Jul,0,Mon,27,3
2023-07-05,2023,7,Jul,2,Wed,27,3
2023-07-06,2023,7,Jul,3,Thu,27,3
2023-07-07,2023,7,Jul,4,Fri,27,3
2023-07-10,2023,7,Jul,0,Mon,28,3
2023-07-11,2023,7,Jul,1,Tue,28,3
2023-07-12,2023,7,Jul,2,Wed,28,3
2023-07-13,2023,7,Jul,3,Thu,28,3
2023-07-14,2023,7,Jul,4,Fri,28,3
2023-07-17,2023,7,Jul,0,Mon,29,3
2023-07-18,2023,7,Jul,1,Tue,29,3
2023-07-19,2023,7,Jul,2,Wed,29,3
2023-07-20,2023,7,Jul,3,Thu,29,3
2023-07-21,2023,7,Jul,4,Fri,29,3
2023-07-24,2023,7,Jul,0,Mon,30,3
2023-07-25,2023,7,Jul,1,Tue,30,3
2023-07-26,2023,7,Jul,2,Wed,30,3
2023-07-27,2023,7,Jul,3,Thu,30,3
2023-07-28,2023,7,Jul,4,Fri,30,3
2023-07-31,2023,7,Jul,0,Mon,31,3
2023-08-01,2023,8,Aug,1,Tue,31,3
2023-08-02,2023,8,Aug,2,Wed,31,3
2023-08-03,2023,8,Aug,3,Thu,31,3
2023-08-04,2023,8,Aug,4,Fri,31,3
2023-08-07,2023,8,Aug,0,Mon,32,3
2023-08-08,2023,8,Aug,1,Tue,32,3
2023-08-09,2023,8,Aug,2,Wed,32,3
2023-08-10,2023,8,Aug,3,Thu,32,3
2023-08-11,2023,8,Aug,4,Fri,32,3
2023-08-14,2023,8,Aug,0,Mon,33,3
2023-08-15,2023,8,Aug,1,Tue,33,3
2023-08-16,2023,8,Aug,2,Wed,33,3
2023-08-17,2023,8,Aug,3,Thu,33,3
2023-08-18,2023,8,Aug,4,Fri,33,3
2023-08-21,2023,8,Aug,0,Mon,34,3
2023-08-22,2023,8,Aug,1,Tue,34,3
2023-08-23,2023,8,Aug,2,Wed,34,3
2023-08-24,2023,8,Aug,3,Thu,34,3
2023-08-25,2023,8,Aug,4,Fri,34,3
2023-08-28,2023,8,Aug,0,Mon,35,3
2023-08-29,2023,8,Aug,1,Tue,35,3
2023-08-30,2023,8,Aug,2,Wed,35,3
2023-08-31,2023,8,Aug,3,Thu,35,3
2023-09-01,2023,9,Sep,4,Fri,35,3
2023-09-05,2023,9,Sep,1,Tue,36,3
2023-09-06,2023,9,Sep,2,Wed,36,3
2023-09-07,2023,9,Sep,3,Thu,36,3
2023-09-08,2023,9,Sep,4,Fri,36,3
2023-09-11,2023,9,Sep,0,Mon,37,3
2023-09-12,2023,9,Sep,1,Tue,37,3
2023-09-13,2023,9,Sep,2,Wed,37,3
2023-09-14,2023,9,Sep,3,Thu,37,3
2023-09-15,2023,9,Sep,4,Fri,37,3
2023-09-18,2023,9,Sep,0,Mon,38,3
2023-09-19,2023,9,Sep,1,Tue,38,3
2023-09-20,2023,9,Sep,2,Wed,38,3
2023-09-21,2023,9,Sep,3,Thu,38,3
2023-09-22,2023,9,Sep,4,Fri,38,3
2023-09-25,2023,9,Sep,0,Mon,39,3
2023-09-26,2023,9,Sep,1,Tue,39,3
2023-09-27,2023,9,Sep,2,Wed,39,3
2023-09-28,2023,9,Sep,3,Thu,39,3
2023-09-29,2023,9,Sep,4,Fri,39,3
2023-10-02,2023,10,Oct,0,Mon,40,4
2023-10-03,2023,10,Oct,1,Tue,40,4
2023-10-04,2023,10,Oct,2,Wed,40,4
2023-10-05,2023,10,Oct,3,Thu,40,4
2023-10-06,2023,10,Oct,4,Fri,40,4
2023-10-09,2023,10,Oct,0,Mon,41,4
2023-10-10,2023,10,Oct,1,Tue,41,4
2023-10-11,2023,10,Oct,2,Wed,41,4
2023-10-12,2023,10,Oct,3,Thu,41,4
2023-10-13,2023,10,Oct,4,Fri,41,4
2023-10-16,2023,10,Oct,0,Mon,42,4
2023-10-17,2023,10,Oct,1,Tue,42,4
2023-10-18,2023,10,Oct,2,Wed,42,4
2023-10-19,2023,10,Oct,3,Thu,42,4
2023-10-20,2023,10,Oct,4,Fri,42,4
2023-10-23,2023,10,Oct,0,Mon,43,4
2023-10-24,2023,10,Oct,1,Tue,43,4
2023-10-25,2023,10,Oct,2,Wed,43,4
2023-10-26,2023,10,Oct,3,Thu,43,4
2023-10-27,2023,10,Oct,4,Fri,43,4
2023-10-30,2023,10,Oct,0,Mon,44,4
2023-10-31,2023,10,Oct,1,Tue,44,4
2023-11-01,2023,11,Nov,2,Wed,44,4
2023-11-02,2023,11,Nov,3,Thu,44,4
2023-11-03,2023,11,Nov,4,Fri,44,4
2023-11-06,2023,11,Nov,0,Mon,45,4
2023-11-07,2023,11,Nov,1,Tue,45,4
2023-11-08,2023,11,Nov,2,Wed,45,4
2023-11-09,2023,11,Nov,3,Thu,45,4
2023-11-10,2023,11,Nov,4,Fri,45,4
2023-11-13,2023,11,Nov,0,Mon,46,4
2023-11-14,2023,11,Nov,1,Tue,46,4
2023-11-15,2023,11,Nov,2,Wed,46,4
2023-11-16,2023,11,Nov,3,Thu,46,4
2023-11-17,2023,11,Nov,4,Fri,46,4
2023-11-20,2023,11,Nov,0,Mon,47,4
2023-11-21,2023,11,Nov,1,Tue,47,4
2023-11-22,2023,11,Nov,2,Wed,47,4
2023-11-24,2023,11,Nov,4,Fri,47,4
2023-11-27,2023,11,Nov,0,Mon,48,4
2023-11-28,2023,11,Nov,1,Tue,48,4
2023-11-29,2023,11,Nov,2,Wed,48,4
2023-11-30,2023,11,Nov,3,Thu,48,4
2023-12-01,2023,12,Dec,4,Fri,48,4
2023-12-04,2023,12,Dec,0,Mon,49,4
2023-12-05,2023,12,Dec,1,Tue,49,4
2023-12-06,2023,12,Dec,2,Wed,49,4
2023-12-07,2023,12,Dec,3,Thu,49,4
2023-12-08,2023,12,Dec,4,Fri,49,4
2023-12-11,2023,12,Dec,0,Mon,50,4
2023-12-12,2023,12,Dec,1,Tue,50,4
2023-12-13,2023,12,Dec,2,Wed,50,4
2023-12-14,2023,12,Dec,3,Thu,50,4
2023-12-15,2023,12,Dec,4,Fri,50,4
2023-12-18,2023,12,Dec,0,Mon,51,4
2023-12-19,2023,12,Dec,1,Tue,51,4
2023-12-20,2023,12,Dec,2,Wed,51,4
2023-12-21,2023,12,Dec,3,Thu,51,4
2023-12-22,2023,12,Dec,4,Fri,51,4
2023-12-26,2023,12,Dec,1,Tue,52,4
2023-12-27,2023,12,Dec,2,Wed,52,4
2023-12-28,2023,12,Dec,3,Thu,52,4
2023-12-29,2023,12,Dec,4,Fri,52,4
2024-01-02,2024,1,Jan,1,Tue,1,1
2024-01-03,2024,1,Jan,2,Wed,1,1
2024-01-04,2024,1,Jan,3,Thu,1,1
2024-01-05,2024,1,Jan,4,Fri,1,1
2024-01-08,2024,1,Jan,0,Mon,2,1
2024-01-09,2024,1,Jan,1,Tue,2,1
2024-01-10,2024,1,Jan,2,Wed,2,1
2024-01-11,2024,1,Jan,3,Thu,2,1
2024-01-12,2024,1,Jan,4,Fri,2,1
2024-01-16,2024,1,Jan,1,Tue,3,1
2024-01-17,2024,1,Jan,2,Wed,3,1
2024-01-18,2024,1,Jan,3,Thu,3,1
2024-01-19,2024,1,Jan,4,Fri,3,1
2024-01-22,2024,1,Jan,0,Mon,4,1
2024-01-23,2024,1,Jan,1,Tue,4,1
2024-01-24,2024,1,Jan,2,Wed,4,1
2024-01-25,2024,1,Jan,3,Thu,4,1
2024-01-26,2024,1,Jan,4,Fri,4,1
2024-01-29,2024,1,Jan,0,Mon,5,1
2024-01-30,2024,1,Jan,1,Tue,5,1
2024-01-31,2024,1,Jan,2,Wed,5,1
2024-02-01,2024,2,Feb,3,Thu,5,1
2024-02-02,2024,2,Feb,4,Fri,5,1
2024-02-05,2024,2,Feb,0,Mon,6,1
2024-02-06,2024,2,Feb,1,Tue,6,1
2024-02-07,2024,2,Feb,2,Wed,6,1
2024-02-08,2024,2,Feb,3,Thu,6,1
2024-02-09,2024,2,Feb,4,Fri,6,1
2024-02-12,2024,2,Feb,0,Mon,7,1
2024-02-13,2024,2,Feb,1,Tue,7,1
2024-02-14,2024,2,Feb,2,Wed,7,1
2024-02-15,2024,2,Feb,3,Thu,7,1
2024-02-16,2024,2,Feb,4,Fri,7,1
2024-02-20,2024,2,Feb,1,Tue,8,1
2024-02-21,2024,2,Feb,2,Wed,8,1
2024-02-22,2024,2,Feb,3,Thu,8,1
2024-02-23,2024,2,Feb,4,Fri,8,1
2024-02-26,2024,2,Feb,0,Mon,9,1
2024-02-27,2024,2,Feb,1,Tue,9,1
2024-02-28,2024,2,Feb,2,Wed,9,1
2024-02-29,2024,2,Feb,3,Thu,9,1
2024-03-01,2024,3,Mar,4,Fri,9,1
2024-03-04,2024,3,Mar,0,Mon,10,1
2024-03-05,2024,3,Mar,1,Tue,10,1
2024-03-06,2024,3,Mar,2,Wed,10,1
2024-03-07,2024,3,Mar,3,Thu,10,1
2024-03-08,2024,3,Mar,4,Fri,10,1
2024-03-11,2024,3,Mar,0,Mon,11,1
2024-03-12,2024,3,Mar,1,Tue,11,1
2024-03-13,2024,3,Mar,2,Wed,11,1
2024-03-14,2024,3,Mar,3,Thu,11,1
2024-03-15,2024,3,Mar,4,Fri,11,1
2024-03-18,2024,3,Mar,0,Mon,12,1
2024-03-19,2024,3,Mar,1,Tue,12,1
2024-03-20,2024,3,Mar,2,Wed,12,1
2024-03-21,2024,3,Mar,3,Thu,12,1
2024-03-22,2024,3,Mar,4,Fri,12,1
2024-03-25,2024,3,Mar,0,Mon,13,1
2024-03-26,2024,3,Mar,1,Tue,13,1
2024-03-27,2024,3,Mar,2,Wed,13,1
2024-03-28,2024,3,Mar,3,Thu,13,1
2024-04-01,2024,4,Apr,0,Mon,14,2
2024-04-02,2024,4,Apr,1,Tue,14,2
2024-04-03,2024,4,Apr,2,Wed,14,2
2024-04-04,2024,4,Apr,3,Thu,14,2
2024-04-05,2024,4,Apr,4,Fri,14,2
2024-04-08,2024,4,Apr,0,Mon,15,2
2024-04-09,2024,4,Apr,1,Tue,15,2
2024-04-10,2024,4,Apr,2,Wed,15,2
2024-04-11,2024,4,Apr,3,Thu,15,2
2024-04-12,2024,4,Apr,4,Fri,15,2
2024-04-15,2024,4,Apr,0,Mon,16,2
2024-04-16,2024,4,Apr,1,Tue,16,2
2024-04-17,2024,4,Apr,2,Wed,16,2
2024-04-18,2024,4,Apr,3,Thu,16,2
2024-04-19,2024,4,Apr,4,Fri,16,2
2024-04-22,2024,4,Apr,0,Mon,17,2
2024-04-23,2024,4,Apr,1,Tue,17,2
2024-04-24,2024,4,Apr,2,Wed,17,2
2024-04-25,2024,4,Apr,3,Thu,17,2
2024-04-26,2024,4,Apr,4,Fri,17,2
2024-04-29,2024,4,Apr,0,Mon,18,2
2024-04-30,2024,4,Apr,1,Tue,18,2
2024-05-01,2024,5,May,2,Wed,18,2
2024-05-02,2024,5,May,3,Thu,18,2
2024-05-03,2024,5,May,4,Fri,18,2
2024-05-06,2024,5,May,0,Mon,19,2
2024-05-07,2024,5,May,1,Tue,19,2
2024-05-08,2024,5,May,2,Wed,19,2
2024-05-09,2024,5,May,3,Thu,19,2
2024-05-10,2024,5,May,4,Fri,19,2
2024-05-13,2024,5,May,0,Mon,20,2
2024-05-14,2024,5,May,1,Tue,20,2
2024-05-15,2024,5,May,2,Wed,20,2
2024-05-16,2024,5,May,3,Thu,20,2
2024-05-17,2024,5,May,4,Fri,20,2
2024-05-20,2024,5,May,0,Mon,21,2
2024-05-21,2024,5,May,1,Tue,21,2
2024-05-22,2024,5,May,2,Wed,21,2
2024-05-23,2024,5,May,3,Thu,21,2
2024-05-24,2024,5,May,4,Fri,21,2
2024-05-28,2024,5,May,1,Tue,22,2
2024-05-29,2024,5,May,2,Wed,22,2
2024-05-30,2024,5,May,3,Thu,22,2
2024-05-31,2024,5,May,4,Fri,22,2
2024-06-03,2024,6,Jun,0,Mon,23,2
2024-06-04,2024,6,Jun,1,Tue,23,2
2024-06-05,2024,6,Jun,2,Wed,23,2
2024-06-06,2024,6,Jun,3,Thu,23,2
2024-06-07,2024,6,Jun,4,Fri,23,2
2024-06-10,2024,6,Jun,0,Mon,24,2
2024-06-11,2024,6,Jun,1,Tue,24,2
2024-06-12,2024,6,Jun,2,Wed,24,2
2024-06-13,2024,6,Jun,3,Thu,24,2
2024-06-14,2024,6,Jun,4,Fri,24,2
2024-06-17,2024,6,Jun,0,Mon,25,2
2024-06-18,2024,6,Jun,1,Tue,25,2
2024-06-20,2024,6,Jun,3,Thu,25,2
2024-06-21,2024,6,Jun,4,Fri,25,2
2024-06-24,2024,6,Jun,0,Mon,26,2
2024-06-25,2024,6,Jun,1,Tue,26,2
2024-06-26,2024,6,Jun,2,Wed,26,2
2024-06-27,2024,6,Jun,3,Thu,26,2
2024-06-28,2024,6,Jun,4,Fri,26,2
2024-07-01,2024,7,Jul,0,Mon,27,3
2024-07-02,2024,7,Jul,1,Tue,27,3
2024-07-03,2024,7,Jul,2,Wed,27,3
2024-07-05,2024,7,Jul,4,Fri,27,3
2024-07-08,2024,7,Jul,0,Mon,28,3
2024-07-09,2024,7,Jul,1,Tue,28,3
2024-07-10,2024,7,Jul,2,Wed,28,3
2024-07-11,2024,7,Jul,3,Thu,28,3
2024-07-12,2024,7,Jul,4,Fri,28,3
2024-07-15,2024,7,Jul,0,Mon,29,3
2024-07-16,2024,7,Jul,1,Tue,29,3
2024-07-17,2024,7,Jul,2,Wed,29,3
2024-07-18,2024,7,Jul,3,Thu,29,3
2024-07-19,2024,7,Jul,4,Fri,29,3
2024-07-22,2024,7,Jul,0,Mon,30,3
2024-07-23,2024,7,Jul,1,Tue,30,3
2024-07-24,2024,7,Jul,2,Wed,30,3
2024-07-25,2024,7,Jul,3,Thu,30,3
2024-07-26,2024,7,Jul,4,Fri,30,3
2024-07-29,2024,7,Jul,0,Mon,31,3
2024-07-30,2024,7,Jul,1,Tue,31,3
2024-07-31,2024,7,Jul,2,Wed,31,3
2024-08-01,2024,8,Aug,3,Thu,31,3
2024-08-02,2024,8,Aug,4,Fri,31,3
2024-08-05,2024,8,Aug,0,Mon,32,3
2024-08-06,2024,8,Aug,1,Tue,32,3
2024-08-07,2024,8,Aug,2,Wed,32,3
2024-08-08,2024,8,Aug,3,Thu,32,3
2024-08-09,2024,8,Aug,4,Fri,32,3
2024-08-12,2024,8,Aug,0,Mon,33,3
2024-08-13,2024,8,Aug,1,Tue,33,3
2024-08-14,2024,8,Aug,2,Wed,33,3
2024-08-15,2024,8,Aug,3,Thu,33,3
2024-08-16,2024,8,Aug,4,Fri,33,3
2024-08-19,2024,8,Aug,0,Mon,34,3
2024-08-20,2024,8,Aug,1,Tue,34,3
2024-08-21,2024,8,Aug,2,Wed,34,3
2024-08-22,2024,8,Aug,3,Thu,34,3
2024-08-23,2024,8,Aug,4,Fri,34,3
2024-08-26,2024,8,Aug,0,Mon,35,3
2024-08-27,2024,8,Aug,1,Tue,35,3
2024-08-28,2024,8,Aug,2,Wed,35,3
2024-08-29,2024,8,Aug,3,Thu,35,3
2024-08-30,2024,8,Aug,4,Fri,35,3
2024-09-03,2024,9,Sep,1,Tue,36,3
2024-09-04,2024,9,Sep,2,Wed,36,3
2024-09-05,2024,9,Sep,3,Thu,36,3
2024-09-06,2024,9,Sep,4,Fri,36,3
2024-09-09,2024,9,Sep,0,Mon,37,3
2024-09-10,2024,9,Sep,1,Tue,37,3
2024-09-11,2024,9,Sep,2,Wed,37,3
2024-09-12,2024,9,Sep,3,Thu,37,3
2024-09-13,2024,9,Sep,4,Fri,37,3
2024-09-16,2024,9,Sep,0,Mon,38,3
2024-09-17,2024,9,Sep,1,Tue,38,3
2024-09-18,2024,9,Sep,2,Wed,38,3
2024-09-19,2024,9,Sep,3,Thu,38,3
2024-09-20,2024,9,Sep,4,Fri,38,3
2024-09-23,2024,9,Sep,0,Mon,39,3
2024-09-24,2024,9,Sep,1,Tue,39,3
2024-09-25,2024,9,Sep,2,Wed,39,3
2024-09-26,2024,9,Sep,3,Thu,39,3
2024-09-27,2024,9,Sep,4,Fri,39,3
2024-09-30,2024,9,Sep,0,Mon,40,3
2024-10-01,2024,10,Oct,1,Tue,40,4
2024-10-02,2024,10,Oct,2,Wed,40,4
2024-10-03,2024,10,Oct,3,Thu,40,4
2024-10-04,2024,10,Oct,4,Fri,40,4
2024-10-07,2024,10,Oct,0,Mon,41,4
2024-10-08,2024,10,Oct,1,Tue,41,4
2024-10-09,2024,10,Oct,2,Wed,41,4
2024-10-10,2024,10,Oct,3,Thu,41,4
2024-10-11,2024,10,Oct,4,Fri,41,4
2024-10-14,2024,10,Oct,0,Mon,42,4
2024-10-15,2024,10,Oct,1,Tue,42,4
2024-10-16,2024,10,Oct,2,Wed,42,4
2024-10-17,2024,10,Oct,3,Thu,42,4
2024-10-18,2024,10,Oct,4,Fri,42,4
2024-10-21,2024,10,Oct,0,Mon,43,4
2024-10-22,2024,10,Oct,1,Tue,43,4
2024-10-23,2024,10,Oct,2,Wed,43,4
2024-10-24,2024,10,Oct,3,Thu,43,4
2024-10-25,2024,10,Oct,4,Fri,43,4
2024-10-28,2024,10,Oct,0,Mon,44,4
2024-10-29,2024,10,Oct,1,Tue,44,4
2024-10-30,2024,10,Oct,2,Wed,44,4
2024-10-31,2024,10,Oct,3,Thu,44,4
2024-11-01,2024,11,Nov,4,Fri,44,4
2024-11-04,2024,11,Nov,0,Mon,45,4
2024-11-05,2024,11,Nov,1,Tue,45,4
2024-11-06,2024,11,Nov,2,Wed,45,4
2024-11-07,2024,11,Nov,3,Thu,45,4
2024-11-08,2024,11,Nov,4,Fri,45,4
2024-11-11,2024,11,Nov,0,Mon,46,4
2024-11-12,2024,11,Nov,1,Tue,46,4
2024-11-13,2024,11,Nov,2,Wed,46,4
2024-11-14,2024,11,Nov,3,Thu,46,4
2024-11-15,2024,11,Nov,4,Fri,46,4
2024-11-18,2024,11,Nov,0,Mon,47,4
2024-11-19,2024,11,Nov,1,Tue,47,4
2024-11-20,2024,11,Nov,2,Wed,47,4
2024-11-21,2024,11,Nov,3,Thu,47,4
2024-11-22,2024,11,Nov,4,Fri,47,4
2024-11-25,2024,11,Nov,0,Mon,48,4
2024-11-26,2024,11,Nov,1,Tue,48,4
2024-11-27,2024,11,Nov,2,Wed,48,4
2024-11-29,2024,11,Nov,4,Fri,48,4
2024-12-02,2024,12,Dec,0,Mon,49,4
2024-12-03,2024,12,Dec,1,Tue,49,4
2024-12-04,2024,12,Dec,2,Wed,49,4
2024-12-05,2024,12,Dec,3,Thu,49,4
2024-12-06,2024,12,Dec,4,Fri,49,4
2024-12-09,2024,12,Dec,0,Mon,50,4
2024-12-10,2024,12,Dec,1,Tue,50,4
2024-12-11,2024,12,Dec,2,Wed,50,4
2024-12-12,2024,12,Dec,3,Thu,50,4
2024-12-13,2024,12,Dec,4,Fri,50,4
2024-12-16,2024,12,Dec,0,Mon,51,4
2024-12-17,2024,12,Dec,1,Tue,51,4
2024-12-18,2024,12,Dec,2,Wed,51,4
2024-12-19,2024,12,Dec,3,Thu,51,4
2024-12-20,2024,12,Dec,4,Fri,51,4
2024-12-23,2024,12,Dec,0,Mon,52,4
2024-12-24,2024,12,Dec,1,Tue,52,4
2024-12-26,2024,12,Dec,3,Thu,52,4
2024-12-27,2024,12,Dec,4,Fri,52,4
2024-12-30,2024,12,Dec,0,Mon,1,4
2024-12-31,2024,12,Dec,1,Tue,1,4
2025-01-02,2025,1,Jan,3,Thu,1,1
2025-01-03,2025,1,Jan,4,Fri,1,1
2025-01-06,2025,1,Jan,0,Mon,2,1
2025-01-07,2025,1,Jan,1,Tue,2,1
2025-01-08,2025,1,Jan,2,Wed,2,1
2025-01-10,2025,1,Jan,4,Fri,2,1
2025-01-13,2025,1,Jan,0,Mon,3,1
2025-01-14,2025,1,Jan,1,Tue,3,1
2025-01-15,2025,1,Jan,2,Wed,3,1
2025-01-16,2025,1,Jan,3,Thu,3,1
2025-01-17,2025,1,Jan,4,Fri,3,1
2025-01-21,2025,1,Jan,1,Tue,4,1
2025-01-22,2025,1,Jan,2,Wed,4,1
2025-01-23,2025,1,Jan,3,Thu,4,1
2025-01-24,2025,1,Jan,4,Fri,4,1
2025-01-27,2025,1,Jan,0,Mon,5,1
2025-01-28,2025,1,Jan,1,Tue,5,1
2025-01-29,2025,1,Jan,2,Wed,5,1
2025-01-30,2025,1,Jan,3,Thu,5,1
2025-01-31,2025,1,Jan,4,Fri,5,1
2025-02-03,2025,2,Feb,0,Mon,6,1
2025-02-04,2025,2,Feb,1,Tue,6,1
2025-02-05,2025,2,Feb,2,Wed,6,1
2025-02-06,2025,2,Feb,3,Thu,6,1
2025-02-07,2025,2,Feb,4,Fri,6,1
2025-02-10,2025,2,Feb,0,Mon,7,1
2025-02-11,2025,2,Feb,1,Tue,7,1
2025-02-12,2025,2,Feb,2,Wed,7,1
2025-02-13,2025,2,Feb,3,Thu,7,1
2025-02-14,2025,2,Feb,4,Fri,7,1
2025-02-18,2025,2,Feb,1,Tue,8,1
2025-02-19,2025,2,Feb,2,Wed,8,1
2025-02-20,2025,2,Feb,3,Thu,8,1
2025-02-21,2025,2,Feb,4,Fri,8,1
2025-02-24,2025,2,Feb,0,Mon,9,1
2025-02-25,2025,2,Feb,1,Tue,9,1
2025-02-26,2025,2,Feb,2,Wed,9,1
2025-02-27,2025,2,Feb,3,Thu,9,1
2025-02-28,2025,2,Feb,4,Fri,9,1
2025-03-03,2025,3,Mar,0,Mon,10,1
2025-03-04,2025,3,Mar,1,Tue,10,1
2025-03-05,2025,3,Mar,2,Wed,10,1
2025-03-06,2025,3,Mar,3,Thu,10,1
2025-03-07,2025,3,Mar,4,Fri,10,1
2025-03-10,2025,3,Mar,0,Mon,11,1
2025-03-11,2025,3,Mar,1,Tue,11,1
2025-03-12,2025,3,Mar,2,Wed,11,1
2025-03-13,2025,3,Mar,3,Thu,11,1
2025-03-14,2025,3,Mar,4,Fri,11,1
2025-03-17,2025,3,Mar,0,Mon,12,1
2025-03-18,2025,3,Mar,1,Tue,12,1
2025-03-19,2025,3,Mar,2,Wed,12,1
2025-03-20,2025,3,Mar,3,Thu,12,1
2025-03-21,2025,3,Mar,4,Fri,12,1
2025-03-24,2025,3,Mar,0,Mon,13,1
2025-03-25,2025,3,Mar,1,Tue,13,1
2025-03-26,2025,3,Mar,2,Wed,13,1
2025-03-27,2025,3,Mar,3,Thu,13,1
2025-03-28,2025,3,Mar,4,Fri,13,1
2025-03-31,2025,3,Mar,0,Mon,14,1
2025-04-01,2025,4,Apr,1,Tue,14,2
2025-04-02,2025,4,Apr,2,Wed,14,2
2025-04-03,2025,4,Apr,3,Thu,14,2
2025-04-04,2025,4,Apr,4,Fri,14,2
2025-04-07,2025,4,Apr,0,Mon,15,2
2025-04-08,2025,4,Apr,1,Tue,15,2
2025-04-09,2025,4,Apr,2,Wed,15,2
2025-04-10,2025,4,Apr,3,Thu,15,2
2025-04-11,2025,4,Apr,4,Fri,15,2
2025-04-14,2025,4,Apr,0,Mon,16,2
2025-04-15,2025,4,Apr,1,Tue,16,2
2025-04-16,2025,4,Apr,2,Wed,16,2
2025-04-17,2025,4,Apr,3,Thu,16,2
2025-04-21,2025,4,Apr,0,Mon,17,2
2025-04-22,2025,4,Apr,1,Tue,17,2
2025-04-23,2025,4,Apr,2,Wed,17,2
2025-04-24,2025,4,Apr,3,Thu,17,2
2025-04-25,2025,4,Apr,4,Fri,17,2
2025-04-28,2025,4,Apr,0,Mon,18,2
2025-04-29,2025,4,Apr,1,Tue,18,2
2025-04-30,2025,4,Apr,2,Wed,18,2
2025-05-01,2025,5,May,3,Thu,18,2
2025-05-02,2025,5,May,4,Fri,18,2
2025-05-05,2025,5,May,0,Mon,19,2
2025-05-06,2025,5,May,1,Tue,19,2
2025-05-07,2025,5,May,2,Wed,19,2
2025-05-08,2025,5,May,3,Thu,19,2
2025-05-09,2025,5,May,4,Fri,19,2
2025-05-12,2025,5,May,0,Mon,20,2
2025-05-13,2025,5,May,1,Tue,20,2
2025-05-14,2025,5,May,2,Wed,20,2
2025-05-15,2025,5,May,3,Thu,20,2
2025-05-16,2025,5,May,4,Fri,20,2
2025-05-19,2025,5,May,0,Mon,21,2
2025-05-20,2025,5,May,1,Tue,21,2
2025-05-21,2025,5,May,2,Wed,21,2
2025-05-22,2025,5,May,3,Thu,21,2
2025-05-23,2025,5,May,4,Fri,21,2
2025-05-27,2025,5,May,1,Tue,22,2
2025-05-28,2025,5,May,2,Wed,22,2
2025-05-29,2025,5,May,3,Thu,22,2
2025-05-30,2025,5,May,4,Fri,22,2
2025-06-02,2025,6,Jun,0,Mon,23,2
2025-06-03,2025,6,Jun,1,Tue,23,2
2025-06-04,2025,6,Jun,2,Wed,23,2
2025-06-05,2025,6,Jun,3,Thu,23,2
2025-06-06,2025,6,Jun,4,Fri,23,2
2025-06-09,2025,6,Jun,0,Mon,24,2
2025-06-10,2025,6,Jun,1,Tue,24,2
2025-06-11,2025,6,Jun,2,Wed,24,2
2025-06-12,2025,6,Jun,3,Thu,24,2
2025-06-13,2025,6,Jun,4,Fri,24,2
2025-06-16,2025,6,Jun,0,Mon,25,2
2025-06-17,2025,6,Jun,1,Tue,25,2
2025-06-18,2025,6,Jun,2,Wed,25,2
2025-06-20,2025,6,Jun,4,Fri,25,2
2025-06-23,2025,6,Jun,0,Mon,26,2
2025-06-24,2025,6,Jun,1,Tue,26,2
2025-06-25,2025,6,Jun,2,Wed,26,2
2025-06-26,2025,6,Jun,3,Thu,26,2
2025-06-27,2025,6,Jun,4,Fri,26,2
2025-06-30,2025,6,Jun,0,Mon,27,2
2025-07-01,2025,7,Jul,1,Tue,27,3
2025-07-02,2025,7,Jul,2,Wed,27,3
2025-07-03,2025,7,Jul,3,Thu,27,3
2025-07-07,2025,7,Jul,0,Mon,28,3
2025-07-08,2025,7,Jul,1,Tue,28,3
2025-07-09,2025,7,Jul,2,Wed,28,3
2025-07-10,2025,7,Jul,3,Thu,28,3
2025-07-11,2025,7,Jul,4,Fri,28,3
2025-07-14,2025,7,Jul,0,Mon,29,3
2025-07-15,2025,7,Jul,1,Tue,29,3
2025-07-16,2025,7,Jul,2,Wed,29,3
2025-07-17,2025,7,Jul,3,Thu,29,3
2025-07-18,2025,7,Jul,4,Fri,29,3
2025-07-21,2025,7,Jul,0,Mon,30,3
2025-07-22,2025,7,Jul,1,Tue,30,3
2025-07-23,2025,7,Jul,2,Wed,30,3
2025-07-24,2025,7,Jul,3,Thu,30,3
2025-07-25,2025,7,Jul,4,Fri,30,3
2025-07-28,2025,7,Jul,0,Mon,31,3
2025-07-29,2025,7,Jul,1,Tue,31,3
2025-07-30,2025,7,Jul,2,Wed,31,3
2025-07-31,2025,7,Jul,3,Thu,31,3
2025-08-01,2025,8,Aug,4,Fri,31,3
2025-08-04,2025,8,Aug,0,Mon,32,3
2025-08-05,2025,8,Aug,1,Tue,32,3
2025-08-06,2025,8,Aug,2,Wed,32,3
2025-08-07,2025,8,Aug,3,Thu,32,3
2025-08-08,2025,8,Aug,4,Fri,32,3
2025-08-11,2025,8,Aug,0,Mon,33,3
2025-08-12,2025,8,Aug,1,Tue,33,3
2025-08-13,2025,8,Aug,2,Wed,33,3
2025-08-14,2025,8,Aug,3,Thu,33,3
2025-08-15,2025,8,Aug,4,Fri,33,3
2025-08-18,2025,8,Aug,0,Mon,34,3
2025-08-19,2025,8,Aug,1,Tue,34,3
2025-08-20,2025,8,Aug,2,Wed,34,3
2025-08-21,2025,8,Aug,3,Thu,34,3
2025-08-22,2025,8,Aug,4,Fri,34,3
2025-08-25,2025,8,Aug,0,Mon,35,3
2025-08-26,2025,8,Aug,1,Tue,35,3
2025-08-27,2025,8,Aug,2,Wed,35,3
2025-08-28,2025,8,Aug,3,Thu,35,3
2025-08-29,2025,8,Aug,4,Fri,35,3
2025-09-02,2025,9,Sep,1,Tue,36,3
2025-09-03,2025,9,Sep,2,Wed,36,3
2025-09-04,2025,9,Sep,3,Thu,36,3
2025-09-05,2025,9,Sep,4,Fri,36,3
2025-09-08,2025,9,Sep,0,Mon,37,3
2025-09-09,2025,9,Sep,1,Tue,37,3
2025-09-10,2025,9,Sep,2,Wed,37,3
2025-09-11,2025,9,Sep,3,Thu,37,3
2025-09-12,2025,9,Sep,4,Fri,37,3
2025-09-15,2025,9,Sep,0,Mon,38,3
2025-09-16,2025,9,Sep,1,Tue,38,3
2025-09-17,2025,9,Sep,2,Wed,38,3
2025-09-18,2025,9,Sep,3,Thu,38,3
2025-09-19,2025,9,Sep,4,Fri,38,3
2025-09-22,2025,9,Sep,0,Mon,39,3
2025-09-23,2025,9,Sep,1,Tue,39,3
2025-09-24,2025,9,Sep,2,Wed,39,3
2025-09-25,2025,9,Sep,3,Thu,39,3
2025-09-26,2025,9,Sep,4,Fri,39,3
2025-09-29,2025,9,Sep,0,Mon,40,3
2025-09-30,2025,9,Sep,1,Tue,40,3
2025-10-01,2025,10,Oct,2,Wed,40,4
2025-10-02,2025,10,Oct,3,Thu,40,4
2025-10-03,2025,10,Oct,4,Fri,40,4
2025-10-06,2025,10,Oct,0,Mon,41,4
2025-10-07,2025,10,Oct,1,Tue,41,4
2025-10-08,2025,10,Oct,2,Wed,41,4
2025-10-09,2025,10,Oct,3,Thu,41,4
2025-10-10,2025,10,Oct,4,Fri,41,4
2025-10-13,2025,10,Oct,0,Mon,42,4
2025-10-14,2025,10,Oct,1,Tue,42,4
2025-10-15,2025,10,Oct,2,Wed,42,4
2025-10-16,2025,10,Oct,3,Thu,42,4
2025-10-17,2025,10,Oct,4,Fri,42,4
2025-10-20,2025,10,Oct,0,Mon,43,4
2025-10-21,2025,10,Oct,1,Tue,43,4
2025-10-22,2025,10,Oct,2,Wed,43,4
2025-10-23,2025,10,Oct,3,Thu,43,4
2025-10-24,2025,10,Oct,4,Fri,43,4
2025-10-27,2025,10,Oct,0,Mon,44,4
2025-10-28,2025,10,Oct,1,Tue,44,4
2025-10-29,2025,10,Oct,2,Wed,44,4
2025-10-30,2025,10,Oct,3,Thu,44,4
2025-10-31,2025,10,Oct,4,Fri,44,4
2025-11-03,2025,11,Nov,0,Mon,45,4
2025-11-04,2025,11,Nov,1,Tue,45,4
2025-11-05,2025,11,Nov,2,Wed,45,4
2025-11-06,2025,11,Nov,3,Thu,45,4
2025-11-07,2025,11,Nov,4,Fri,45,4
2025-11-10,2025,11,Nov,0,Mon,46,4
2025-11-11,2025,11,Nov,1,Tue,46,4
2025-11-12,2025,11,Nov,2,Wed,46,4
2025-11-13,2025,11,Nov,3,Thu,46,4
2025-11-14,2025,11,Nov,4,Fri,46,4
2025-11-17,2025,11,Nov,0,Mon,47,4
2025-11-18,2025,11,Nov,1,Tue,47,4
2025-11-19,2025,11,Nov,2,Wed,47,4
2025-11-20,2025,11,Nov,3,Thu,47,4
2025-11-21,2025,11,Nov,4,Fri,47,4
2025-11-24,2025,11,Nov,0,Mon,48,4
2025-11-25,2025,11,Nov,1,Tue,48,4
2025-11-26,2025,11,Nov,2,Wed,48,4
2025-11-28,2025,11,Nov,4,Fri,48,4
2025-12-01,2025,12,Dec,0,Mon,49,4
2025-12-02,2025,12,Dec,1,Tue,49,4
2025-12-03,2025,12,Dec,2,Wed,49,4
2025-12-04,2025,12,Dec,3,Thu,49,4
2025-12-05,2025,12,Dec,4,Fri,49,4
2025-12-08,2025,12,Dec,0,Mon,50,4
2025-12-09,2025,12,Dec,1,Tue,50,4
2025-12-10,2025,12,Dec,2,Wed,50,4
2025-12-11,2025,12,Dec,3,Thu,50,4
2025-12-12,2025,12,Dec,4,Fri,50,4
2025-12-15,2025,12,Dec,0,Mon,51,4
2025-12-16,2025,12,Dec,1,Tue,51,4
2025-12-17,2025,12,Dec,2,Wed,51,4
2025-12-18,2025,12,Dec,3,Thu,51,4
2025-12-19,2025,12,Dec,4,Fri,51,4
2025-12-22,2025,12,Dec,0,Mon,52,4
2025-12-23,2025,12,Dec,1,Tue,52,4
2025-12-24,2025,12,Dec,2,Wed,52,4
2025-12-26,2025,12,Dec,4,Fri,52,4
2025-12-29,2025,12,Dec,0,Mon,1,4
2025-12-30,2025,12,Dec,1,Tue,1,4
2025-12-31,2025,12,Dec,2,Wed,1,4
2026-01-02,2026,1,Jan,4,Fri,1,1
2026-01-05,2026,1,Jan,0,Mon,2,1
2026-01-06,2026,1,Jan,1,Tue,2,1
2026-01-07,2026,1,Jan,2,Wed,2,1
2026-01-08,2026,1,Jan,3,Thu,2,1
2026-01-09,2026,1,Jan,4,Fri,2,1
2026-01-12,2026,1,Jan,0,Mon,3,1
2026-01-13,2026,1,Jan,1,Tue,3,1
2026-01-14,2026,1,Jan,2,Wed,3,1
2026-01-15,2026,1,Jan,3,Thu,3,1
2026-01-16,2026,1,Jan,4,Fri,3,1
2026-01-20,2026,1,Jan,1,Tue,4,1
2026-01-21,2026,1,Jan,2,Wed,4,1
2026-01-22,2026,1,Jan,3,Thu,4,1
2026-01-23,2026,1,Jan,4,Fri,4,1
2026-01-26,2026,1,Jan,0,Mon,5,1
2026-01-27,2026,1,Jan,1,Tue,5,1
2026-01-28,2026,1,Jan,2,Wed,5,1
2026-01-29,2026,1,Jan,3,Thu,5,1
2026-01-30,2026,1,Jan,4,Fri,5,1
2026-02-02,2026,2,Feb,0,Mon,6,1
2026-02-03,2026,2,Feb,1,Tue,6,1
2026-02-04,2026,2,Feb,2,Wed,6,1
2026-02-05,2026,2,Feb,3,Thu,6,1
2026-02-06,2026,2,Feb,4,Fri,6,1
2026-02-09,2026,2,Feb,0,Mon,7,1
2026-02-10,2026,2,Feb,1,Tue,7,1
2026-02-11,2026,2,Feb,2,Wed,7,1
2026-02-12,2026,2,Feb,3,Thu,7,1
2026-02-13,2026,2,Feb,4,Fri,7,1
2026-02-17,2026,2,Feb,1,Tue,8,1
2026-02-18,2026,2,Feb,2,Wed,8,1
2026-02-19,2026,2,Feb,3,Thu,8,1
2026-02-20,2026,2,Feb,4,Fri,8,1
2026-02-23,2026,2,Feb,0,Mon,9,1
2026-02-24,2026,2,Feb,1,Tue,9,1
2026-02-25,2026,2,Feb,2,Wed,9,1
2026-02-26,2026,2,Feb,3,Thu,9,1
2026-02-27,2026,2,Feb,4,Fri,9,1
2026-03-02,2026,3,Mar,0,Mon,10,1
2026-03-03,2026,3,Mar,1,Tue,10,1
2026-03-04,2026,3,Mar,2,Wed,10,1
2026-03-05,2026,3,Mar,3,Thu,10,1
2026-03-06,2026,3,Mar,4,Fri,10,1
