date,ticker,article_count,avg_sentiment,bullish_count,bearish_count,neutral_count,market_group,bull_bear_ratio
2022-01-03,GLD,1,0.016271475702524185,0,0,1,Commodities,0.0
2022-01-03,QQQ,1,0.01847451739013195,0,0,1,US,0.0
2022-01-03,SPY,8,0.07995624875184149,0,0,5,US,0.0
2022-01-04,QQQ,3,-0.6424808390438557,0,0,0,US,0.0
2022-01-04,SPY,13,-0.10420674701722768,0,0,5,US,0.0
2022-01-05,GLD,3,0.42529246024787426,0,0,1,Commodities,0.0
2022-01-05,SLV,1,0.02708042412996292,0,0,1,Commodities,0.0
2022-01-05,SPY,3,0.5206535669664542,0,0,1,US,0.0
2022-01-05,USO,2,0.2665458209812641,0,0,1,Commodities,0.0
2022-01-06,SPY,2,0.23981102649122477,0,0,1,US,0.0
2022-01-07,QQQ,1,-0.8454591520130634,0,0,0,US,0.0
2022-01-07,SPY,2,-0.8975611082278192,0,0,0,US,0.0
2022-01-10,QQQ,2,0.060004545375704765,0,0,2,US,0.0
2022-01-10,SPY,6,0.18315485461304584,0,0,5,US,0.0
2022-01-10,USO,1,-0.20185159891843796,0,0,1,Commodities,0.0
2022-01-11,QQQ,2,0.47930446546524763,0,0,1,US,0.0
2022-01-11,SPY,5,-0.009878996387124061,0,0,1,US,0.0
2022-01-12,SPY,3,0.15046637194852033,0,0,2,US,0.0
2022-01-13,GLD,1,0.09610310196876526,0,0,0,Commodities,0.0
2022-01-13,QQQ,2,0.13680984172970057,0,0,1,US,0.0
2022-01-13,SPY,6,0.07406465988606215,0,0,3,US,0.0
2022-01-13,USO,1,0.09610310196876526,0,0,0,Commodities,0.0
2022-01-14,QQQ,1,0.17860866710543633,0,0,1,US,0.0
2022-01-14,SPY,5,-0.0038109652698040007,0,0,3,US,0.0
2022-01-18,QQQ,3,0.2293032972762982,0,0,2,US,0.0
2022-01-18,SPY,4,0.07630628487095237,0,0,2,US,0.0
2022-01-19,GLD,1,0.2594757154583931,0,0,1,Commodities,0.0
2022-01-19,QQQ,2,-0.31782786920666695,0,0,1,US,0.0
2022-01-19,SPY,5,-0.4241529740393162,0,0,1,US,0.0
2022-01-20,SPY,3,-0.00549880104760329,0,0,3,US,0.0
2022-01-21,GLD,1,0.726549357175827,0,0,0,Commodities,0.0
2022-01-21,QQQ,3,-0.6243085556974014,0,0,1,US,0.0
2022-01-21,SPY,9,-0.13584842543221182,0,0,5,US,0.0
2022-01-24,GLD,5,-0.40502099618315696,0,0,1,Commodities,0.0
2022-01-24,QQQ,5,-0.561141012609005,0,0,1,US,0.0
2022-01-24,SPY,21,-0.4247502808326057,0,0,7,US,0.0
2022-01-25,QQQ,1,0.10473161190748215,0,0,1,US,0.0
2022-01-25,SPY,6,-0.2769413661832611,0,0,4,US,0.0
2022-01-26,GLD,1,-0.8092463910579681,0,0,0,Commodities,0.0
2022-01-26,QQQ,4,-0.1665134944487363,0,0,3,US,0.0
2022-01-26,SPY,6,-0.295923779408137,0,0,3,US,0.0
2022-01-27,QQQ,1,0.8762087002396584,0,0,0,US,0.0
2022-01-27,SPY,3,-0.007613729064663251,0,0,1,US,0.0
2022-01-28,SPY,3,-0.34123392403125763,0,0,1,US,0.0
2022-01-31,SPY,7,-0.5408185945291605,0,0,1,US,0.0
2022-02-01,SPY,1,0.5945840552449226,0,0,0,US,0.0
2022-02-02,GLD,1,0.11080020666122437,0,0,1,Commodities,0.0
2022-02-02,QQQ,1,-0.8514470439404249,0,0,0,US,0.0
2022-02-02,SPY,4,-0.2398294573649764,0,0,3,US,0.0
2022-02-03,QQQ,3,0.061503603433569275,0,0,0,US,0.0
2022-02-03,SPY,9,0.11727902851998806,0,0,3,US,0.0
2022-02-04,GLD,1,-0.8293715957552195,0,0,0,Commodities,0.0
2022-02-04,QQQ,3,0.39708059653639793,0,0,2,US,0.0
2022-02-04,SPY,4,-0.019609418231993914,0,0,2,US,0.0
2022-02-07,GLD,1,0.6102674640715122,0,0,0,Commodities,0.0
2022-02-07,QQQ,2,-0.09690152667462826,0,0,0,US,0.0
2022-02-07,SPY,7,0.057107092812657356,0,0,2,US,0.0
2022-02-07,USO,1,0.8219425966963172,0,0,0,Commodities,0.0
2022-02-08,SPY,6,0.023853799405818183,0,0,3,US,0.0
2022-02-08,USO,1,0.028865053318440914,0,0,1,Commodities,0.0
2022-02-09,QQQ,4,0.17482090136036277,0,0,1,US,0.0
2022-02-09,SPY,7,-0.0050486162570970395,0,0,3,US,0.0
2022-02-09,USO,2,0.37150651682168245,0,0,1,Commodities,0.0
2022-02-10,GLD,1,0.03910692874342203,0,0,1,Commodities,0.0
2022-02-10,QQQ,2,-0.32843609154224396,0,0,0,US,0.0
2022-02-10,SPY,3,-0.20592175144702196,0,0,1,US,0.0
2022-02-11,QQQ,1,-0.9378459407016635,0,0,0,US,0.0
2022-02-11,SPY,8,-0.005585772218182683,0,0,6,US,0.0
2022-02-14,GLD,2,0.04838057607412338,0,0,1,Commodities,0.0
2022-02-14,QQQ,3,-0.26513741351664066,0,0,1,US,0.0
2022-02-14,SPY,7,-0.08495556217219148,0,0,5,US,0.0
2022-02-14,USO,1,-0.8921733926981688,0,0,0,Commodities,0.0
2022-02-15,GLD,1,-0.9344517383724451,0,0,0,Commodities,0.0
2022-02-15,QQQ,4,-0.4901778376661241,0,0,2,US,0.0
2022-02-15,SPY,5,-0.3646798012778163,0,0,2,US,0.0
2022-02-16,GLD,1,-0.5428884718567133,0,0,0,Commodities,0.0
2022-02-16,QQQ,1,-0.006241336464881897,0,0,1,US,0.0
2022-02-16,SPY,1,-0.5428884718567133,0,0,0,US,0.0
2022-02-16,USO,1,-0.5428884718567133,0,0,0,Commodities,0.0
2022-02-17,GLD,1,-0.9480599826201797,0,0,0,Commodities,0.0
2022-02-17,QQQ,1,-0.9480599826201797,0,0,0,US,0.0
2022-02-17,SPY,3,0.059845682233572006,0,0,1,US,0.0
2022-02-18,GLD,2,-0.11681276559829712,0,0,0,Commodities,0.0
2022-02-18,QQQ,1,0.6657425165176392,0,0,0,US,0.0
2022-02-18,SPY,4,-0.2977399080991745,0,0,1,US,0.0
2022-02-22,EWA,1,0.6793219707906246,0,0,0,Australia,0.0
2022-02-22,GLD,5,-0.6182610642164945,0,0,0,Commodities,0.0
2022-02-22,QQQ,4,-0.5672380034811795,0,0,0,US,0.0
2022-02-22,SPY,8,-0.5910420801956207,0,0,1,US,0.0
2022-02-22,^AXJO,1,0.6793219707906246,0,0,0,Australia,0.0
2022-02-23,GLD,10,-0.49320610156282785,0,0,2,Commodities,0.0
2022-02-23,QQQ,9,-0.5955441162611047,0,0,2,US,0.0
2022-02-23,SPY,13,-0.38576104097927993,0,0,3,US,0.0
2022-02-24,GLD,5,-0.2722572362050414,0,0,3,Commodities,0.0
2022-02-24,QQQ,3,-0.38192624257256585,0,0,1,US,0.0
2022-02-24,SPY,10,-0.07819279441609979,0,0,7,US,0.0
2022-02-25,GLD,2,-0.43274562805891037,0,0,1,Commodities,0.0
2022-02-25,SPY,4,-0.15687404060736299,0,0,2,US,0.0
2022-02-28,GLD,2,0.20733300410211086,0,0,0,Commodities,0.0
2022-02-28,QQQ,1,0.8849633745849133,0,0,0,US,0.0
2022-02-28,SPY,4,0.03534101112745702,0,0,0,US,0.0
2022-02-28,USO,1,0.6913404613733292,0,0,0,Commodities,0.0
2022-03-01,GLD,3,0.155757462605834,0,0,1,Commodities,0.0
2022-03-01,QQQ,4,0.30204203398898244,0,0,1,US,0.0
2022-03-01,SPY,7,0.2201194567605853,0,0,3,US,0.0
2022-03-01,USO,1,0.7408957481384277,0,0,0,Commodities,0.0
2022-03-02,GLD,2,-0.3061977084726095,0,0,1,Commodities,0.0
2022-03-02,QQQ,3,0.27146435901522636,0,0,0,US,0.0
2022-03-02,SPY,4,0.01022468926385045,0,0,2,US,0.0
2022-03-03,GLD,2,-0.1069933446124196,0,0,2,Commodities,0.0
2022-03-03,QQQ,1,-0.021975113078951836,0,0,1,US,0.0
2022-03-03,SPY,2,-0.1069933446124196,0,0,2,US,0.0
2022-03-04,GLD,1,-0.9215810652822256,0,0,0,Commodities,0.0
2022-03-04,QQQ,1,-0.7776457630097866,0,0,0,US,0.0
2022-03-04,SPY,6,-0.663332884820799,0,0,1,US,0.0
2022-03-07,GLD,3,-0.04711471435924371,0,0,1,Commodities,0.0
2022-03-07,QQQ,3,-0.21468960804243883,0,0,0,US,0.0
2022-03-07,SLV,1,0.028483103960752487,0,0,1,Commodities,0.0
2022-03-07,SPY,5,-0.31429182589054105,0,0,1,US,0.0
2022-03-07,USO,2,0.04327473044395447,0,0,2,Commodities,0.0
2022-03-09,GLD,2,-0.7037943946197629,0,0,0,Commodities,0.0
2022-03-09,QQQ,3,-0.8652163396279017,0,0,0,US,0.0
2022-03-09,SPY,6,-0.5775989615358412,0,0,0,US,0.0
2022-03-10,GLD,1,-0.16715631633996964,0,0,1,Commodities,0.0
2022-03-10,QQQ,1,-0.16715631633996964,0,0,1,US,0.0
2022-03-10,SPY,3,0.16934578803678355,0,0,2,US,0.0
2022-03-11,GLD,1,0.03240741044282913,0,0,1,Commodities,0.0
2022-03-11,QQQ,2,-0.4190186941996217,0,0,1,US,0.0
2022-03-11,SPY,8,-0.031361077446490526,0,0,4,US,0.0
2022-03-14,GLD,3,-0.3854454917212327,0,0,2,Commodities,0.0
2022-03-14,QQQ,5,-0.5324595656245947,0,0,2,US,0.0
2022-03-14,SLV,1,-0.004584718495607376,0,0,1,Commodities,0.0
2022-03-14,SPY,8,-0.7210095757618546,0,0,2,US,0.0
2022-03-14,USO,4,-0.42462023440748453,0,0,2,Commodities,0.0
2022-03-15,GLD,1,0.8639322482049465,0,0,0,Commodities,0.0
2022-03-15,QQQ,2,0.10588959883898497,0,0,0,US,0.0
2022-03-15,SPY,4,0.14378341427072883,0,0,1,US,0.0
2022-03-16,GLD,2,-0.008365282788872719,0,0,2,Commodities,0.0
2022-03-16,QQQ,4,0.39216321147978306,0,0,2,US,0.0
2022-03-16,SPY,8,0.1577038001269102,0,0,4,US,0.0
2022-03-16,USO,1,0.030129682272672653,0,0,1,Commodities,0.0
2022-03-17,GLD,1,0.3020220398902893,0,0,1,Commodities,0.0
2022-03-17,QQQ,1,0.3893638551235199,0,0,0,US,0.0
2022-03-17,SPY,3,0.35459702213605243,0,0,1,US,0.0
2022-03-17,USO,1,0.37240517139434814,0,0,0,Commodities,0.0
2022-03-18,QQQ,2,-0.0459037683904171,0,0,1,US,0.0
2022-03-18,SPY,2,-0.0459037683904171,0,0,1,US,0.0
2022-03-18,USO,1,-0.027664344757795334,0,0,1,Commodities,0.0
2022-03-21,QQQ,2,0.07204132154583931,0,0,2,US,0.0
2022-03-21,SPY,4,0.1281407899223268,0,0,2,US,0.0
2022-03-22,QQQ,2,0.4800930870696902,0,0,1,US,0.0
2022-03-22,SPY,3,0.3299429826438427,0,0,2,US,0.0
2022-03-23,QQQ,1,0.0511336587369442,0,0,1,US,0.0
2022-03-23,SPY,3,2.3368125160535175e-05,0,0,1,US,0.0
2022-03-23,USO,1,-0.9218861702829599,0,0,0,Commodities,0.0
2022-03-24,GLD,1,-0.7396487966179848,0,0,0,Commodities,0.0
2022-03-24,SPY,3,-0.054886301358540855,0,0,1,US,0.0
2022-03-25,SPY,2,-0.4434957094490528,0,0,1,US,0.0
2022-03-28,GLD,1,-0.0027692168951034546,0,0,1,Commodities,0.0
2022-03-28,QQQ,1,0.6699231788516045,0,0,0,US,0.0
2022-03-28,SPY,7,-0.039129592079137056,0,0,2,US,0.0
2022-03-29,QQQ,1,-0.8760392963886261,0,0,0,US,0.0
2022-03-29,SPY,3,-0.25698868681987125,0,0,2,US,0.0
2022-03-30,GLD,2,-0.38071854738518596,0,0,1,Commodities,0.0
2022-03-30,QQQ,1,0.04292805306613445,0,0,1,US,0.0
2022-03-30,SPY,5,-0.33732085581868887,0,0,3,US,0.0
2022-03-31,GLD,1,0.6390426978468895,0,0,0,Commodities,0.0
2022-03-31,SPY,5,0.06727566979825497,0,0,0,US,0.0
2022-03-31,USO,2,0.8435196299105883,0,0,0,Commodities,0.0
2022-04-01,QQQ,2,0.291000721976161,0,0,1,US,0.0
2022-04-01,SPY,9,0.2733149141487148,0,0,3,US,0.0
2022-04-01,USO,1,-0.9402887225151062,0,0,0,Commodities,0.0
2022-04-04,EWA,1,0.09131531417369843,0,0,1,Australia,0.0
2022-04-04,QQQ,1,0.78673255443573,0,0,0,US,0.0
2022-04-04,SPY,7,0.2779991419187614,0,0,4,US,0.0
2022-04-04,^AXJO,1,0.09131531417369843,0,0,1,Australia,0.0
2022-04-05,GLD,1,-0.005164831876754761,0,0,1,Commodities,0.0
2022-04-05,QQQ,1,-0.9069308685138822,0,0,0,US,0.0
2022-04-05,SPY,4,-0.1994033355731517,0,0,2,US,0.0
2022-04-05,USO,1,0.11291557550430298,0,0,0,Commodities,0.0
2022-04-06,GLD,1,-0.9399181585758924,0,0,0,Commodities,0.0
2022-04-06,QQQ,4,-0.5567890573292971,0,0,0,US,0.0
2022-04-06,SPY,7,-0.6795926128647157,0,0,0,US,0.0
2022-04-06,USO,1,0.012327700853347778,0,0,1,Commodities,0.0
2022-04-07,QQQ,1,0.7487164214253426,0,0,0,US,0.0
2022-04-07,SPY,5,0.15240768529474735,0,0,3,US,0.0
2022-04-08,EWA,1,-0.02722335420548916,0,0,1,Australia,0.0
2022-04-08,GLD,1,0.08216275833547115,0,0,1,Commodities,0.0
2022-04-08,QQQ,2,0.030637379735708237,0,0,0,US,0.0
2022-04-08,SPY,5,0.19893907904624938,0,0,2,US,0.0
2022-04-08,^AXJO,1,-0.02722335420548916,0,0,1,Australia,0.0
2022-04-11,QQQ,1,-0.04658154398202896,0,0,1,US,0.0
2022-04-11,SPY,3,0.2822612163921197,0,0,2,US,0.0
2022-04-12,EWA,1,0.7723119147121906,0,0,0,Australia,0.0
2022-04-12,GLD,1,-0.8948667608201504,0,0,0,Commodities,0.0
2022-04-12,QQQ,1,0.669850517064333,0,0,0,US,0.0
2022-04-12,SPY,2,-0.061277423053979874,0,0,0,US,0.0
2022-04-12,USO,1,0.7723119147121906,0,0,0,Commodities,0.0
2022-04-12,^AXJO,1,0.7723119147121906,0,0,0,Australia,0.0
2022-04-13,GLD,1,0.05460635386407375,0,0,1,Commodities,0.0
2022-04-13,SLV,1,0.05460635386407375,0,0,1,Commodities,0.0
2022-04-13,SPY,3,0.0809590145945549,0,0,3,US,0.0
2022-04-13,USO,1,0.05460635386407375,0,0,1,Commodities,0.0
2022-04-14,QQQ,2,-0.18989306245930493,0,0,0,US,0.0
2022-04-14,SPY,4,-0.2650122159393504,0,0,1,US,0.0
2022-04-18,GLD,1,-0.18846669793128967,0,0,1,Commodities,0.0
2022-04-18,QQQ,2,-0.11063975840806961,0,0,2,US,0.0
2022-04-18,SPY,5,-0.16867368370294572,0,0,4,US,0.0
2022-04-19,SPY,1,-0.8622905798256397,0,0,0,US,0.0
2022-04-20,QQQ,1,-0.866515502333641,0,0,0,US,0.0
2022-04-20,SPY,5,-0.5828036695718766,0,0,2,US,0.0
2022-04-20,USO,1,-0.24033691734075546,0,0,1,Commodities,0.0
2022-04-21,QQQ,2,-0.42230802588164806,0,0,1,US,0.0
2022-04-21,SPY,4,-0.17912224447354674,0,0,2,US,0.0
2022-04-22,GLD,3,-0.39856087043881416,0,0,1,Commodities,0.0
2022-04-22,QQQ,2,-0.4335562326014042,0,0,1,US,0.0
2022-04-22,SPY,5,-0.34635478593409064,0,0,3,US,0.0
2022-04-25,SPY,4,0.6386711057275534,0,0,1,US,0.0
2022-04-26,QQQ,4,-0.36166435200721025,0,0,2,US,0.0
2022-04-26,SPY,3,-0.46801870316267014,0,0,1,US,0.0
2022-04-27,GLD,2,0.1767715564928949,0,0,2,Commodities,0.0
2022-04-27,QQQ,3,0.09005491559704144,0,0,3,US,0.0
2022-04-27,SPY,6,-0.1416706832436224,0,0,5,US,0.0
2022-04-28,QQQ,1,-0.956725561991334,0,0,0,US,0.0
2022-04-28,SPY,3,0.012320675576726595,0,0,1,US,0.0
2022-04-29,GLD,1,-0.9224357772618532,0,0,0,Commodities,0.0
2022-04-29,QQQ,4,-0.9456363799981773,0,0,0,US,0.0
2022-04-29,SPY,15,-0.548346302099526,0,0,4,US,0.0
2022-05-02,GLD,2,-0.15779271395877004,0,0,0,Commodities,0.0
2022-05-02,QQQ,4,-0.4549465321470052,0,0,0,US,0.0
2022-05-02,SPY,8,-0.2828740341356024,0,0,2,US,0.0
2022-05-03,QQQ,2,-0.04622312355786562,0,0,0,US,0.0
2022-05-03,SPY,5,-0.0724708791822195,0,0,1,US,0.0
2022-05-04,GLD,1,-0.37359995394945145,0,0,1,Commodities,0.0
2022-05-04,QQQ,4,-0.5620996006764472,0,0,2,US,0.0
2022-05-04,SPY,6,-0.36521082775046426,0,0,4,US,0.0
2022-05-05,QQQ,3,-0.9351167613640428,0,0,0,US,0.0
2022-05-05,SPY,7,-0.39266679768583607,0,0,3,US,0.0
2022-05-06,QQQ,1,-0.3225613012909889,0,0,1,US,0.0
2022-05-06,SPY,3,-0.41891666563848656,0,0,2,US,0.0
2022-05-06,USO,1,0.05822010710835457,0,0,1,Commodities,0.0
2022-05-09,GLD,2,-0.9590748925693333,0,0,0,Commodities,0.0
2022-05-09,QQQ,3,-0.9037815400709709,0,0,0,US,0.0
2022-05-09,SPY,15,-0.5616986189037562,0,0,2,US,0.0
2022-05-10,GLD,3,-0.30406851957862574,0,0,2,Commodities,0.0
2022-05-10,QQQ,7,-0.2180127019860915,0,0,3,US,0.0
2022-05-10,SPY,13,-0.31742953419542086,0,0,4,US,0.0
2022-05-11,GLD,1,-0.16126971319317818,0,0,1,Commodities,0.0
2022-05-11,QQQ,6,-0.7340677666167418,0,0,1,US,0.0
2022-05-11,SPY,15,-0.3499486691628893,0,0,9,US,0.0
2022-05-12,GLD,1,0.05748364329338074,0,0,1,Commodities,0.0
2022-05-12,SPY,7,-0.49690006101237877,0,0,3,US,0.0
2022-05-13,EWA,1,-0.58247309923172,0,0,0,Australia,0.0
2022-05-13,QQQ,4,-0.20990056218579412,0,0,2,US,0.0
2022-05-13,SPY,7,-0.4197368086980922,0,0,2,US,0.0
2022-05-13,^AXJO,1,-0.58247309923172,0,0,0,Australia,0.0
2022-05-16,GLD,1,-0.9248506389558315,0,0,0,Commodities,0.0
2022-05-16,QQQ,3,-0.8451458012374738,0,0,0,US,0.0
2022-05-16,SPY,6,-0.7046157997877648,0,0,1,US,0.0
2022-05-16,USO,1,-0.9376530032604933,0,0,0,Commodities,0.0
2022-05-17,GLD,2,-0.16828006226569414,0,0,2,Commodities,0.0
2022-05-17,QQQ,2,0.10579672362655401,0,0,2,US,0.0
2022-05-17,SPY,5,-0.020119406655430792,0,0,5,US,0.0
2022-05-18,GLD,2,-0.5676171039231122,0,0,1,Commodities,0.0
2022-05-18,QQQ,14,-0.5054357131011784,0,0,6,US,0.0
2022-05-18,SPY,15,-0.42463839904715617,0,0,8,US,0.0
2022-05-19,GLD,3,-0.7028289303804437,0,0,1,Commodities,0.0
2022-05-19,QQQ,13,-0.7234269155619236,0,0,2,US,0.0
2022-05-19,SPY,18,-0.6326261300386654,0,0,5,US,0.0
2022-05-20,GLD,4,-0.35097252484411,0,0,1,Commodities,0.0
2022-05-20,QQQ,5,-0.13246251344680787,0,0,2,US,0.0
2022-05-20,SPY,14,-0.42669009304206285,0,0,1,US,0.0
2022-05-20,USO,1,0.0274822935461998,0,0,1,Commodities,0.0
2022-05-23,QQQ,5,-0.048642991855740544,0,0,2,US,0.0
2022-05-23,SPY,9,-0.2413098948697249,0,0,4,US,0.0
2022-05-24,GLD,1,0.0032668355852365494,0,0,1,Commodities,0.0
2022-05-24,QQQ,2,-0.29993286821991205,0,0,1,US,0.0
2022-05-24,SPY,4,0.051976414397358894,0,0,2,US,0.0
2022-05-25,QQQ,4,0.19087127409875393,0,0,0,US,0.0
2022-05-25,SPY,5,0.45630698539316655,0,0,1,US,0.0
2022-05-26,QQQ,1,0.08577017486095428,0,0,1,US,0.0
2022-05-26,SPY,3,-0.1803922342757384,0,0,1,US,0.0
2022-05-27,GLD,1,0.8894197754561901,0,0,0,Commodities,0.0
2022-05-27,QQQ,5,-0.08988931439816952,0,0,3,US,0.0
2022-05-27,SPY,6,-0.32286809648697573,0,0,0,US,0.0
2022-05-31,GLD,1,-0.8613294754177332,0,0,0,Commodities,0.0
2022-05-31,SPY,2,-0.40706649888306856,0,0,1,US,0.0
2022-06-01,GLD,1,0.11991982627660036,0,0,1,Commodities,0.0
2022-06-01,QQQ,4,0.28027134318836033,0,0,3,US,0.0
2022-06-01,SPY,5,0.09011420328170061,0,0,3,US,0.0
2022-06-02,GLD,2,-0.7644272716715932,0,0,0,Commodities,0.0
2022-06-02,QQQ,1,-0.19573326036334038,0,0,1,US,0.0
2022-06-02,SPY,4,-0.2037569866515696,0,0,1,US,0.0
2022-06-03,GLD,1,0.02569243125617504,0,0,1,Commodities,0.0
2022-06-03,QQQ,4,0.03606559010222554,0,0,4,US,0.0
2022-06-03,SPY,3,0.33738219427565735,0,0,2,US,0.0
2022-06-06,QQQ,1,0.9050516374409199,0,0,0,US,0.0
2022-06-06,SPY,6,-0.054349052409331,0,0,3,US,0.0
2022-06-07,GLD,2,-0.8914487143047154,0,0,0,Commodities,0.0
2022-06-07,QQQ,1,-0.8303281366825104,0,0,0,US,0.0
2022-06-07,SPY,4,-0.8737789045553654,0,0,0,US,0.0
2022-06-08,QQQ,1,-0.9483053926378489,0,0,0,US,0.0
2022-06-08,SPY,6,-0.0857024237823983,0,0,4,US,0.0
2022-06-09,QQQ,5,-0.09037972427904606,0,0,3,US,0.0
2022-06-09,SPY,8,-0.06383895536419004,0,0,6,US,0.0
2022-06-09,USO,1,0.09319017641246319,0,0,1,Commodities,0.0
2022-06-10,GLD,1,-0.1189936101436615,0,0,0,Commodities,0.0
2022-06-10,QQQ,2,-0.8642710689455271,0,0,0,US,0.0
2022-06-10,SPY,7,-0.19669613568112254,0,0,1,US,0.0
2022-06-13,GLD,4,-0.6518455944024026,0,0,1,Commodities,0.0
2022-06-13,QQQ,11,-0.6541472670876167,0,0,1,US,0.0
2022-06-13,SPY,32,-0.4722167800355237,0,0,11,US,0.0
2022-06-14,GLD,3,-0.43328116089105606,0,0,1,Commodities,0.0
2022-06-14,QQQ,5,-0.5482456186786294,0,0,2,US,0.0
2022-06-14,SPY,20,-0.299380525900051,0,0,13,US,0.0
2022-06-15,GLD,1,-0.5171866416931152,0,0,0,Commodities,0.0
2022-06-15,QQQ,3,-0.4137276168912649,0,0,1,US,0.0
2022-06-15,SPY,6,-0.21296732034534216,0,0,4,US,0.0
2022-06-16,GLD,3,-0.6721007119243344,0,0,1,Commodities,0.0
2022-06-16,QQQ,4,-0.45024197711609304,0,0,0,US,0.0
2022-06-16,SPY,8,-0.3806531705195084,0,0,3,US,0.0
2022-06-17,GLD,1,-0.939610842615366,0,0,0,Commodities,0.0
2022-06-17,SPY,7,-0.17232515410121,0,0,5,US,0.0
2022-06-17,USO,1,0.07115450967103243,0,0,1,Commodities,0.0
2022-06-21,GLD,1,-0.285589762032032,0,0,1,Commodities,0.0
2022-06-21,SPY,3,0.0001723232368628184,0,0,2,US,0.0
2022-06-22,QQQ,2,-0.7349068545736372,0,0,0,US,0.0
2022-06-22,SPY,3,-0.5387453750396768,0,0,0,US,0.0
2022-06-23,QQQ,1,-0.774664506316185,0,0,0,US,0.0
2022-06-23,SPY,3,-0.19745919108390808,0,0,1,US,0.0
2022-06-24,GLD,1,0.042234599590301514,0,0,1,Commodities,0.0
2022-06-24,QQQ,2,0.31538872979581356,0,0,1,US,0.0
2022-06-24,SLV,1,0.0410008542239666,0,0,1,Commodities,0.0
2022-06-24,SPY,10,-0.02127026803791523,0,0,3,US,0.0
2022-06-27,GLD,1,-0.02263573929667473,0,0,1,Commodities,0.0
2022-06-27,QQQ,2,0.017479295376688242,0,0,2,US,0.0
2022-06-27,SPY,7,-0.20842642722917454,0,0,5,US,0.0
2022-06-28,GLD,1,-0.8954948540776968,0,0,0,Commodities,0.0
2022-06-28,QQQ,3,-0.38685645007838804,0,0,2,US,0.0
2022-06-28,SPY,6,-0.23777974645296732,0,0,5,US,0.0
2022-06-29,GLD,1,0.3706846237182617,0,0,0,Commodities,0.0
2022-06-29,QQQ,2,-0.9587538973428309,0,0,0,US,0.0
2022-06-29,SPY,9,-0.36593593698408866,0,0,4,US,0.0
2022-06-30,GLD,2,0.012839300557971,0,0,2,Commodities,0.0
2022-06-30,QQQ,6,-0.11192603874951601,0,0,3,US,0.0
2022-06-30,SPY,16,-0.4351567283156328,0,0,5,US,0.0
2022-07-01,GLD,1,0.030477244406938553,0,0,1,Commodities,0.0
2022-07-01,QQQ,2,0.1729952171444893,0,0,0,US,0.0
2022-07-01,SPY,8,-0.4127786454046145,0,0,2,US,0.0
2022-07-05,QQQ,2,0.3870681852567941,0,0,0,US,0.0
2022-07-05,SPY,5,0.23860774971544743,0,0,2,US,0.0
2022-07-06,GLD,1,0.0032934173941612244,0,0,1,Commodities,0.0
2022-07-06,SPY,4,0.08454047935083508,0,0,4,US,0.0
2022-07-07,GLD,1,0.8858632594347,0,0,0,Commodities,0.0
2022-07-07,QQQ,2,0.7691446281969547,0,0,0,US,0.0
2022-07-07,SPY,4,0.5950624640099704,0,0,1,US,0.0
2022-07-08,GLD,1,0.013608762994408607,0,0,1,Commodities,0.0
2022-07-08,QQQ,1,0.013608762994408607,0,0,1,US,0.0
2022-07-08,SLV,1,0.013608762994408607,0,0,1,Commodities,0.0
2022-07-08,SPY,2,-0.1457895366474986,0,0,2,US,0.0
2022-07-08,USO,2,-0.07412323169410229,0,0,2,Commodities,0.0
2022-07-11,GLD,2,0.05306816007941961,0,0,2,Commodities,0.0
2022-07-11,QQQ,2,-0.04318086337298155,0,0,2,US,0.0
2022-07-11,SLV,1,0.08615919388830662,0,0,1,Commodities,0.0
2022-07-11,SPY,5,0.06074025053530931,0,0,5,US,0.0
2022-07-11,USO,1,0.08615919388830662,0,0,1,Commodities,0.0
2022-07-12,QQQ,1,0.9193234909325838,0,0,0,US,0.0
2022-07-12,SPY,3,-0.2385656243811051,0,0,0,US,0.0
2022-07-13,QQQ,3,0.5942105070377389,0,0,1,US,0.0
2022-07-13,SPY,6,0.3367431308142841,0,0,2,US,0.0
2022-07-13,USO,1,0.7914546644315124,0,0,0,Commodities,0.0
2022-07-14,QQQ,1,-0.9483501650393009,0,0,0,US,0.0
2022-07-14,SPY,4,-0.38226986210793257,0,0,2,US,0.0
2022-07-15,GLD,1,-0.9412324596196413,0,0,0,Commodities,0.0
2022-07-15,QQQ,1,-0.9412324596196413,0,0,0,US,0.0
2022-07-15,SPY,2,-0.6833302238956094,0,0,0,US,0.0
2022-07-18,QQQ,3,-0.030812714248895645,0,0,1,US,0.0
2022-07-18,SPY,4,-0.5489892470650375,0,0,2,US,0.0
2022-07-19,GLD,1,-0.054285675287246704,0,0,0,Commodities,0.0
2022-07-19,QQQ,1,-0.054285675287246704,0,0,0,US,0.0
2022-07-19,SPY,4,-0.11172265373170376,0,0,1,US,0.0
2022-07-20,GLD,1,0.0849103294312954,0,0,1,Commodities,0.0
2022-07-20,QQQ,3,0.1406429000198841,0,0,3,US,0.0
2022-07-20,SPY,3,0.1406429000198841,0,0,3,US,0.0
2022-07-21,GLD,1,0.02317691780626774,0,0,1,Commodities,0.0
2022-07-21,QQQ,3,0.3156009539961815,0,0,2,US,0.0
2022-07-21,SPY,5,-0.1477350015193224,0,0,2,US,0.0
2022-07-22,SPY,3,0.0475716603298982,0,0,3,US,0.0
2022-07-25,QQQ,1,-0.6977290473878384,0,0,0,US,0.0
2022-07-25,SPY,4,0.21714143129065633,0,0,1,US,0.0
2022-07-26,GLD,2,0.03423275798559189,0,0,2,Commodities,0.0
2022-07-26,SPY,1,0.06260374560952187,0,0,1,US,0.0
2022-07-27,QQQ,4,0.17210306180641055,0,0,3,US,0.0
2022-07-27,SPY,3,0.2339055991421143,0,0,2,US,0.0
2022-07-28,QQQ,2,0.35993831045925617,0,0,1,US,0.0
2022-07-28,SPY,2,0.6754617970436811,0,0,0,US,0.0
2022-07-29,QQQ,2,-0.025837131310254335,0,0,0,US,0.0
2022-07-29,SPY,4,0.17390199098736048,0,0,1,US,0.0
2022-08-01,QQQ,1,-0.3085470050573349,0,0,1,US,0.0
2022-08-01,SPY,6,-0.06643915952493747,0,0,2,US,0.0
2022-08-02,GLD,1,0.1906190812587738,0,0,0,Commodities,0.0
2022-08-02,QQQ,1,-0.9505488518625498,0,0,0,US,0.0
2022-08-02,SPY,4,-0.18472919217310846,0,0,2,US,0.0
2022-08-03,GLD,1,-0.9307032553479075,0,0,0,Commodities,0.0
2022-08-03,QQQ,2,-0.23699007695540786,0,0,0,US,0.0
2022-08-03,SPY,5,-0.03307642284780741,0,0,2,US,0.0
2022-08-04,QQQ,3,-0.11216446664184332,0,0,2,US,0.0
2022-08-04,SPY,5,-0.4695760864764452,0,0,2,US,0.0
2022-08-05,QQQ,2,0.02004202175885439,0,0,2,US,0.0
2022-08-05,SPY,2,0.02004202175885439,0,0,2,US,0.0
2022-08-08,QQQ,1,-0.9102979153394699,0,0,0,US,0.0
2022-08-08,SPY,7,-0.03396858235022852,0,0,4,US,0.0
2022-08-09,QQQ,1,0.02719534933567047,0,0,1,US,0.0
2022-08-09,SPY,1,0.02719534933567047,0,0,1,US,0.0
2022-08-10,QQQ,3,-0.05661452002823353,0,0,1,US,0.0
2022-08-10,SPY,5,-0.1505879171192646,0,0,2,US,0.0
2022-08-11,QQQ,3,-0.33124272773663205,0,0,2,US,0.0
2022-08-11,SPY,2,-0.9315966595895588,0,0,0,US,0.0
2022-08-11,USO,1,-0.961598158814013,0,0,0,Commodities,0.0
2022-08-12,GLD,2,0.4815064137801528,0,0,1,Commodities,0.0
2022-08-12,QQQ,5,0.2610594768077135,0,0,2,US,0.0
2022-08-12,SPY,6,0.4238376657788952,0,0,2,US,0.0
2022-08-15,EWA,1,0.09479275345802307,0,0,1,Australia,0.0
2022-08-15,QQQ,2,0.7583129592239857,0,0,0,US,0.0
2022-08-15,SPY,6,0.3524400598059098,0,0,3,US,0.0
2022-08-15,^AXJO,1,0.09479275345802307,0,0,1,Australia,0.0
2022-08-16,QQQ,1,0.35298413038253784,0,0,0,US,0.0
2022-08-16,SPY,3,-0.021323793878157932,0,0,0,US,0.0
2022-08-17,GLD,2,-0.048568159341812134,0,0,2,Commodities,0.0
2022-08-17,QQQ,2,-0.19251121953129768,0,0,0,US,0.0
2022-08-17,SPY,8,-0.14307323342654854,0,0,5,US,0.0
2022-08-18,GLD,1,-0.7551972940564156,0,0,0,Commodities,0.0
2022-08-18,QQQ,1,-0.7551972940564156,0,0,0,US,0.0
2022-08-18,SPY,6,-0.3087718465055029,0,0,4,US,0.0
2022-08-19,QQQ,1,-0.9435584396123886,0,0,0,US,0.0
2022-08-19,SPY,3,-0.34214132465422153,0,0,2,US,0.0
2022-08-22,GLD,1,-0.9327716324478388,0,0,0,Commodities,0.0
2022-08-22,QQQ,1,-0.9327716324478388,0,0,0,US,0.0
2022-08-22,SPY,4,-0.4692684798501432,0,0,2,US,0.0
2022-08-22,USO,1,0.058170733973383904,0,0,1,Commodities,0.0
2022-08-23,GLD,1,0.6641941573470831,0,0,0,Commodities,0.0
2022-08-23,SPY,3,-0.3811621715625127,0,0,0,US,0.0
2022-08-24,QQQ,1,0.7514018006622791,0,0,0,US,0.0
2022-08-24,SPY,3,0.22578604643543562,0,0,0,US,0.0
2022-08-25,QQQ,1,0.18078133463859558,0,0,1,US,0.0
2022-08-25,SPY,2,0.3598458766937256,0,0,1,US,0.0
2022-08-26,GLD,3,-0.3126045602063338,0,0,2,Commodities,0.0
2022-08-26,QQQ,3,-0.4503922884662946,0,0,1,US,0.0
2022-08-26,SPY,8,-0.4307349605951458,0,0,3,US,0.0
2022-08-29,GLD,2,-0.9310453925281763,0,0,0,Commodities,0.0
2022-08-29,QQQ,2,-0.9310453925281763,0,0,0,US,0.0
2022-08-29,SPY,4,-0.5382229490205646,0,0,2,US,0.0
2022-08-30,QQQ,1,-0.001439431682229042,0,0,1,US,0.0
2022-08-30,SPY,4,0.06714648986235261,0,0,1,US,0.0
2022-08-31,QQQ,4,-0.3423286892939359,0,0,2,US,0.0
2022-08-31,SPY,13,-0.2548664998836242,0,0,6,US,0.0
2022-09-01,GLD,3,-0.3945224266499281,0,0,1,Commodities,0.0
2022-09-01,QQQ,2,-0.12840769067406654,0,0,2,US,0.0
2022-09-01,SPY,13,-0.2663391302697934,0,0,6,US,0.0
2022-09-02,EWA,1,0.03398803807795048,0,0,1,Australia,0.0
2022-09-02,QQQ,1,0.9128889460116625,0,0,0,US,0.0
2022-09-02,SPY,5,0.10901128314435482,0,0,2,US,0.0
2022-09-02,USO,1,0.9128889460116625,0,0,0,Commodities,0.0
2022-09-02,^AXJO,1,0.03398803807795048,0,0,1,Australia,0.0
2022-09-06,QQQ,2,-0.7102380683645606,0,0,0,US,0.0
2022-09-06,SPY,5,-0.31712615620344875,0,0,1,US,0.0
2022-09-07,QQQ,2,0.9080757759511471,0,0,0,US,0.0
2022-09-07,SPY,3,0.029266497120261192,0,0,1,US,0.0
2022-09-07,USO,1,-0.8727851286530495,0,0,0,Commodities,0.0
2022-09-08,QQQ,1,0.024222489446401596,0,0,1,US,0.0
2022-09-08,SPY,4,-0.18830811604857445,0,0,3,US,0.0
2022-09-09,GLD,2,0.7732867798767984,0,0,0,Commodities,0.0
2022-09-09,QQQ,4,0.17628629389218986,0,0,1,US,0.0
2022-09-09,SPY,7,0.32199237602097647,0,0,2,US,0.0
2022-09-09,USO,1,0.6401287131011486,0,0,0,Commodities,0.0
2022-09-12,GLD,2,-0.3917147032916546,0,0,1,Commodities,0.0
2022-09-12,QQQ,3,0.05188884803404411,0,0,2,US,0.0
2022-09-12,SPY,6,-0.08081966545432806,0,0,4,US,0.0
2022-09-13,GLD,4,-0.4289057005662471,0,0,2,Commodities,0.0
2022-09-13,QQQ,6,-0.7597942030988634,0,0,1,US,0.0
2022-09-13,SPY,12,-0.6472212399045626,0,0,3,US,0.0
2022-09-14,QQQ,4,-0.43790953303687274,0,0,2,US,0.0
2022-09-14,SPY,9,-0.285708617625965,0,0,3,US,0.0
2022-09-15,GLD,2,-0.7545312480069697,0,0,0,Commodities,0.0
2022-09-15,QQQ,3,-0.28922325155387324,0,0,2,US,0.0
2022-09-15,SPY,8,-0.42361315712332726,0,0,4,US,0.0
2022-09-16,GLD,2,-0.4303093533962965,0,0,1,Commodities,0.0
2022-09-16,SPY,7,-0.5227552869224122,0,0,1,US,0.0
2022-09-19,GLD,1,0.09430841915309429,0,0,1,Commodities,0.0
2022-09-19,QQQ,4,0.17957004881463945,0,0,1,US,0.0
2022-09-19,SPY,9,0.05305727933430009,0,0,4,US,0.0
2022-09-20,GLD,2,-0.1784557392820716,0,0,1,Commodities,0.0
2022-09-20,QQQ,3,-0.4459548859546582,0,0,2,US,0.0
2022-09-20,SPY,4,-0.42647785088047385,0,0,2,US,0.0
2022-09-21,GLD,1,0.009385986253619194,0,0,1,Commodities,0.0
2022-09-21,QQQ,3,-0.149830287322402,0,0,1,US,0.0
2022-09-21,SPY,5,-0.0972018014639616,0,0,3,US,0.0
2022-09-22,GLD,1,-0.03271612897515297,0,0,1,Commodities,0.0
2022-09-22,QQQ,3,0.46392033093919355,0,0,1,US,0.0
2022-09-22,SPY,6,-0.04743428466220697,0,0,2,US,0.0
2022-09-23,GLD,6,-0.7303995955735445,0,0,1,Commodities,0.0
2022-09-23,QQQ,5,-0.8727490421384573,0,0,0,US,0.0
2022-09-23,SPY,11,-0.5518961296501484,0,0,2,US,0.0
2022-09-26,GLD,2,-0.4388647647574544,0,0,1,Commodities,0.0
2022-09-26,QQQ,2,-0.4388647647574544,0,0,1,US,0.0
2022-09-26,SPY,9,-0.11828892005400525,0,0,4,US,0.0
2022-09-26,USO,1,-0.9283214993774891,0,0,0,Commodities,0.0
2022-09-27,GLD,1,-0.7649184465408325,0,0,0,Commodities,0.0
2022-09-27,QQQ,5,-0.737193139642477,0,0,1,US,0.0
2022-09-27,SPY,11,-0.4788857765326446,0,0,5,US,0.0
2022-09-28,GLD,1,0.030259650200605392,0,0,1,Commodities,0.0
2022-09-28,QQQ,1,0.030259650200605392,0,0,1,US,0.0
2022-09-28,SPY,5,-0.2385180927813053,0,0,3,US,0.0
2022-09-29,EWA,1,-0.9522587610408664,0,0,0,Australia,0.0
2022-09-29,GLD,2,-0.4760563112795353,0,0,1,Commodities,0.0
2022-09-29,QQQ,4,-0.675286105601117,0,0,0,US,0.0
2022-09-29,SPY,8,-0.6961663297843188,0,0,1,US,0.0
2022-09-29,^AXJO,1,-0.9522587610408664,0,0,0,Australia,0.0
2022-09-30,QQQ,3,-0.6316878513122598,0,0,1,US,0.0
2022-09-30,SPY,7,-0.550309338606894,0,0,1,US,0.0
2022-10-03,GLD,2,-0.3915825840085745,0,0,1,Commodities,0.0
2022-10-03,QQQ,5,0.000333230197429657,0,0,3,US,0.0
2022-10-03,SPY,10,0.012471124716103076,0,0,4,US,0.0
2022-10-04,QQQ,3,0.31975896159807843,0,0,0,US,0.0
2022-10-04,SPY,12,-0.16318261995911598,0,0,4,US,0.0
2022-10-05,GLD,1,0.04068388044834137,0,0,1,Commodities,0.0
2022-10-05,QQQ,1,0.7962450534105301,0,0,0,US,0.0
2022-10-05,SPY,7,0.0701033733119922,0,0,4,US,0.0
2022-10-06,QQQ,1,-0.025996800512075424,0,0,1,US,0.0
2022-10-06,SPY,3,0.34475252218544483,0,0,2,US,0.0
2022-10-07,QQQ,5,-0.17170426659286023,0,0,4,US,0.0
2022-10-07,SPY,5,-0.19645788818597792,0,0,4,US,0.0
2022-10-10,GLD,1,-0.00535186193883419,0,0,1,Commodities,0.0
2022-10-10,QQQ,2,-0.47834483394399285,0,0,1,US,0.0
2022-10-10,SPY,4,-0.04112984170205891,0,0,1,US,0.0
2022-10-11,QQQ,4,-0.4835025721695274,0,0,2,US,0.0
2022-10-11,SPY,5,-0.48705605026334525,0,0,2,US,0.0
2022-10-12,QQQ,1,-0.9519210495054722,0,0,0,US,0.0
2022-10-12,SPY,9,-0.16586664091381761,0,0,6,US,0.0
2022-10-13,GLD,2,-0.5372489616274834,0,0,1,Commodities,0.0
2022-10-13,QQQ,3,-0.18374602496623993,0,0,1,US,0.0
2022-10-13,SPY,10,0.036914366064593196,0,0,3,US,0.0
2022-10-14,QQQ,2,0.31840167567133904,0,0,0,US,0.0
2022-10-14,SPY,6,0.02321862739821275,0,0,3,US,0.0
2022-10-17,EWA,1,-0.11249131709337234,0,0,1,Australia,0.0
2022-10-17,QQQ,2,0.14221519138664007,0,0,0,US,0.0
2022-10-17,SPY,7,-0.13163555253829276,0,0,0,US,0.0
2022-10-17,^AXJO,1,-0.11249131709337234,0,0,1,Australia,0.0
2022-10-18,GLD,1,-0.2383750006556511,0,0,1,Commodities,0.0
2022-10-18,SPY,6,0.1688689316312472,0,0,4,US,0.0
2022-10-19,GLD,2,0.4232940785586834,0,0,1,Commodities,0.0
2022-10-19,QQQ,4,-0.08414793107658625,0,0,1,US,0.0
2022-10-19,SPY,6,0.14190759401147565,0,0,4,US,0.0
2022-10-20,SPY,3,0.3227995267758767,0,0,1,US,0.0
2022-10-21,GLD,2,-0.41040464490652084,0,0,1,Commodities,0.0
2022-10-21,QQQ,3,-0.5497587199012438,0,0,1,US,0.0
2022-10-21,SPY,7,-0.24174237623810768,0,0,3,US,0.0
2022-10-24,QQQ,3,-0.2539413381988804,0,0,0,US,0.0
2022-10-24,SPY,5,-0.280974487029016,0,0,1,US,0.0
2022-10-25,QQQ,3,0.8373393466075262,0,0,0,US,0.0
2022-10-25,SPY,7,0.40599403423922403,0,0,2,US,0.0
2022-10-26,GLD,1,0.15295464545488358,0,0,1,Commodities,0.0
2022-10-26,QQQ,2,-0.3912749905139208,0,0,1,US,0.0
2022-10-26,SPY,3,-0.2562618584682544,0,0,2,US,0.0
2022-10-27,GLD,1,-0.7501520961523056,0,0,0,Commodities,0.0
2022-10-27,QQQ,3,-0.5189480222761631,0,0,1,US,0.0
2022-10-27,SPY,5,-0.2568019427359104,0,0,1,US,0.0
2022-10-28,QQQ,5,0.12115161083638668,0,0,0,US,0.0
2022-10-28,SPY,6,-0.029954041664799053,0,0,0,US,0.0
2022-10-28,USO,1,0.8079660981893539,0,0,0,Commodities,0.0
2022-10-31,QQQ,3,0.18072737442950407,0,0,3,US,0.0
2022-10-31,SPY,6,-0.03813161297390858,0,0,4,US,0.0
2022-11-01,QQQ,1,0.9122301014140248,0,0,0,US,0.0
2022-11-01,SPY,4,0.22269615973345935,0,0,3,US,0.0
2022-11-02,GLD,1,0.7901875376701355,0,0,0,Commodities,0.0
2022-11-02,QQQ,3,-0.008259023850162825,0,0,1,US,0.0
2022-11-02,SPY,7,0.043892861743058474,0,0,3,US,0.0
2022-11-03,QQQ,4,-0.8889926077099517,0,0,0,US,0.0
2022-11-03,SPY,6,-0.8072516141304126,0,0,0,US,0.0
2022-11-04,QQQ,2,0.24231613613665104,0,0,1,US,0.0
2022-11-04,SPY,2,0.050530875101685524,0,0,2,US,0.0
2022-11-07,GLD,3,-0.43328623411556083,0,0,1,Commodities,0.0
2022-11-07,QQQ,3,-0.8716262175391117,0,0,0,US,0.0
2022-11-07,SPY,10,-0.2713198752142489,0,0,3,US,0.0
2022-11-08,GLD,1,0.026520997285842896,0,0,1,Commodities,0.0
2022-11-08,QQQ,3,0.22442467510700226,0,0,1,US,0.0
2022-11-08,SPY,5,0.16340933572500943,0,0,3,US,0.0
2022-11-09,GLD,1,0.13091625925153494,0,0,1,Commodities,0.0
2022-11-09,QQQ,3,0.22743185640623173,0,0,2,US,0.0
2022-11-09,SPY,8,-0.08535194222349674,0,0,5,US,0.0
2022-11-10,GLD,2,-0.17749603651463985,0,0,2,Commodities,0.0
2022-11-10,QQQ,6,0.11012512957677245,0,0,2,US,0.0
2022-11-10,SPY,12,-0.03477261424995959,0,0,7,US,0.0
2022-11-11,QQQ,4,0.29094056878238916,0,0,1,US,0.0
2022-11-11,SPY,6,0.12600979255512357,0,0,1,US,0.0
2022-11-14,GLD,2,-0.2664381805807352,0,0,1,Commodities,0.0
2022-11-14,QQQ,2,-0.3834413648582995,0,0,1,US,0.0
2022-11-14,SPY,6,-0.2050961167551577,0,0,4,US,0.0
2022-11-15,QQQ,2,0.3998703882098198,0,0,1,US,0.0
2022-11-15,SPY,4,0.4385712310904637,0,0,2,US,0.0
2022-11-16,GLD,1,0.21790549159049988,0,0,1,Commodities,0.0
2022-11-16,QQQ,2,-0.0016899039037525654,0,0,0,US,0.0
2022-11-16,SPY,4,-0.13429729780182242,0,0,3,US,0.0
2022-11-17,QQQ,1,0.18934482894837856,0,0,1,US,0.0
2022-11-17,SPY,4,0.054150361800566316,0,0,4,US,0.0
2022-11-18,GLD,1,0.003625471144914627,0,0,1,Commodities,0.0
2022-11-18,QQQ,1,0.9131415784358978,0,0,0,US,0.0
2022-11-18,SPY,2,-0.3006607051938772,0,0,1,US,0.0
2022-11-21,GLD,1,-0.044130830094218254,0,0,1,Commodities,0.0
2022-11-21,QQQ,1,0.1168467104434967,0,0,1,US,0.0
2022-11-21,SPY,10,-0.2396878414787352,0,0,5,US,0.0
2022-11-22,GLD,1,-0.9560105139389634,0,0,0,Commodities,0.0
2022-11-22,QQQ,2,-0.11560517968609929,0,0,0,US,0.0
2022-11-22,SPY,6,0.0007274048402905464,0,0,4,US,0.0
2022-11-22,USO,1,0.7248001545667648,0,0,0,Commodities,0.0
2022-11-23,GLD,2,-0.04279508534818888,0,0,2,Commodities,0.0
2022-11-23,QQQ,4,-0.10468270629644394,0,0,2,US,0.0
2022-11-23,SPY,6,-0.09600832561651866,0,0,4,US,0.0
2022-11-25,QQQ,2,0.15243883524090052,0,0,1,US,0.0
2022-11-25,SPY,3,0.10727265973885854,0,0,2,US,0.0
2022-11-28,GLD,1,0.8884990476071835,0,0,0,Commodities,0.0
2022-11-28,QQQ,5,0.2941120905801654,0,0,1,US,0.0
2022-11-28,SPY,6,0.14706642801562944,0,0,3,US,0.0
2022-11-29,EWA,1,0.7082397229969501,0,0,0,Australia,0.0
2022-11-29,GLD,3,-0.413426434310774,0,0,2,Commodities,0.0
2022-11-29,QQQ,2,-0.9358674292452633,0,0,0,US,0.0
2022-11-29,SPY,11,-0.21612286669286815,0,0,5,US,0.0
2022-11-29,^AXJO,1,0.7082397229969501,0,0,0,Australia,0.0
2022-11-30,GLD,1,0.025043586269021034,0,0,1,Commodities,0.0
2022-11-30,QQQ,1,-0.9234194764867425,0,0,0,US,0.0
2022-11-30,SLV,1,0.025043586269021034,0,0,1,Commodities,0.0
2022-11-30,SPY,8,-0.3351566601777449,0,0,4,US,0.0
2022-11-30,USO,1,0.025043586269021034,0,0,1,Commodities,0.0
2022-12-01,QQQ,5,0.35502903182059525,0,0,3,US,0.0
2022-12-01,SPY,12,-0.07791905260334413,0,0,4,US,0.0
2022-12-02,QQQ,3,-0.9211724714065591,0,0,0,US,0.0
2022-12-02,SPY,5,-0.5425961429253221,0,0,1,US,0.0
2022-12-05,EWA,1,0.06214297469705343,0,0,1,Australia,0.0
2022-12-05,GLD,2,-0.9011355875991285,0,0,0,Commodities,0.0
2022-12-05,QQQ,2,-0.9011355875991285,0,0,0,US,0.0
2022-12-05,SPY,7,-0.19988274667412043,0,0,1,US,0.0
2022-12-05,^AXJO,1,0.06214297469705343,0,0,1,Australia,0.0
2022-12-06,GLD,3,-0.46700721979141235,0,0,1,Commodities,0.0
2022-12-06,QQQ,2,-0.48137408308684826,0,0,1,US,0.0
2022-12-06,SPY,8,-0.3678140449337661,0,0,3,US,0.0
2022-12-07,GLD,1,-0.9350185235962272,0,0,0,Commodities,0.0
2022-12-07,SPY,6,-0.48270337050780654,0,0,1,US,0.0
2022-12-08,QQQ,3,0.12301440288623174,0,0,2,US,0.0
2022-12-08,SPY,6,-0.23743391300862035,0,0,2,US,0.0
2022-12-08,USO,1,-0.595104917883873,0,0,0,Commodities,0.0
2022-12-09,QQQ,3,0.5246938231090704,0,0,0,US,0.0
2022-12-09,SPY,8,0.050857589580118656,0,0,0,US,0.0
2022-12-09,USO,1,0.8852283135056496,0,0,0,Commodities,0.0
2022-12-12,QQQ,7,0.18537800453071082,0,0,4,US,0.0
2022-12-12,SPY,10,0.2127684815786779,0,0,4,US,0.0
2022-12-12,USO,1,0.44405287224799395,0,0,1,Commodities,0.0
2022-12-13,EWA,1,-0.760533694177866,0,0,0,Australia,0.0
2022-12-13,GLD,1,0.027869414538145065,0,0,1,Commodities,0.0
2022-12-13,QQQ,7,-0.07786127791873046,0,0,3,US,0.0
2022-12-13,SPY,16,-0.06842773797689006,0,0,10,US,0.0
2022-12-13,USO,1,-0.4620804488658905,0,0,0,Commodities,0.0
2022-12-13,^AXJO,1,-0.760533694177866,0,0,0,Australia,0.0
2022-12-14,GLD,1,0.027394769713282585,0,0,1,Commodities,0.0
2022-12-14,QQQ,5,-0.03389356471598148,0,0,1,US,0.0
2022-12-14,SPY,6,-0.004370718263089657,0,0,4,US,0.0
2022-12-14,USO,1,0.1524840760976076,0,0,1,Commodities,0.0
2022-12-15,GLD,2,-0.22775387298315763,0,0,1,Commodities,0.0
2022-12-15,QQQ,2,0.11299376748502254,0,0,2,US,0.0
2022-12-15,SPY,8,-0.33370144746731967,0,0,5,US,0.0
2022-12-16,GLD,1,-0.9532051626592875,0,0,0,Commodities,0.0
2022-12-16,QQQ,3,-0.9273513449976841,0,0,0,US,0.0
2022-12-16,SPY,6,-0.7513863489342233,0,0,1,US,0.0
2022-12-16,USO,1,-0.9557606047019362,0,0,0,Commodities,0.0
2022-12-19,QQQ,4,-0.4013436301611364,0,0,2,US,0.0
2022-12-19,SPY,10,-0.4249165903776884,0,0,1,US,0.0
2022-12-19,USO,2,-0.15277790278196335,0,0,0,Commodities,0.0
2022-12-20,GLD,2,0.4848455940373242,0,0,1,Commodities,0.0
2022-12-20,QQQ,4,-0.021580317057669163,0,0,2,US,0.0
2022-12-20,SPY,7,0.12757596373558044,0,0,4,US,0.0
2022-12-21,GLD,2,-0.3146986272186041,0,0,1,Commodities,0.0
2022-12-21,QQQ,1,-0.9416897380724549,0,0,0,US,0.0
2022-12-21,SPY,8,-0.06594091246370226,0,0,4,US,0.0
2022-12-22,QQQ,4,-0.20818510570097715,0,0,3,US,0.0
2022-12-22,SPY,9,-0.19483605456641978,0,0,7,US,0.0
2022-12-23,GLD,3,-0.5708958332737287,0,0,1,Commodities,0.0
2022-12-23,QQQ,4,-0.8114581629633904,0,0,0,US,0.0
2022-12-23,SPY,6,-0.5701788890485963,0,0,2,US,0.0
2022-12-27,GLD,1,-0.24458438158035278,0,0,0,Commodities,0.0
2022-12-27,QQQ,3,-0.9133705220495661,0,0,0,US,0.0
2022-12-27,SPY,11,-0.30900558236647735,0,0,2,US,0.0
2022-12-27,USO,1,0.6433579381555319,0,0,0,Commodities,0.0
2022-12-28,QQQ,7,0.13897959116314137,0,0,4,US,0.0
2022-12-28,SPY,11,-0.20112809318710456,0,0,5,US,0.0
2022-12-28,USO,1,0.8091265074908733,0,0,0,Commodities,0.0
2022-12-29,GLD,1,0.2495733331888914,0,0,1,Commodities,0.0
2022-12-29,QQQ,2,0.8939722739160061,0,0,0,US,0.0
2022-12-29,SPY,9,0.17230456229299307,0,0,5,US,0.0
2022-12-29,USO,1,0.9068341739475727,0,0,0,Commodities,0.0
2022-12-30,GLD,1,-0.8081963658332825,0,0,0,Commodities,0.0
2022-12-30,QQQ,1,-0.020285042002797127,0,0,1,US,0.0
2022-12-30,SPY,13,-0.6532172737284921,0,0,1,US,0.0
2022-12-30,USO,1,0.7575444057583809,0,0,0,Commodities,0.0
2023-01-03,QQQ,5,-0.20732745081186293,0,0,2,US,0.0
2023-01-03,SPY,12,0.02615091165838142,0,0,5,US,0.0
2023-01-03,USO,1,0.14469311013817787,0,0,1,Commodities,0.0
2023-01-04,QQQ,2,-0.09414812363684177,0,0,0,US,0.0
2023-01-04,SPY,8,-0.10626928752753884,0,0,2,US,0.0
2023-01-05,QQQ,1,0.6581822782754898,0,0,0,US,0.0
2023-01-05,SPY,7,0.1480827004249607,0,0,4,US,0.0
2023-01-05,USO,1,0.1169284749776125,0,0,1,Commodities,0.0
2023-01-06,GLD,1,0.02332957834005356,0,0,1,Commodities,0.0
2023-01-06,QQQ,7,0.1952838467966233,0,0,2,US,0.0
2023-01-06,SPY,16,0.05994959105737507,0,0,6,US,0.0
2023-01-09,GLD,3,-0.9501440757885575,0,0,0,Commodities,0.0
2023-01-09,QQQ,3,-0.4043555563936631,0,0,1,US,0.0
2023-01-09,SPY,16,-0.5632806204375811,0,0,5,US,0.0
2023-01-10,GLD,1,0.7094544023275375,0,0,0,Commodities,0.0
2023-01-10,QQQ,4,-0.3659417270682752,0,0,1,US,0.0
2023-01-10,SPY,9,0.20802653994825152,0,0,2,US,0.0
2023-01-10,USO,1,0.267297325655818,0,0,1,Commodities,0.0
2023-01-11,GLD,2,-0.34326218673959374,0,0,1,Commodities,0.0
2023-01-11,QQQ,4,0.2206255418714136,0,0,2,US,0.0
2023-01-11,SPY,8,-0.009542104904539883,0,0,3,US,0.0
2023-01-12,GLD,1,-0.7637472897768021,0,0,0,Commodities,0.0
2023-01-12,QQQ,1,0.024048443883657455,0,0,1,US,0.0
2023-01-12,SPY,4,-0.3061743350699544,0,0,3,US,0.0
2023-01-13,GLD,2,0.34874103497713804,0,0,1,Commodities,0.0
2023-01-13,QQQ,6,0.1789792518441876,0,0,2,US,0.0
2023-01-13,SPY,9,0.05634452278415362,0,0,4,US,0.0
2023-01-17,GLD,7,-0.28986544561173233,0,0,3,Commodities,0.0
2023-01-17,QQQ,4,-0.5492208562791348,0,0,0,US,0.0
2023-01-17,SPY,11,-0.10020684416998517,0,0,5,US,0.0
2023-01-18,QQQ,1,-0.9592077415436506,0,0,0,US,0.0
2023-01-18,SPY,5,-0.7635994536802173,0,0,1,US,0.0
2023-01-19,GLD,3,-0.21536336187273264,0,0,2,Commodities,0.0
2023-01-19,QQQ,5,-0.6069991294294595,0,0,1,US,0.0
2023-01-19,SPY,9,-0.3196898154500458,0,0,3,US,0.0
2023-01-20,GLD,1,-0.18106600642204285,0,0,1,Commodities,0.0
2023-01-20,QQQ,2,-0.02709623472765088,0,0,0,US,0.0
2023-01-20,SPY,8,-0.014634540071710944,0,0,4,US,0.0
2023-01-23,GLD,2,-0.3907078094780445,0,0,1,Commodities,0.0
2023-01-23,QQQ,8,0.051227254210971296,0,0,3,US,0.0
2023-01-23,SPY,15,-0.05151074193418026,0,0,4,US,0.0
2023-01-24,GLD,7,-0.13194290814655169,0,0,1,Commodities,0.0
2023-01-24,QQQ,5,0.01167803853750229,0,0,1,US,0.0
2023-01-24,SPY,14,-0.23098164218078768,0,0,3,US,0.0
2023-01-25,GLD,3,-0.9006752700855335,0,0,0,Commodities,0.0
2023-01-25,QQQ,2,-0.8706578770652413,0,0,0,US,0.0
2023-01-25,SPY,9,-0.18492129331247675,0,0,5,US,0.0
2023-01-26,GLD,2,0.46206290926784277,0,0,1,Commodities,0.0
2023-01-26,QQQ,8,0.40276741748675704,0,0,2,US,0.0
2023-01-26,SPY,11,0.3246597227725116,0,0,5,US,0.0
2023-01-27,GLD,4,-0.02890565851703286,0,0,0,Commodities,0.0
2023-01-27,QQQ,4,0.7589676203206182,0,0,0,US,0.0
2023-01-27,SPY,10,0.18254413474351167,0,0,1,US,0.0
2023-01-30,GLD,2,-0.6103148981928825,0,0,1,Commodities,0.0
2023-01-30,QQQ,2,0.20819996669888496,0,0,2,US,0.0
2023-01-30,SPY,8,-0.14419633510988206,0,0,3,US,0.0
2023-01-31,GLD,1,-0.9326931554824114,0,0,0,Commodities,0.0
2023-01-31,QQQ,3,0.57063606629769,0,0,0,US,0.0
2023-01-31,SPY,8,-0.050894351792521775,0,0,5,US,0.0
2023-02-01,GLD,1,-0.579184990376234,0,0,0,Commodities,0.0
2023-02-01,QQQ,8,0.5887070548487827,0,0,1,US,0.0
2023-02-01,SPY,11,0.2702495904470032,0,0,3,US,0.0
2023-02-02,GLD,3,0.37296526941160363,0,0,2,Commodities,0.0
2023-02-02,QQQ,6,0.5615580792849263,0,0,1,US,0.0
2023-02-02,SPY,11,0.20994612083516337,0,0,6,US,0.0
2023-02-03,GLD,1,0.1352120041847229,0,0,0,Commodities,0.0
2023-02-03,QQQ,3,-0.6974578642596801,0,0,1,US,0.0
2023-02-03,SPY,8,-0.2682203692384064,0,0,3,US,0.0
2023-02-06,GLD,7,-0.31443500372448135,0,0,2,Commodities,0.0
2023-02-06,QQQ,4,-0.6706602056510746,0,0,1,US,0.0
2023-02-06,SPY,15,-0.29029066270838183,0,0,6,US,0.0
2023-02-07,QQQ,5,0.06908522211015225,0,0,1,US,0.0
2023-02-07,SLV,1,0.19484470784664154,0,0,0,Commodities,0.0
2023-02-07,SPY,8,-0.19720494654029608,0,0,3,US,0.0
2023-02-08,GLD,1,0.06181030720472336,0,0,1,Commodities,0.0
2023-02-08,QQQ,2,-0.46866934886202216,0,0,1,US,0.0
2023-02-08,SPY,9,-0.23167991431223023,0,0,6,US,0.0
2023-02-09,GLD,1,0.6650047972798347,0,0,0,Commodities,0.0
2023-02-09,QQQ,4,-0.5347691331990063,0,0,1,US,0.0
2023-02-09,SPY,6,-0.08821721468120813,0,0,3,US,0.0
2023-02-10,GLD,1,0.03320985473692417,0,0,1,Commodities,0.0
2023-02-10,QQQ,4,-0.6621318480465561,0,0,1,US,0.0
2023-02-10,SPY,5,-0.5520629609003663,0,0,2,US,0.0
2023-02-13,GLD,2,-0.35824656672775745,0,0,1,Commodities,0.0
2023-02-13,QQQ,7,0.07959465070494584,0,0,3,US,0.0
2023-02-13,SPY,13,0.10909495044213074,0,0,6,US,0.0
2023-02-14,QQQ,4,-0.3524193111807108,0,0,1,US,0.0
2023-02-14,SPY,7,-0.19556553422340325,0,0,4,US,0.0
2023-02-15,GLD,2,-0.040980986319482327,0,0,2,Commodities,0.0
2023-02-15,QQQ,5,0.5428048755973578,0,0,1,US,0.0
2023-02-15,SPY,6,0.2335215232645472,0,0,4,US,0.0
2023-02-16,GLD,2,-0.1856270395219326,0,0,1,Commodities,0.0
2023-02-16,QQQ,2,-0.011959366500377655,0,0,0,US,0.0
2023-02-16,SPY,15,0.12572241661449274,0,0,8,US,0.0
2023-02-17,GLD,5,-0.6638408591970801,0,0,1,Commodities,0.0
2023-02-17,QQQ,7,-0.805234095081687,0,0,1,US,0.0
2023-02-17,SPY,12,-0.4371059763555725,0,0,4,US,0.0
2023-02-21,GLD,4,-0.858619645703584,0,0,0,Commodities,0.0
2023-02-21,QQQ,6,-0.6925567118450999,0,0,2,US,0.0
2023-02-21,SPY,22,-0.5610798833764751,0,0,6,US,0.0
2023-02-21,USO,1,-0.20125481486320496,0,0,1,Commodities,0.0
2023-02-22,GLD,1,-0.7151132002472878,0,0,0,Commodities,0.0
2023-02-22,QQQ,8,-0.3475276849931106,0,0,3,US,0.0
2023-02-22,SPY,13,-0.1422608569980814,0,0,5,US,0.0
2023-02-23,GLD,2,0.08631545584648848,0,0,2,Commodities,0.0
2023-02-23,QQQ,6,-0.23727257115145525,0,0,4,US,0.0
2023-02-23,SPY,11,-0.007115470753474669,0,0,7,US,0.0
2023-02-24,GLD,1,0.02092861942946911,0,0,1,Commodities,0.0
2023-02-24,QQQ,8,-0.41667864157352597,0,0,2,US,0.0
2023-02-24,SPY,15,-0.3853426135455569,0,0,6,US,0.0
2023-02-27,GLD,2,0.4549981579184532,0,0,1,Commodities,0.0
2023-02-27,QQQ,2,0.8736403826624155,0,0,0,US,0.0
2023-02-27,SPY,8,0.1514329134952277,0,0,4,US,0.0
2023-02-28,GLD,1,0.8577933758497238,0,0,0,Commodities,0.0
2023-02-28,QQQ,4,-0.003360893577337265,0,0,0,US,0.0
2023-02-28,SPY,11,-0.21383655367588456,0,0,3,US,0.0
2023-03-01,GLD,1,-0.20578433945775032,0,0,1,Commodities,0.0
2023-03-01,QQQ,10,-0.2833016716875136,0,0,3,US,0.0
2023-03-01,SPY,13,-0.4190951191748564,0,0,3,US,0.0
2023-03-02,QQQ,10,0.24188760006800294,0,0,3,US,0.0
2023-03-02,SPY,11,0.0474222426048734,0,0,4,US,0.0
2023-03-03,GLD,1,0.8204946648329496,0,0,0,Commodities,0.0
2023-03-03,QQQ,4,-0.19136656960472465,0,0,1,US,0.0
2023-03-03,SPY,12,-0.043317560805007815,0,0,4,US,0.0
2023-03-06,GLD,1,-0.8141573555767536,0,0,0,Commodities,0.0
2023-03-06,QQQ,8,0.03676377283409238,0,0,3,US,0.0
2023-03-06,SPY,18,0.17646594024780723,0,0,7,US,0.0
2023-03-07,EWA,1,0.03577253222465515,0,0,1,Australia,0.0
2023-03-07,GLD,2,-0.1276824939996004,0,0,0,Commodities,0.0
2023-03-07,QQQ,8,-0.07330805202946067,0,0,1,US,0.0
2023-03-07,SPY,18,-0.2612016292081939,0,0,4,US,0.0
2023-03-07,^AXJO,1,0.03577253222465515,0,0,1,Australia,0.0
2023-03-08,GLD,1,-0.09509438276290894,0,0,1,Commodities,0.0
2023-03-08,QQQ,2,-0.07070755399763584,0,0,0,US,0.0
2023-03-08,SPY,9,-0.11868326593604353,0,0,3,US,0.0
2023-03-09,GLD,3,-0.9248078564802805,0,0,0,Commodities,0.0
2023-03-09,QQQ,6,0.2739815805107355,0,0,0,US,0.0
2023-03-09,SPY,20,-0.07542336243204772,0,0,10,US,0.0
2023-03-10,GLD,1,-0.9098978685215116,0,0,0,Commodities,0.0
2023-03-10,QQQ,5,-0.5243634233251214,0,0,0,US,0.0
2023-03-10,SPY,11,-0.6355335467749021,0,0,1,US,0.0
2023-03-10,USO,1,-0.9157013967633247,0,0,0,Commodities,0.0
2023-03-13,GLD,5,-0.5608065268024802,0,0,2,Commodities,0.0
2023-03-13,QQQ,7,-0.4125005735882691,0,0,2,US,0.0
2023-03-13,SPY,17,-0.3933555598863784,0,0,6,US,0.0
2023-03-14,GLD,4,-0.4781127816531807,0,0,2,Commodities,0.0
2023-03-14,QQQ,3,0.12190503813326359,0,0,1,US,0.0
2023-03-14,SPY,10,-0.12319022584706545,0,0,6,US,0.0
2023-03-15,EWA,1,0.4518832555040717,0,0,1,Australia,0.0
2023-03-15,GLD,7,-0.5990957972992744,0,0,2,Commodities,0.0
2023-03-15,QQQ,7,-0.2617476623771446,0,0,2,US,0.0
2023-03-15,SPY,17,-0.38737037213628783,0,0,6,US,0.0
2023-03-15,USO,2,-0.46383205987513065,0,0,1,Commodities,0.0
2023-03-15,^AXJO,1,0.4518832555040717,0,0,1,Australia,0.0
2023-03-16,GLD,3,-0.6695564786593119,0,0,1,Commodities,0.0
2023-03-16,QQQ,4,0.24267691373825073,0,0,3,US,0.0
2023-03-16,SPY,10,-0.2117946958169341,0,0,7,US,0.0
2023-03-17,GLD,2,-0.4244084432721138,0,0,1,Commodities,0.0
2023-03-17,QQQ,5,-0.08883571475744248,0,0,2,US,0.0
2023-03-17,SPY,10,-0.4337949895299971,0,0,3,US,0.0
2023-03-20,GLD,9,-0.010380632140570216,0,0,4,Commodities,0.0
2023-03-20,QQQ,5,0.11327075473964214,0,0,2,US,0.0
2023-03-20,SPY,14,-0.08824237249791622,0,0,6,US,0.0
2023-03-21,GLD,3,0.05259376640121142,0,0,0,Commodities,0.0
2023-03-21,QQQ,3,0.05259376640121142,0,0,0,US,0.0
2023-03-21,SPY,11,0.19670953618531878,0,0,3,US,0.0
2023-03-21,USO,1,-0.489169180393219,0,0,0,Commodities,0.0
2023-03-22,GLD,3,-0.18151344576229653,0,0,2,Commodities,0.0
2023-03-22,QQQ,13,-0.23836045454327875,0,0,3,US,0.0
2023-03-22,SPY,21,-0.1841878690535114,0,0,7,US,0.0
2023-03-23,GLD,1,-0.8796576298773289,0,0,0,Commodities,0.0
2023-03-23,QQQ,6,-0.17515418181816736,0,0,1,US,0.0
2023-03-23,SPY,13,-0.13599106762558222,0,0,5,US,0.0
2023-03-24,GLD,3,0.29869667782137793,0,0,2,Commodities,0.0
2023-03-24,QQQ,3,0.534454695880413,0,0,0,US,0.0
2023-03-24,SPY,11,0.3079314358024435,0,0,6,US,0.0
2023-03-27,GLD,2,0.5229341862723231,0,0,1,Commodities,0.0
2023-03-27,QQQ,3,0.3147747181355953,0,0,2,US,0.0
2023-03-27,SPY,7,0.27811597673488514,0,0,4,US,0.0
2023-03-28,QQQ,2,-0.4875087747350335,0,0,1,US,0.0
2023-03-28,SPY,6,-0.20929360467319688,0,0,3,US,0.0
2023-03-29,GLD,2,-0.8931158916093409,0,0,0,Commodities,0.0
2023-03-29,QQQ,4,0.14175788848660886,0,0,1,US,0.0
2023-03-29,SPY,13,0.16600185697181866,0,0,4,US,0.0
2023-03-30,GLD,1,0.9209025632590055,0,0,0,Commodities,0.0
2023-03-30,QQQ,9,0.11820032820105553,0,0,3,US,0.0
2023-03-30,SPY,11,0.3282348147847436,0,0,5,US,0.0
2023-03-31,QQQ,7,0.18958932174635784,0,0,2,US,0.0
2023-03-31,SPY,21,-0.10994434733653352,0,0,12,US,0.0
2023-03-31,USO,1,0.11112089455127716,0,0,1,Commodities,0.0
2023-04-03,EWA,1,-0.15977627597749233,0,0,1,Australia,0.0
2023-04-03,GLD,4,-0.15194228128530085,0,0,1,Commodities,0.0
2023-04-03,QQQ,8,0.0603628100361675,0,0,2,US,0.0
2023-04-03,SPY,16,-0.1397054485278204,0,0,6,US,0.0
2023-04-03,USO,6,-0.1143077948751549,0,0,0,Commodities,0.0
2023-04-03,^AXJO,1,-0.15977627597749233,0,0,1,Australia,0.0
2023-04-04,GLD,4,-0.6255115112289786,0,0,1,Commodities,0.0
2023-04-04,QQQ,10,-0.12501560850068927,0,0,2,US,0.0
2023-04-04,SPY,19,-0.34211427189017596,0,0,5,US,0.0
2023-04-04,USO,1,-0.6346873119473457,0,0,0,Commodities,0.0
2023-04-05,GLD,2,-0.6517706410959363,0,0,0,Commodities,0.0
2023-04-05,QQQ,8,-0.2965290372958407,0,0,2,US,0.0
2023-04-05,SPY,18,-0.2597345775510702,0,0,8,US,0.0
2023-04-05,USO,1,0.447631286457181,0,0,1,Commodities,0.0
2023-04-06,GLD,1,-0.9446343444287777,0,0,0,Commodities,0.0
2023-04-06,QQQ,5,-0.2145475259050727,0,0,1,US,0.0
2023-04-06,SPY,12,-0.2228030499536544,0,0,2,US,0.0
2023-04-10,GLD,1,-0.6962657012045383,0,0,0,Commodities,0.0
2023-04-10,QQQ,8,-0.4057738787960261,0,0,2,US,0.0
2023-04-10,SPY,15,-0.2851590271107852,0,0,6,US,0.0
2023-04-10,USO,1,0.054206157103180885,0,0,1,Commodities,0.0
2023-04-11,GLD,2,-0.3185796244069934,0,0,1,Commodities,0.0
2023-04-11,QQQ,8,-0.33518729091156274,0,0,1,US,0.0
2023-04-11,SLV,1,0.5268266946077347,0,0,0,Commodities,0.0
2023-04-11,SPY,12,-0.1543590126093477,0,0,3,US,0.0
2023-04-12,GLD,2,-0.3067803168669343,0,0,1,Commodities,0.0
2023-04-12,QQQ,6,0.03494580353920659,0,0,2,US,0.0
2023-04-12,SPY,9,-0.08177628440575467,0,0,4,US,0.0
2023-04-13,GLD,2,-0.2821399047970772,0,0,1,Commodities,0.0
2023-04-13,QQQ,5,-0.24241459667682647,0,0,1,US,0.0
2023-04-13,SPY,12,-0.18709233830062053,0,0,5,US,0.0
2023-04-13,USO,1,0.24583953619003296,0,0,1,Commodities,0.0
2023-04-14,EWA,1,0.2902168966829777,0,0,1,Australia,0.0
2023-04-14,GLD,3,-0.5157641138260564,0,0,1,Commodities,0.0
2023-04-14,QQQ,8,-0.24536353372968733,0,0,2,US,0.0
2023-04-14,SPY,15,-0.16550807685901722,0,0,8,US,0.0
2023-04-14,USO,1,-0.07215127348899841,0,0,1,Commodities,0.0
2023-04-14,^AXJO,1,0.2902168966829777,0,0,1,Australia,0.0
2023-04-17,GLD,3,0.1368398309374849,0,0,3,Commodities,0.0
2023-04-17,QQQ,7,0.10721128753253392,0,0,5,US,0.0
2023-04-17,SPY,17,-0.012668153325862744,0,0,8,US,0.0
2023-04-18,GLD,6,-0.3202641415409744,0,0,2,Commodities,0.0
2023-04-18,QQQ,8,0.18899669323582202,0,0,4,US,0.0
2023-04-18,SPY,20,-0.02786594768986106,0,0,12,US,0.0
2023-04-19,GLD,1,0.33793702721595764,0,0,0,Commodities,0.0
2023-04-19,QQQ,7,-0.08334495233637947,0,0,1,US,0.0
2023-04-19,SPY,17,-0.17223043104304986,0,0,7,US,0.0
2023-04-20,QQQ,3,-0.9253023515144984,0,0,0,US,0.0
2023-04-20,SPY,7,-0.5866913472169212,0,0,2,US,0.0
2023-05-01,EWA,1,0.041929157450795174,0,0,1,Australia,0.0
2023-05-01,GLD,4,0.40248562139458954,0,0,2,Commodities,0.0
2023-05-01,QQQ,8,0.523443341604434,0,0,2,US,0.0
2023-05-01,SLV,1,-0.0263199619948864,0,0,1,Commodities,0.0
2023-05-01,SPY,17,0.12247483602122348,0,0,5,US,0.0
2023-05-01,USO,1,-0.0263199619948864,0,0,1,Commodities,0.0
2023-05-01,^AXJO,1,0.041929157450795174,0,0,1,Australia,0.0
2023-05-02,GLD,1,-0.8796433582901955,0,0,0,Commodities,0.0
2023-05-02,QQQ,8,-0.2522656983928755,0,0,1,US,0.0
2023-05-02,SPY,16,-0.19836832204600796,0,0,6,US,0.0
2023-05-03,GLD,4,-0.21627903869375587,0,0,1,Commodities,0.0
2023-05-03,QQQ,10,-0.3892120474949479,0,0,2,US,0.0
2023-05-03,SPY,13,-0.2967493346390816,0,0,3,US,0.0
2023-05-04,GLD,1,-0.9156649522483349,0,0,0,Commodities,0.0
2023-05-04,QQQ,6,-0.13999180682003498,0,0,3,US,0.0
2023-05-04,SPY,12,-0.23888578917831182,0,0,7,US,0.0
2023-05-05,GLD,4,-0.3382565164938569,0,0,3,Commodities,0.0
2023-05-05,QQQ,9,-0.049116468677918114,0,0,3,US,0.0
2023-05-05,SPY,16,-0.17019464680925012,0,0,8,US,0.0
2023-05-08,EWA,1,-0.9410399869084358,0,0,0,Australia,0.0
2023-05-08,GLD,3,-0.30476558456818265,0,0,2,Commodities,0.0
2023-05-08,QQQ,8,-0.03524882101919502,0,0,4,US,0.0
2023-05-08,SPY,15,0.058932189891735716,0,0,5,US,0.0
2023-05-08,USO,1,0.008299905806779861,0,0,1,Commodities,0.0
2023-05-08,^AXJO,1,-0.9410399869084358,0,0,0,Australia,0.0
2023-05-09,GLD,4,0.12393628200516105,0,0,2,Commodities,0.0
2023-05-09,QQQ,9,-0.4339507585391402,0,0,2,US,0.0
2023-05-09,SPY,14,-0.31790651228012784,0,0,8,US,0.0
2023-05-10,GLD,2,0.1832649610005319,0,0,2,Commodities,0.0
2023-05-10,QQQ,6,-0.34509464058404166,0,0,3,US,0.0
2023-05-10,SPY,11,-0.13967766985297203,0,0,8,US,0.0
2023-05-11,QQQ,7,-0.025164701576743807,0,0,1,US,0.0
2023-05-11,SPY,14,-0.26221954516534296,0,0,4,US,0.0
2023-05-12,GLD,1,-0.03468337655067444,0,0,1,Commodities,0.0
2023-05-12,QQQ,8,-0.17620705778244883,0,0,4,US,0.0
2023-05-12,SPY,17,-0.3732418461209711,0,0,7,US,0.0
2023-05-15,GLD,4,0.2646384397521615,0,0,1,Commodities,0.0
2023-05-15,QQQ,10,-0.019274134002625943,0,0,3,US,0.0
2023-05-15,SPY,15,0.03775998453299204,0,0,7,US,0.0
2023-05-15,USO,1,0.07866660319268703,0,0,1,Commodities,0.0
2023-05-16,GLD,2,0.7417096262797713,0,0,0,Commodities,0.0
2023-05-16,QQQ,6,0.17154238823180398,0,0,0,US,0.0
2023-05-16,SPY,10,0.10827771555632353,0,0,2,US,0.0
2023-05-17,GLD,3,0.12761174763242403,0,0,2,Commodities,0.0
2023-05-17,QQQ,4,0.11411005910485983,0,0,1,US,0.0
2023-05-17,SPY,13,0.0069536099640222695,0,0,6,US,0.0
2023-05-18,GLD,2,-0.02529650740325451,0,0,0,Commodities,0.0
2023-05-18,QQQ,10,0.25732848010957243,0,0,3,US,0.0
2023-05-18,SPY,13,0.1473269508435176,0,0,8,US,0.0
2023-05-19,GLD,5,-0.14633704610168935,0,0,2,Commodities,0.0
2023-05-19,QQQ,11,-0.051273962313478645,0,0,6,US,0.0
2023-05-19,SPY,15,-0.13126575419058403,0,0,5,US,0.0
2023-05-22,GLD,1,-0.8994684889912605,0,0,0,Commodities,0.0
2023-05-22,QQQ,15,-0.023870401705304783,0,0,8,US,0.0
2023-05-22,SPY,25,0.002252450957894325,0,0,12,US,0.0
2023-05-23,GLD,1,-0.9544321093708277,0,0,0,Commodities,0.0
2023-05-23,QQQ,4,-0.043358484748750925,0,0,3,US,0.0
2023-05-23,SPY,12,-0.2747033836785704,0,0,6,US,0.0
2023-05-24,QQQ,2,-0.4811145798303187,0,0,1,US,0.0
2023-05-24,SPY,5,-0.18830679971724748,0,0,4,US,0.0
2023-05-25,EWA,1,0.07724805176258087,0,0,1,Australia,0.0
2023-05-25,GLD,1,-0.37572896108031273,0,0,1,Commodities,0.0
2023-05-25,QQQ,4,-0.3064285684376955,0,0,0,US,0.0
2023-05-25,SPY,12,-0.12369054020382464,0,0,6,US,0.0
2023-05-25,^AXJO,1,0.07724805176258087,0,0,1,Australia,0.0
2023-05-26,GLD,2,-0.37987491115927696,0,0,1,Commodities,0.0
2023-05-26,QQQ,10,0.07453082194551826,0,0,2,US,0.0
2023-05-26,SPY,8,-0.09042430901899934,0,0,1,US,0.0
2023-05-30,GLD,2,-0.6569199776276946,0,0,0,Commodities,0.0
2023-05-30,QQQ,11,0.5165867040103133,0,0,3,US,0.0
2023-05-30,SPY,15,0.04185910907884439,0,0,7,US,0.0
2023-05-31,GLD,2,-0.1420040875673294,0,0,2,Commodities,0.0
2023-05-31,QQQ,6,-0.43890233477577567,0,0,1,US,0.0
2023-05-31,SPY,19,-0.41293769976810407,0,0,6,US,0.0
2023-06-01,EWA,1,-0.9173396900296211,0,0,0,Australia,0.0
2023-06-01,GLD,1,-0.7224288061261177,0,0,0,Commodities,0.0
2023-06-01,QQQ,10,-0.16373608708381654,0,0,3,US,0.0
2023-06-01,SPY,15,-0.10919087994843721,0,0,4,US,0.0
2023-06-01,^AXJO,1,-0.9173396900296211,0,0,0,Australia,0.0
2023-06-02,EWA,1,0.8759496361017227,0,0,0,Australia,0.0
2023-06-02,QQQ,11,0.18098392235961827,0,0,6,US,0.0
2023-06-02,SPY,22,0.07762140535156835,0,0,12,US,0.0
2023-06-02,^AXJO,1,0.8759496361017227,0,0,0,Australia,0.0
2023-06-05,EWA,1,0.08423752710223198,0,0,1,Australia,0.0
2023-06-05,GLD,2,-0.38667748868465424,0,0,1,Commodities,0.0
2023-06-05,QQQ,7,-0.30730261706880163,0,0,2,US,0.0
2023-06-05,SPY,18,-0.2951861499394808,0,0,6,US,0.0
2023-06-05,USO,2,-0.5059390878304839,0,0,0,Commodities,0.0
2023-06-05,^AXJO,1,0.08423752710223198,0,0,1,Australia,0.0
2023-06-06,GLD,1,0.2614347115159035,0,0,1,Commodities,0.0
2023-06-06,QQQ,4,0.042500496841967106,0,0,1,US,0.0
2023-06-06,SPY,11,0.022427000444043766,0,0,4,US,0.0
2023-06-06,USO,1,0.8930912762880325,0,0,0,Commodities,0.0
2023-06-07,GLD,3,-0.19508864482243857,0,0,2,Commodities,0.0
2023-06-07,QQQ,10,-0.3114847417920828,0,0,4,US,0.0
2023-06-07,SPY,12,-0.49052101257257164,0,0,5,US,0.0
2023-06-08,GLD,4,0.2323709730990231,0,0,0,Commodities,0.0
2023-06-08,QQQ,10,0.04889708328992128,0,0,0,US,0.0
2023-06-08,SPY,15,0.1586782039453586,0,0,4,US,0.0
2023-06-09,GLD,1,0.07459557056427002,0,0,0,Commodities,0.0
2023-06-09,QQQ,6,0.3916129916906357,0,0,0,US,0.0
2023-06-09,SPY,15,0.06491785210867723,0,0,3,US,0.0
2023-06-12,GLD,5,0.21418205946683883,0,0,3,Commodities,0.0
2023-06-12,QQQ,9,0.26075017928249306,0,0,5,US,0.0
2023-06-12,SPY,21,0.07246602472982236,0,0,10,US,0.0
2023-06-13,GLD,1,0.586806133389473,0,0,0,Commodities,0.0
2023-06-13,QQQ,15,0.1965003398557504,0,0,4,US,0.0
2023-06-13,SPY,23,0.14050576107009596,0,0,10,US,0.0
2023-06-14,GLD,3,-0.09856628812849522,0,0,2,Commodities,0.0
2023-06-14,QQQ,17,-0.36159462618696336,0,0,9,US,0.0
2023-06-14,SPY,25,-0.31197983711957933,0,0,12,US,0.0
2023-06-14,USO,1,-0.0479842945933342,0,0,1,Commodities,0.0
2023-06-15,GLD,1,-0.4881622791290283,0,0,0,Commodities,0.0
2023-06-15,QQQ,10,0.20132414009422064,0,0,2,US,0.0
2023-06-15,SPY,18,0.13809901517298487,0,0,9,US,0.0
2023-06-16,GLD,1,0.7911806926131248,0,0,0,Commodities,0.0
2023-06-16,QQQ,12,-0.21938358425783613,0,0,6,US,0.0
2023-06-16,SPY,25,-0.019570349268615245,0,0,14,US,0.0
2023-06-20,GLD,1,-0.8347163125872612,0,0,0,Commodities,0.0
2023-06-20,QQQ,7,-0.6325057560045805,0,0,1,US,0.0
2023-06-20,SPY,12,-0.4711416402521233,0,0,4,US,0.0
2023-06-21,GLD,1,0.03088647499680519,0,0,1,Commodities,0.0
2023-06-21,QQQ,9,-0.04019295331090689,0,0,5,US,0.0
2023-06-21,SPY,21,-0.07970741147264129,0,0,10,US,0.0
2023-06-22,GLD,1,0.013521825894713402,0,0,1,Commodities,0.0
2023-06-22,QQQ,6,-0.1416617532571157,0,0,1,US,0.0
2023-06-22,SPY,13,-0.0026980341913608406,0,0,4,US,0.0
2023-06-23,GLD,1,-0.9429901810362935,0,0,0,Commodities,0.0
2023-06-23,QQQ,9,-0.5064316020450659,0,0,1,US,0.0
2023-06-23,SPY,20,-0.3014074083883315,0,0,6,US,0.0
2023-06-26,GLD,2,-0.3083021938800812,0,0,1,Commodities,0.0
2023-06-26,QQQ,9,-0.4104319809832507,0,0,4,US,0.0
2023-06-26,SPY,16,-0.361103814735543,0,0,8,US,0.0
2023-06-27,GLD,4,0.2411580504849553,0,0,1,Commodities,0.0
2023-06-27,QQQ,4,-0.3187538767233491,0,0,2,US,0.0
2023-06-27,SPY,12,0.07722676700601976,0,0,6,US,0.0
2023-06-28,GLD,3,0.2153552578141292,0,0,0,Commodities,0.0
2023-06-28,QQQ,12,-0.2317380375073602,0,0,3,US,0.0
2023-06-28,SPY,17,-0.05341996718198061,0,0,5,US,0.0
2023-06-29,GLD,1,0.41612711548805237,0,0,0,Commodities,0.0
2023-06-29,QQQ,7,0.15363114061100142,0,0,1,US,0.0
2023-06-29,SPY,14,0.10115299985877105,0,0,4,US,0.0
2023-06-30,QQQ,8,0.5060848378343508,0,0,3,US,0.0
2023-06-30,SPY,13,0.3542905425509581,0,0,7,US,0.0
2023-07-03,QQQ,5,-0.06051148325204849,0,0,2,US,0.0
2023-07-03,SPY,8,0.2653538794256747,0,0,4,US,0.0
2023-07-05,GLD,5,-0.46295048408210276,0,0,2,Commodities,0.0
2023-07-05,QQQ,10,-0.2625711539760232,0,0,4,US,0.0
2023-07-05,SPY,19,-0.11661697404557153,0,0,9,US,0.0
2023-07-06,GLD,3,-0.6185477959613005,0,0,0,Commodities,0.0
2023-07-06,QQQ,3,0.2786271112660567,0,0,0,US,0.0
2023-07-06,SPY,18,-0.2086014680357443,0,0,6,US,0.0
2023-07-07,GLD,2,-0.9160342300310731,0,0,0,Commodities,0.0
2023-07-07,QQQ,7,-0.2884919061990721,0,0,2,US,0.0
2023-07-07,SPY,19,-0.18525510550917765,0,0,3,US,0.0
2023-07-07,USO,1,-0.9002764709293842,0,0,0,Commodities,0.0
2023-07-10,GLD,1,-0.9569586608558893,0,0,0,Commodities,0.0
2023-07-10,QQQ,9,0.11642767794223295,0,0,4,US,0.0
2023-07-10,SPY,16,0.10211304560652934,0,0,8,US,0.0
2023-07-11,GLD,2,-0.8480705423280597,0,0,0,Commodities,0.0
2023-07-11,QQQ,9,0.15238400569392574,0,0,5,US,0.0
2023-07-11,SPY,13,0.023669548619251985,0,0,7,US,0.0
2023-07-11,USO,1,0.45546744763851166,0,0,0,Commodities,0.0
2023-07-12,GLD,1,0.6628317981958389,0,0,0,Commodities,0.0
2023-07-12,QQQ,12,0.257914104188482,0,0,1,US,0.0
2023-07-12,SPY,13,0.24126111486783394,0,0,2,US,0.0
2023-07-13,GLD,2,0.818505022674799,0,0,0,Commodities,0.0
2023-07-13,QQQ,8,0.6757182157598436,0,0,0,US,0.0
2023-07-13,SPY,16,0.5112062246771529,0,0,5,US,0.0
2023-07-14,QQQ,4,-0.30287709063850343,0,0,0,US,0.0
2023-07-14,SPY,9,-0.1451396911094586,0,0,2,US,0.0
2023-07-17,GLD,1,0.5298366248607635,0,0,0,Commodities,0.0
2023-07-17,QQQ,16,0.11592702253255993,0,0,9,US,0.0
2023-07-17,SPY,26,0.20515028175969535,0,0,12,US,0.0
2023-07-18,QQQ,13,0.41436615521804643,0,0,5,US,0.0
2023-07-18,SPY,19,0.18981496553475918,0,0,9,US,0.0
2023-07-19,GLD,2,-0.5215440867468715,0,0,1,Commodities,0.0
2023-07-19,QQQ,6,-0.03343440437068542,0,0,1,US,0.0
2023-07-19,SPY,15,-0.0860935906569163,0,0,8,US,0.0
2023-07-20,GLD,1,-0.29818685352802277,0,0,1,Commodities,0.0
2023-07-20,QQQ,13,-0.42767180416446465,0,0,3,US,0.0
2023-07-20,SPY,25,-0.17854528240859507,0,0,10,US,0.0
2023-07-21,QQQ,10,-0.34090399807319044,0,0,1,US,0.0
2023-07-21,SPY,14,-0.3526993109844625,0,0,3,US,0.0
2023-07-24,GLD,2,0.33284930884838104,0,0,0,Commodities,0.0
2023-07-24,QQQ,11,-0.040350594388490375,0,0,5,US,0.0
2023-07-24,SPY,25,-0.01429051399230957,0,0,13,US,0.0
2023-07-24,USO,1,-0.3496667444705963,0,0,0,Commodities,0.0
2023-07-25,GLD,2,-0.15285523980855942,0,0,1,Commodities,0.0
2023-07-25,QQQ,8,0.1672709663398564,0,0,1,US,0.0
2023-07-25,SPY,14,-0.05698597723884242,0,0,3,US,0.0
2023-07-26,QQQ,11,-0.12750579433685,0,0,3,US,0.0
2023-07-26,SPY,18,-0.045951741074936256,0,0,10,US,0.0
2023-07-27,GLD,2,-0.34218356665223837,0,0,1,Commodities,0.0
2023-07-27,QQQ,9,-0.2826882984696163,0,0,2,US,0.0
2023-07-27,SPY,15,-0.14494766239076853,0,0,5,US,0.0
2023-07-28,GLD,1,0.07290755957365036,0,0,1,Commodities,0.0
2023-07-28,QQQ,11,0.08575196276334199,0,0,3,US,0.0
2023-07-28,SPY,18,0.018291599945061736,0,0,6,US,0.0
2023-07-31,QQQ,8,0.5482968352735043,0,0,0,US,0.0
2023-07-31,SPY,19,0.2945177662921579,0,0,4,US,0.0
2023-07-31,USO,1,-0.41293245553970337,0,0,0,Commodities,0.0
2023-08-01,GLD,2,-0.4322001487016678,0,0,0,Commodities,0.0
2023-08-01,QQQ,11,-0.5032234531403943,0,0,2,US,0.0
2023-08-01,SPY,25,-0.06348973397165537,0,0,9,US,0.0
2023-08-02,GLD,1,-0.9397764736786485,0,0,0,Commodities,0.0
2023-08-02,QQQ,12,-0.43431819742545485,0,0,3,US,0.0
2023-08-02,SPY,21,-0.509808773751415,0,0,6,US,0.0
2023-08-03,QQQ,8,-0.662836548872292,0,0,0,US,0.0
2023-08-03,SPY,15,-0.5565480286255479,0,0,2,US,0.0
2023-08-04,QQQ,11,-0.7207044843076305,0,0,0,US,0.0
2023-08-04,SPY,16,-0.49925745534710586,0,0,4,US,0.0
2023-08-07,GLD,3,0.18604153549919525,0,0,0,Commodities,0.0
2023-08-07,QQQ,13,0.03353230819965784,0,0,3,US,0.0
2023-08-07,SPY,19,-0.06643289141356945,0,0,5,US,0.0
2023-08-07,USO,1,0.2922758739441633,0,0,1,Commodities,0.0
2023-08-08,GLD,3,-0.6026653833687305,0,0,1,Commodities,0.0
2023-08-08,QQQ,11,-0.38318168092519045,0,0,3,US,0.0
2023-08-08,SPY,21,-0.2820667028870611,0,0,5,US,0.0
2023-08-08,USO,1,0.09300418943166733,0,0,1,Commodities,0.0
2023-08-09,GLD,2,-0.39435107726603746,0,0,0,Commodities,0.0
2023-08-09,QQQ,13,-0.3852332675686249,0,0,2,US,0.0
2023-08-09,SPY,25,-0.29820291969925167,0,0,7,US,0.0
2023-08-10,GLD,1,0.8498652838170528,0,0,0,Commodities,0.0
2023-08-10,QQQ,10,0.03943349178880453,0,0,0,US,0.0
2023-08-10,SPY,14,-0.01708963413589767,0,0,3,US,0.0
2023-08-11,GLD,1,-0.8205551244318485,0,0,0,Commodities,0.0
2023-08-11,QQQ,7,-0.4397982205929501,0,0,1,US,0.0
2023-08-11,SPY,7,-0.500950516600694,0,0,2,US,0.0
2023-08-14,QQQ,11,0.4127381601455537,0,0,4,US,0.0
2023-08-14,SPY,17,0.3119421617182739,0,0,6,US,0.0
2023-08-15,GLD,3,-0.9511334166551629,0,0,0,Commodities,0.0
2023-08-15,QQQ,12,-0.4297834138851613,0,0,4,US,0.0
2023-08-15,SPY,18,-0.2780123127934833,0,0,7,US,0.0
2023-08-16,GLD,3,-0.2391862285633882,0,0,2,Commodities,0.0
2023-08-16,QQQ,6,-0.481813689849029,0,0,2,US,0.0
2023-08-16,SPY,14,-0.22507748932444624,0,0,7,US,0.0
2023-08-17,GLD,2,0.15143064688891172,0,0,2,Commodities,0.0
2023-08-17,QQQ,7,-0.3645643646429692,0,0,2,US,0.0
2023-08-17,SPY,14,-0.2346707935711103,0,0,6,US,0.0
2023-08-18,GLD,4,-0.6657659849151969,0,0,2,Commodities,0.0
2023-08-18,QQQ,10,-0.3373812485486269,0,0,3,US,0.0
2023-08-18,SPY,13,-0.2731694374233484,0,0,4,US,0.0
2023-08-18,USO,2,-0.5983118899166584,0,0,1,Commodities,0.0
2023-08-21,GLD,3,-0.3073818236589432,0,0,2,Commodities,0.0
2023-08-21,QQQ,16,-0.11010936670936644,0,0,4,US,0.0
2023-08-21,SPY,26,-0.06819881914326778,0,0,10,US,0.0
2023-08-22,GLD,1,0.15413355454802513,0,0,1,Commodities,0.0
2023-08-22,QQQ,9,-0.09887548142837153,0,0,3,US,0.0
2023-08-22,SPY,24,-0.31199379653359455,0,0,9,US,0.0
2023-08-23,GLD,1,0.04280406981706619,0,0,1,Commodities,0.0
2023-08-23,QQQ,7,0.08359533548355103,0,0,1,US,0.0
2023-08-23,SPY,15,-0.05903275019178788,0,0,5,US,0.0
2023-08-24,GLD,1,-0.9592715986073017,0,0,0,Commodities,0.0
2023-08-24,QQQ,11,-0.14614451676607132,0,0,2,US,0.0
2023-08-24,SPY,20,-0.31597913391888144,0,0,4,US,0.0
2023-08-25,GLD,3,0.3799269186953704,0,0,0,Commodities,0.0
2023-08-25,QQQ,13,0.21173833339260176,0,0,4,US,0.0
2023-08-25,SPY,14,0.049765851481684616,0,0,2,US,0.0
2023-08-28,EWA,1,-0.009154371917247772,0,0,1,Australia,0.0
2023-08-28,GLD,2,-0.4611756172962487,0,0,1,Commodities,0.0
2023-08-28,QQQ,10,0.4889374324120581,0,0,3,US,0.0
2023-08-28,SPY,17,0.23966916310874856,0,0,9,US,0.0
2023-08-28,^AXJO,1,-0.009154371917247772,0,0,1,Australia,0.0
2023-08-29,QQQ,4,0.15046624606475234,0,0,1,US,0.0
2023-08-29,SPY,8,-0.03971822327002883,0,0,4,US,0.0
2023-08-30,EWA,1,-0.8625432290136814,0,0,0,Australia,0.0
2023-08-30,QQQ,12,-0.20540997316129506,0,0,1,US,0.0
2023-08-30,SPY,19,-0.026089503037694254,0,0,5,US,0.0
2023-08-30,^AXJO,1,-0.8625432290136814,0,0,0,Australia,0.0
2023-08-31,QQQ,9,-0.0996913392510679,0,0,1,US,0.0
2023-08-31,SPY,16,0.1629816967761144,0,0,6,US,0.0
2023-09-01,QQQ,8,-0.09979081770870835,0,0,5,US,0.0
2023-09-01,SPY,21,-0.22310201548749492,0,0,9,US,0.0
2023-09-05,EWA,1,-0.9469962660223246,0,0,0,Australia,0.0
2023-09-05,GLD,2,-0.46882483270019293,0,0,0,Commodities,0.0
2023-09-05,QQQ,12,-0.32846998163343716,0,0,5,US,0.0
2023-09-05,SPY,21,-0.3276451393474071,0,0,8,US,0.0
2023-09-05,USO,6,-0.8172094464146843,0,0,0,Commodities,0.0
2023-09-05,^AXJO,1,-0.9469962660223246,0,0,0,Australia,0.0
2023-09-06,GLD,3,-0.5742295536523064,0,0,1,Commodities,0.0
2023-09-06,QQQ,10,-0.2978322545066476,0,0,3,US,0.0
2023-09-06,SPY,20,-0.13813078552484512,0,0,9,US,0.0
2023-09-06,USO,2,-0.9363956060260534,0,0,0,Commodities,0.0
2023-09-07,GLD,6,-0.8070795421178142,0,0,0,Commodities,0.0
2023-09-07,QQQ,9,-0.6889669308438897,0,0,0,US,0.0
2023-09-07,SPY,19,-0.4375067887043482,0,0,7,US,0.0
2023-09-07,USO,1,-0.049187034368515015,0,0,1,Commodities,0.0
2023-09-08,GLD,4,-0.7581671662628651,0,0,0,Commodities,0.0
2023-09-08,QQQ,10,-0.5663480024784804,0,0,0,US,0.0
2023-09-08,SPY,20,-0.42093079555779694,0,0,3,US,0.0
2023-09-11,GLD,3,-0.3834852563838164,0,0,1,Commodities,0.0
2023-09-11,QQQ,8,-0.10866537422407418,0,0,4,US,0.0
2023-09-11,SPY,13,-0.1416223460378555,0,0,7,US,0.0
2023-09-11,USO,1,0.6879192665219307,0,0,0,Commodities,0.0
2023-09-12,GLD,3,0.6226489394903183,0,0,1,Commodities,0.0
2023-09-12,QQQ,17,-0.26409276191364317,0,0,5,US,0.0
2023-09-12,SPY,29,-0.2007607851691287,0,0,10,US,0.0
2023-09-12,USO,4,-0.6943271572235972,0,0,1,Commodities,0.0
2023-09-13,QQQ,14,-0.1005352365651301,0,0,0,US,0.0
2023-09-13,SPY,20,0.04866822212934494,0,0,4,US,0.0
2023-09-13,USO,2,-0.44157304521650076,0,0,1,Commodities,0.0
2023-09-14,GLD,3,-0.04872321058064699,0,0,1,Commodities,0.0
2023-09-14,QQQ,3,0.13824802761276564,0,0,1,US,0.0
2023-09-14,SPY,12,0.07681843164997797,0,0,5,US,0.0
2023-09-15,EWA,1,0.6335934847593307,0,0,0,Australia,0.0
2023-09-15,GLD,3,0.5553947634374102,0,0,1,Commodities,0.0
2023-09-15,QQQ,10,-0.3076761866919696,0,0,2,US,0.0
2023-09-15,SPY,21,-0.09494345382388149,0,0,7,US,0.0
2023-09-15,^AXJO,1,0.6335934847593307,0,0,0,Australia,0.0
2023-09-18,QQQ,9,-0.18815499482055506,0,0,4,US,0.0
2023-09-18,SPY,13,-0.34763751838069695,0,0,5,US,0.0
2023-09-19,QQQ,8,-0.2577800842700526,0,0,5,US,0.0
2023-09-19,SPY,14,-0.3613766344663288,0,0,8,US,0.0
2023-09-19,USO,1,-0.9613970257341862,0,0,0,Commodities,0.0
2023-09-20,GLD,1,-0.8357196263968945,0,0,0,Commodities,0.0
2023-09-20,QQQ,12,-0.08265459770336747,0,0,3,US,0.0
2023-09-20,SPY,20,0.07561521399766206,0,0,7,US,0.0
2023-09-21,GLD,1,-0.943202767521143,0,0,0,Commodities,0.0
2023-09-21,QQQ,5,-0.9389617692679166,0,0,0,US,0.0
2023-09-21,SPY,13,-0.6408922113478184,0,0,4,US,0.0
2023-09-22,GLD,2,-0.838392972946167,0,0,0,Commodities,0.0
2023-09-22,QQQ,11,-0.526944721286947,0,0,1,US,0.0
2023-09-22,SPY,15,-0.33980677699049316,0,0,2,US,0.0
2023-09-25,QQQ,3,-0.1090799868106842,0,0,1,US,0.0
2023-09-25,SPY,15,0.003392187071343263,0,0,9,US,0.0
2023-09-25,USO,1,-0.8543664887547493,0,0,0,Commodities,0.0
2023-09-26,GLD,1,-0.9425227660685778,0,0,0,Commodities,0.0
2023-09-26,QQQ,1,-0.963560126721859,0,0,0,US,0.0
2023-09-26,SPY,5,-0.6333382863551378,0,0,1,US,0.0
2023-09-26,USO,1,-0.9425227660685778,0,0,0,Commodities,0.0
2023-09-27,QQQ,7,-0.2425646526472909,0,0,0,US,0.0
2023-09-27,SPY,12,-0.18727772201721868,0,0,2,US,0.0
2023-09-27,USO,1,0.4010985791683197,0,0,0,Commodities,0.0
2023-09-28,GLD,2,-0.573662631213665,0,0,0,Commodities,0.0
2023-09-28,QQQ,3,-0.2021673247218132,0,0,2,US,0.0
2023-09-28,SPY,11,-0.3124754246832295,0,0,6,US,0.0
2023-09-28,USO,1,-0.5360569506883621,0,0,0,Commodities,0.0
2023-09-29,GLD,2,-0.04780724598094821,0,0,0,Commodities,0.0
2023-09-29,QQQ,10,-0.33093905868008733,0,0,1,US,0.0
2023-09-29,SPY,27,-0.21606998366338234,0,0,4,US,0.0
2023-09-29,USO,2,-0.017278739716857672,0,0,0,Commodities,0.0
2023-10-02,GLD,4,-0.48776867240667343,0,0,0,Commodities,0.0
2023-10-02,QQQ,7,-0.3077976679695504,0,0,2,US,0.0
2023-10-02,SPY,20,0.1054180406499654,0,0,6,US,0.0
2023-10-03,GLD,3,-0.2571066462745269,0,0,0,Commodities,0.0
2023-10-03,QQQ,9,-0.5456885424339109,0,0,2,US,0.0
2023-10-03,SPY,29,-0.3573736138641834,0,0,8,US,0.0
2023-10-04,QQQ,7,-0.2965898102681552,0,0,1,US,0.0
2023-10-04,SPY,16,-0.08072152867680416,0,0,4,US,0.0
2023-10-05,GLD,3,-0.6662093633785844,0,0,1,Commodities,0.0
2023-10-05,QQQ,6,-0.6662976490333676,0,0,2,US,0.0
2023-10-05,SPY,10,-0.5559477115981281,0,0,4,US,0.0
2023-10-05,USO,2,-0.4284665584564209,0,0,1,Commodities,0.0
2023-10-06,GLD,2,-0.3915175679139793,0,0,1,Commodities,0.0
2023-10-06,QQQ,8,-0.1077297031879425,0,0,1,US,0.0
2023-10-06,SPY,18,-0.1330973960252272,0,0,4,US,0.0
2023-10-09,GLD,11,-0.2399051639844071,0,0,3,Commodities,0.0
2023-10-09,QQQ,10,-0.260317450016737,0,0,2,US,0.0
2023-10-09,SPY,21,-0.1847609882908208,0,0,7,US,0.0
2023-10-09,USO,3,-0.1506614312529564,0,0,1,Commodities,0.0
2023-10-10,GLD,3,-0.019589514782031376,0,0,1,Commodities,0.0
2023-10-10,QQQ,9,-0.04516709140605397,0,0,3,US,0.0
2023-10-10,SPY,20,-0.09904440538957715,0,0,10,US,0.0
2023-10-11,GLD,1,-0.5708330869674683,0,0,0,Commodities,0.0
2023-10-11,QQQ,14,0.16767532671136515,0,0,6,US,0.0
2023-10-11,SPY,23,-0.08139369539592577,0,0,10,US,0.0
2023-10-12,GLD,2,-0.056682027876377106,0,0,0,Commodities,0.0
2023-10-12,QQQ,8,-0.4942257353104651,0,0,2,US,0.0
2023-10-12,SPY,12,-0.2641063349631925,0,0,5,US,0.0
2023-10-13,GLD,5,-0.3161115309223533,0,0,1,Commodities,0.0
2023-10-13,QQQ,12,-0.24339843254225949,0,0,4,US,0.0
2023-10-13,SPY,22,-0.037610343361104075,0,0,8,US,0.0
2023-10-16,GLD,6,-0.2790663504662613,0,0,2,Commodities,0.0
2023-10-16,QQQ,10,0.08015610966831446,0,0,1,US,0.0
2023-10-16,SPY,30,0.15411871179627876,0,0,10,US,0.0
2023-10-17,GLD,2,-0.741251178085804,0,0,0,Commodities,0.0
2023-10-17,QQQ,10,-0.37067172368988394,0,0,1,US,0.0
2023-10-17,SPY,19,-0.3433604447269126,0,0,7,US,0.0
2023-10-18,GLD,2,-0.5187092199921608,0,0,1,Commodities,0.0
2023-10-18,QQQ,10,-0.3281520334072411,0,0,1,US,0.0
2023-10-18,SPY,21,-0.3483734137511679,0,0,9,US,0.0
2023-10-19,GLD,1,0.7165999412536621,0,0,0,Commodities,0.0
2023-10-19,QQQ,11,-0.5715215020728383,0,0,3,US,0.0
2023-10-19,SPY,22,-0.15388903821903197,0,0,8,US,0.0
2023-10-20,GLD,7,-0.7524872339729752,0,0,1,Commodities,0.0
2023-10-20,QQQ,12,-0.8229309383314103,0,0,0,US,0.0
2023-10-20,SPY,25,-0.7336346864327788,0,0,2,US,0.0
2023-10-20,USO,1,-0.9396454188972712,0,0,0,Commodities,0.0
2023-10-23,GLD,2,0.16367646073922515,0,0,2,Commodities,0.0
2023-10-23,QQQ,11,-0.24494190581820227,0,0,6,US,0.0
2023-10-23,SPY,17,-0.37516312980476546,0,0,6,US,0.0
2023-10-24,QQQ,9,-0.2125833887192938,0,0,4,US,0.0
2023-10-24,SPY,15,-0.24393639365832012,0,0,6,US,0.0
2023-10-25,GLD,1,-0.6720183566212654,0,0,0,Commodities,0.0
2023-10-25,QQQ,9,-0.6164942923933268,0,0,1,US,0.0
2023-10-25,SPY,13,-0.2553475776400704,0,0,5,US,0.0
2023-10-26,GLD,2,-0.4866851787082851,0,0,1,Commodities,0.0
2023-10-26,QQQ,13,-0.598143485446389,0,0,2,US,0.0
2023-10-26,SPY,19,-0.588939686109753,0,0,4,US,0.0
2023-10-27,GLD,1,-0.959493849426508,0,0,0,Commodities,0.0
2023-10-27,QQQ,10,-0.2899867890402675,0,0,3,US,0.0
2023-10-27,SPY,21,-0.5312995308832753,0,0,5,US,0.0
2023-10-27,USO,1,-0.919891070574522,0,0,0,Commodities,0.0
2023-10-30,GLD,3,-0.4369267849251628,0,0,1,Commodities,0.0
2023-10-30,QQQ,14,-0.04576036699914506,0,0,4,US,0.0
2023-10-30,SPY,30,-0.054254707290480535,0,0,10,US,0.0
2023-10-30,USO,1,-0.17974091693758965,0,0,1,Commodities,0.0
2023-10-31,GLD,4,-0.1355573304463178,0,0,2,Commodities,0.0
2023-10-31,QQQ,8,-0.2431310893734917,0,0,2,US,0.0
2023-10-31,SPY,19,-0.22949784185345234,0,0,9,US,0.0
2023-11-01,GLD,2,-0.9423860465176404,0,0,0,Commodities,0.0
2023-11-01,QQQ,12,-0.27010715543292463,0,0,2,US,0.0
2023-11-01,SPY,20,-0.1506297411862761,0,0,7,US,0.0
2023-11-02,GLD,2,-0.3116726530715823,0,0,1,Commodities,0.0
2023-11-02,QQQ,11,-0.11719263277270577,0,0,2,US,0.0
2023-11-02,SPY,15,0.0784590640415748,0,0,8,US,0.0
2023-11-03,GLD,1,-0.9542994182556868,0,0,0,Commodities,0.0
2023-11-03,QQQ,7,-0.05562632357967751,0,0,1,US,0.0
2023-11-03,SPY,13,0.05986741636521541,0,0,4,US,0.0
2023-11-06,GLD,1,-0.8469830006361008,0,0,0,Commodities,0.0
2023-11-06,QQQ,9,0.18031089401079547,0,0,3,US,0.0
2023-11-06,SPY,24,-0.054831686158043645,0,0,8,US,0.0
2023-11-06,USO,1,0.8763558492064476,0,0,0,Commodities,0.0
2023-11-07,GLD,2,-0.45203375816345215,0,0,1,Commodities,0.0
2023-11-07,QQQ,13,0.14767837889779073,0,0,4,US,0.0
2023-11-07,SPY,24,0.0836137216926242,0,0,9,US,0.0
2023-11-07,USO,1,0.24358367919921875,0,0,0,Commodities,0.0
2023-11-08,GLD,2,-0.3719330606982112,0,0,1,Commodities,0.0
2023-11-08,QQQ,16,0.2211204330669716,0,0,3,US,0.0
2023-11-08,SPY,24,0.07253809560400744,0,0,7,US,0.0
2023-11-08,USO,1,-0.057944536209106445,0,0,0,Commodities,0.0
2023-11-09,GLD,2,-0.3394400617107749,0,0,0,Commodities,0.0
2023-11-09,QQQ,9,-0.5255733613545696,0,0,1,US,0.0
2023-11-09,SPY,19,-0.16880026317544675,0,0,6,US,0.0
2023-11-10,GLD,1,0.8847803026437759,0,0,0,Commodities,0.0
2023-11-10,QQQ,8,-0.0035755098797380924,0,0,2,US,0.0
2023-11-10,SPY,14,0.24033773843465106,0,0,2,US,0.0
2023-11-13,GLD,2,0.7077832110226154,0,0,0,Commodities,0.0
2023-11-13,QQQ,12,-0.2913324419253816,0,0,3,US,0.0
2023-11-13,SPY,19,-0.1438197347972738,0,0,7,US,0.0
2023-11-14,QQQ,15,-0.03337021159629027,0,0,3,US,0.0
2023-11-14,SPY,19,-0.052293349939741586,0,0,5,US,0.0
2023-11-15,GLD,4,0.45621623611077666,0,0,0,Commodities,0.0
2023-11-15,QQQ,10,0.2443603752180934,0,0,1,US,0.0
2023-11-15,SPY,17,0.2319744762909763,0,0,4,US,0.0
2023-11-16,GLD,2,0.5494185741990805,0,0,1,Commodities,0.0
2023-11-16,QQQ,10,-0.10267701204866171,0,0,3,US,0.0
2023-11-16,SPY,19,-0.02882354868281829,0,0,5,US,0.0
2023-11-17,GLD,2,0.3760727010667324,0,0,1,Commodities,0.0
2023-11-17,QQQ,12,-0.014842689658204714,0,0,4,US,0.0
2023-11-17,SPY,20,-0.052938105445355176,0,0,6,US,0.0
2023-11-17,USO,1,0.5406760722398758,0,0,0,Commodities,0.0
2023-11-20,GLD,1,0.9147944562137127,0,0,0,Commodities,0.0
2023-11-20,QQQ,13,0.2118591252141274,0,0,3,US,0.0
2023-11-20,SPY,26,0.1453502789283028,0,0,8,US,0.0
2023-11-21,QQQ,11,-0.28215875899927184,0,0,3,US,0.0
2023-11-21,SPY,25,-0.12774023048579694,0,0,10,US,0.0
2023-11-22,GLD,1,-0.9515024544671178,0,0,0,Commodities,0.0
2023-11-22,QQQ,14,0.33348033696945223,0,0,1,US,0.0
2023-11-22,SPY,37,0.2184218212055999,0,0,11,US,0.0
2023-11-24,GLD,2,-0.4679741933941841,0,0,1,Commodities,0.0
2023-11-24,QQQ,8,-0.45575140498112887,0,0,3,US,0.0
2023-11-24,SPY,12,-0.19965927675366402,0,0,5,US,0.0
2023-11-27,GLD,1,0.10406291112303734,0,0,1,Commodities,0.0
2023-11-27,QQQ,6,0.26349244158094126,0,0,1,US,0.0
2023-11-27,SPY,18,-0.01577344536781311,0,0,8,US,0.0
2023-11-27,USO,1,0.873772606253624,0,0,0,Commodities,0.0
2023-11-28,GLD,1,-0.6414595246315002,0,0,0,Commodities,0.0
2023-11-28,QQQ,4,-0.258644943125546,0,0,1,US,0.0
2023-11-28,SPY,12,-0.2583743541035801,0,0,5,US,0.0
2023-11-28,USO,1,-0.6414595246315002,0,0,0,Commodities,0.0
2023-11-29,QQQ,5,0.08996758535504341,0,0,0,US,0.0
2023-11-29,SPY,14,-0.22719081870413252,0,0,3,US,0.0
2023-11-30,QQQ,7,0.17622022171105658,0,0,1,US,0.0
2023-11-30,SPY,15,0.09682898509005705,0,0,5,US,0.0
2023-12-01,GLD,1,0.7995154783129692,0,0,0,Commodities,0.0
2023-12-01,QQQ,4,-0.33564197551459074,0,0,1,US,0.0
2023-12-01,SPY,20,0.04047759831883013,0,0,7,US,0.0
2023-12-04,GLD,1,-0.9579334622249007,0,0,0,Commodities,0.0
2023-12-04,QQQ,7,-0.26682697515934706,0,0,1,US,0.0
2023-12-04,SPY,30,-0.08046774699663123,0,0,11,US,0.0
2023-12-05,QQQ,8,-0.8326507970923558,0,0,1,US,0.0
2023-12-05,SPY,25,-0.30236828900873663,0,0,16,US,0.0
2023-12-06,GLD,2,-0.21630503982305527,0,0,1,Commodities,0.0
2023-12-06,QQQ,10,-0.02628075275570154,0,0,1,US,0.0
2023-12-06,SPY,16,-0.012753877264913172,0,0,3,US,0.0
2023-12-07,QQQ,11,-0.11962265682152727,0,0,4,US,0.0
2023-12-07,SPY,23,-0.010103519762987677,0,0,14,US,0.0
2023-12-08,GLD,3,0.03741668940832218,0,0,0,Commodities,0.0
2023-12-08,QQQ,6,-0.17795165193577608,0,0,0,US,0.0
2023-12-08,SLV,1,0.11338043212890625,0,0,0,Commodities,0.0
2023-12-08,SPY,16,0.10634975507855415,0,0,4,US,0.0
2023-12-08,USO,1,0.11338043212890625,0,0,0,Commodities,0.0
2023-12-11,QQQ,11,0.09863767705180428,0,0,7,US,0.0
2023-12-11,SPY,39,0.21012405370577023,0,0,21,US,0.0
2023-12-12,QQQ,10,0.25165146868675947,0,0,4,US,0.0
2023-12-12,SPY,17,0.27215406725950103,0,0,6,US,0.0
2023-12-13,QQQ,11,0.3803119073537263,0,0,4,US,0.0
2023-12-13,SPY,20,0.23958428790792824,0,0,8,US,0.0
2023-12-14,QQQ,11,0.16208371909504588,0,0,1,US,0.0
2023-12-14,SPY,17,0.09993461212691139,0,0,4,US,0.0
2023-12-15,QQQ,7,0.0797713396272489,0,0,2,US,0.0
2023-12-15,SPY,18,0.008411274188094668,0,0,7,US,0.0
2023-12-18,GLD,6,0.6996764472375313,0,0,0,Commodities,0.0
2023-12-18,QQQ,7,0.4363794175109693,0,0,1,US,0.0
2023-12-18,SPY,20,0.21451866216957569,0,0,7,US,0.0
2023-12-18,USO,1,0.8614690378308296,0,0,0,Commodities,0.0
2023-12-19,GLD,1,0.34194105863571167,0,0,0,Commodities,0.0
2023-12-19,QQQ,5,0.05635358728468418,0,0,0,US,0.0
2023-12-19,SPY,16,0.15620631468482316,0,0,2,US,0.0
2023-12-19,USO,1,0.8697785288095474,0,0,0,Commodities,0.0
2023-12-20,GLD,1,-0.35897476971149445,0,0,0,Commodities,0.0
2023-12-20,QQQ,3,-0.9308848067497214,0,0,0,US,0.0
2023-12-20,SPY,16,-0.5716386143467389,0,0,5,US,0.0
2023-12-21,QQQ,7,-0.027552743708448752,0,0,1,US,0.0
2023-12-21,SPY,22,-0.10203333021226255,0,0,10,US,0.0
2023-12-21,USO,1,-0.9609069619327784,0,0,0,Commodities,0.0
2023-12-22,GLD,5,-0.19247121140360832,0,0,3,Commodities,0.0
2023-12-22,QQQ,6,-0.33587897072235745,0,0,3,US,0.0
2023-12-22,SPY,15,-0.1372481784472863,0,0,8,US,0.0
2023-12-26,GLD,1,0.7111771106719971,0,0,0,Commodities,0.0
2023-12-26,QQQ,4,0.4080972787924111,0,0,0,US,0.0
2023-12-26,SPY,18,0.3363296240568161,0,0,8,US,0.0
2023-12-26,USO,1,0.9118136819452047,0,0,0,Commodities,0.0
2023-12-27,GLD,3,0.5634806888798872,0,0,1,Commodities,0.0
2023-12-27,QQQ,5,0.5357785236090422,0,0,1,US,0.0
2023-12-27,SPY,20,0.25693503143265845,0,0,8,US,0.0
2023-12-28,GLD,1,0.8441508859395981,0,0,0,Commodities,0.0
2023-12-28,QQQ,5,0.29748805090785024,0,0,1,US,0.0
2023-12-28,SPY,22,0.29136115769771015,0,0,8,US,0.0
2023-12-29,QQQ,11,0.09098357241600752,0,0,2,US,0.0
2023-12-29,SPY,25,-0.13344444051384927,0,0,6,US,0.0
2024-01-02,GLD,3,0.03114580238858859,0,0,2,Commodities,0.0
2024-01-02,QQQ,10,-0.30498713422566653,0,0,4,US,0.0
2024-01-02,SPY,18,-0.11529945737371843,0,0,11,US,0.0
2024-01-02,USO,1,0.03450435400009155,0,0,1,Commodities,0.0
2024-01-03,GLD,2,0.4578339518047869,0,0,1,Commodities,0.0
2024-01-03,QQQ,5,-0.7066382320597768,0,0,1,US,0.0
2024-01-03,SPY,17,-0.2556414131403846,0,0,7,US,0.0
2024-01-03,USO,1,-0.9467170471325517,0,0,0,Commodities,0.0
2024-01-04,QQQ,8,-0.2151499076280743,0,0,1,US,0.0
2024-01-04,SPY,16,0.012451606977265328,0,0,7,US,0.0
2024-01-04,USO,1,0.36767277121543884,0,0,0,Commodities,0.0
2024-01-05,QQQ,4,-0.5352163971401751,0,0,1,US,0.0
2024-01-05,SPY,16,-0.3131121725891717,0,0,5,US,0.0
2024-01-08,GLD,1,0.05074222758412361,0,0,1,Commodities,0.0
2024-01-08,QQQ,17,0.34557549206211285,0,0,8,US,0.0
2024-01-08,SPY,25,0.2639312393963337,0,0,10,US,0.0
2024-01-09,EWA,1,0.8741168230772018,0,0,0,Australia,0.0
2024-01-09,GLD,3,-0.2082051939020554,0,0,0,Commodities,0.0
2024-01-09,QQQ,8,-0.23375497420784086,0,0,1,US,0.0
2024-01-09,SPY,18,-0.0869193331648906,0,0,5,US,0.0
2024-01-09,^AXJO,1,0.8741168230772018,0,0,0,Australia,0.0
2024-01-10,QQQ,11,0.04938759468495846,0,0,4,US,0.0
2024-01-10,SPY,21,-0.017295045866852717,0,0,8,US,0.0
2024-01-11,EWA,1,-0.5513788908720016,0,0,0,Australia,0.0
2024-01-11,GLD,2,-0.22243370860815048,0,0,1,Commodities,0.0
2024-01-11,QQQ,11,-0.34734123056246474,0,0,3,US,0.0
2024-01-11,SLV,1,-0.5513788908720016,0,0,0,Commodities,0.0
2024-01-11,SPY,17,-0.25270384917145267,0,0,8,US,0.0
2024-01-11,USO,1,-0.5513788908720016,0,0,0,Commodities,0.0
2024-01-11,^AXJO,1,-0.5513788908720016,0,0,0,Australia,0.0
2024-01-12,GLD,2,-0.0032873302698135376,0,0,0,Commodities,0.0
2024-01-12,QQQ,4,-0.4719756522681564,0,0,0,US,0.0
2024-01-12,SPY,16,-0.3390460693044588,0,0,4,US,0.0
2024-01-16,GLD,2,-0.402414808049798,0,0,1,Commodities,0.0
2024-01-16,QQQ,4,-0.6256254594773054,0,0,1,US,0.0
2024-01-16,SPY,12,-0.02178606290059785,0,0,6,US,0.0
2024-01-17,GLD,1,0.8457760512828827,0,0,0,Commodities,0.0
2024-01-17,QQQ,3,-0.4711713499079148,0,0,0,US,0.0
2024-01-17,SPY,5,-0.11691606529057026,0,0,1,US,0.0
2024-01-18,QQQ,3,0.00793112317721049,0,0,1,US,0.0
2024-01-18,SPY,8,-0.11838059080764651,0,0,3,US,0.0
2024-01-19,QQQ,10,0.28357370644807817,0,0,1,US,0.0
2024-01-19,SPY,47,0.270000839526666,0,0,10,US,0.0
2024-01-22,GLD,2,-0.03360884077847004,0,0,0,Commodities,0.0
2024-01-22,QQQ,13,0.5694579241367487,0,0,3,US,0.0
2024-01-22,SPY,30,0.3421880764265855,0,0,8,US,0.0
2024-01-23,QQQ,2,-0.9529560306109488,0,0,0,US,0.0
2024-01-23,SPY,11,0.03579388186335564,0,0,2,US,0.0
2024-01-24,QQQ,7,0.2825050817004272,0,0,1,US,0.0
2024-01-24,SPY,15,0.14535686733822029,0,0,2,US,0.0
2024-01-25,QQQ,7,0.06308451720646449,0,0,2,US,0.0
2024-01-25,SPY,13,0.04735219106078148,0,0,4,US,0.0
2024-01-26,GLD,1,-0.003361046314239502,0,0,0,Commodities,0.0
2024-01-26,QQQ,8,-0.28238990739919245,0,0,2,US,0.0
2024-01-26,SPY,17,-0.2301557606414837,0,0,6,US,0.0
2024-01-29,GLD,1,-0.9260310400277376,0,0,0,Commodities,0.0
2024-01-29,QQQ,5,-0.38985127992928026,0,0,2,US,0.0
2024-01-29,SPY,8,-0.22823725966736674,0,0,5,US,0.0
2024-01-30,QQQ,4,-0.12376026809215546,0,0,1,US,0.0
2024-01-30,SPY,12,-0.11169387718352179,0,0,4,US,0.0
2024-01-30,USO,1,-0.959734900854528,0,0,0,Commodities,0.0
2024-01-31,GLD,1,-0.0341312400996685,0,0,1,Commodities,0.0
2024-01-31,QQQ,9,-0.5475380991895994,0,0,2,US,0.0
2024-01-31,SPY,16,-0.28502815909450874,0,0,7,US,0.0
2024-02-01,QQQ,5,0.1562941949814558,0,0,0,US,0.0
2024-02-01,SPY,10,0.21006041401997208,0,0,2,US,0.0
2024-02-02,QQQ,7,0.1939696976915002,0,0,1,US,0.0
2024-02-02,SPY,11,0.320517200214619,0,0,2,US,0.0
2024-02-05,GLD,1,0.49143677949905396,0,0,0,Commodities,0.0
2024-02-05,QQQ,2,-0.9450883660465479,0,0,0,US,0.0
2024-02-05,SPY,5,0.08080953806638717,0,0,0,US,0.0
2024-02-06,GLD,1,-0.12853708863258362,0,0,0,Commodities,0.0
2024-02-06,QQQ,2,-0.13535957783460617,0,0,1,US,0.0
2024-02-06,SPY,8,-0.023454365553334355,0,0,3,US,0.0
2024-02-07,QQQ,5,0.1744223140180111,0,0,1,US,0.0
2024-02-07,SPY,9,-0.003941040279136764,0,0,2,US,0.0
2024-02-08,GLD,1,0.3095501959323883,0,0,0,Commodities,0.0
2024-02-08,QQQ,5,-0.16591764092445374,0,0,2,US,0.0
2024-02-08,SPY,27,-0.07522824137575096,0,0,14,US,0.0
2024-02-09,QQQ,7,0.5104295515588352,0,0,1,US,0.0
2024-02-09,SPY,33,0.2579532799903642,0,0,9,US,0.0
2024-02-12,GLD,2,0.8436537627130747,0,0,0,Commodities,0.0
2024-02-12,QQQ,11,0.06906786645677956,0,0,3,US,0.0
2024-02-12,SPY,24,0.05215215659700334,0,0,8,US,0.0
2024-02-13,GLD,1,-0.925192903727293,0,0,0,Commodities,0.0
2024-02-13,QQQ,7,-0.675005162933043,0,0,0,US,0.0
2024-02-13,SPY,15,-0.25959524239103,0,0,6,US,0.0
2024-02-14,QQQ,8,0.2953602896304801,0,0,2,US,0.0
2024-02-14,SPY,16,0.1354111006949097,0,0,6,US,0.0
2024-02-15,GLD,4,0.12855153065174818,0,0,1,Commodities,0.0
2024-02-15,QQQ,16,-0.14279621437890455,0,0,2,US,0.0
2024-02-15,SPY,25,-0.09021233405917883,0,0,6,US,0.0
2024-02-16,GLD,5,-0.11958146467804909,0,0,2,Commodities,0.0
2024-02-16,QQQ,13,-0.07920100568578793,0,0,5,US,0.0
2024-02-16,SPY,28,-0.08484001750392574,0,0,11,US,0.0
2024-02-20,GLD,5,0.2997287891805172,0,0,3,Commodities,0.0
2024-02-20,QQQ,12,-0.22161321442884704,0,0,3,US,0.0
2024-02-20,SPY,25,0.0625740460678935,0,0,6,US,0.0
2024-02-21,QQQ,9,-0.01313073912428485,0,0,5,US,0.0
2024-02-21,SPY,11,0.05437073314731771,0,0,6,US,0.0
2024-02-22,GLD,2,-0.22526379860937595,0,0,1,Commodities,0.0
2024-02-22,QQQ,18,0.4505413957974977,0,0,5,US,0.0
2024-02-22,SPY,25,0.42411966182291505,0,0,9,US,0.0
2024-02-23,GLD,1,0.8045386224985123,0,0,0,Commodities,0.0
2024-02-23,QQQ,15,0.5582087082167466,0,0,0,US,0.0
2024-02-23,SPY,22,0.44402565409175376,0,0,2,US,0.0
2024-02-23,USO,1,0.5864106565713882,0,0,0,Commodities,0.0
2024-02-26,GLD,2,0.5686900364235044,0,0,1,Commodities,0.0
2024-02-26,QQQ,6,0.0832616228920718,0,0,1,US,0.0
2024-02-26,SPY,17,0.06322563713526025,0,0,7,US,0.0
2024-02-27,GLD,2,0.28402185067534447,0,0,1,Commodities,0.0
2024-02-27,QQQ,10,-0.07243485599756241,0,0,2,US,0.0
2024-02-27,SPY,19,-0.0732608251273632,0,0,7,US,0.0
2024-02-28,GLD,1,-0.9631283339112997,0,0,0,Commodities,0.0
2024-02-28,QQQ,10,-0.292395487613976,0,0,3,US,0.0
2024-02-28,SPY,17,-0.06040415063719539,0,0,9,US,0.0
2024-02-29,GLD,1,-0.9120961017906666,0,0,0,Commodities,0.0
2024-02-29,QQQ,13,0.1707886946029388,0,0,2,US,0.0
2024-02-29,SPY,18,0.08074214619894822,0,0,7,US,0.0
2024-03-01,GLD,3,0.5079392866852382,0,0,1,Commodities,0.0
2024-03-01,QQQ,21,0.33444395406349076,0,0,3,US,0.0
2024-03-01,SPY,28,0.32791862555313855,0,0,6,US,0.0
2024-03-01,USO,1,0.5750434696674347,0,0,0,Commodities,0.0
2024-03-04,GLD,3,-0.3646759719898303,0,0,0,Commodities,0.0
2024-03-04,QQQ,12,-0.09523106971755624,0,0,3,US,0.0
2024-03-04,SPY,26,-0.12693761242553592,0,0,9,US,0.0
2026-02-01,EWA,2,0.43437672406435013,0,0,0,Australia,0.0
2026-02-01,GLD,18,0.0935093912606438,0,0,7,Commodities,0.0
2026-02-01,QQQ,38,0.052211325444085036,0,0,19,US,0.0
2026-02-01,SLV,2,-0.21726519241929054,0,0,0,Commodities,0.0
2026-02-01,SPY,22,0.11522397373548963,0,0,8,US,0.0
2026-02-01,USO,8,-0.09909793175756931,0,0,2,Commodities,0.0
2026-02-01,^AXJO,2,0.43437672406435013,0,0,0,Australia,0.0
2026-02-02,EWA,8,0.11019137874245644,0,0,1,Australia,0.0
2026-02-02,GLD,50,0.0030969771929085254,0,0,22,Commodities,0.0
2026-02-02,QQQ,70,0.07296785090916923,0,0,29,US,0.0
2026-02-02,SLV,6,-0.025493839134772617,0,0,2,Commodities,0.0
2026-02-02,SPY,56,0.0626679841994441,0,0,25,US,0.0
2026-02-02,USO,10,0.01560779418796301,0,0,5,Commodities,0.0
2026-02-02,^AXJO,8,0.11019137874245644,0,0,1,Australia,0.0
2026-02-03,EWA,6,0.024270659467826288,0,0,6,Australia,0.0
2026-02-03,GLD,64,0.04165785000077449,0,0,27,Commodities,0.0
2026-02-03,QQQ,96,0.06415906765808661,0,0,48,US,0.0
2026-02-03,SLV,4,0.07878570328466594,0,0,2,Commodities,0.0
2026-02-03,SPY,78,0.06701054318975179,0,0,37,US,0.0
2026-02-03,USO,10,0.06489735236391425,0,0,3,Commodities,0.0
2026-02-03,^AXJO,6,0.024270659467826288,0,0,6,Australia,0.0
2026-02-04,EWA,4,-0.18088826700113714,0,0,1,Australia,0.0
2026-02-04,GLD,86,0.1235857478364609,0,0,38,Commodities,0.0
2026-02-04,QQQ,100,0.054960901029407976,0,0,46,US,0.0
2026-02-04,SLV,6,0.21113358081007996,0,0,2,Commodities,0.0
2026-02-04,SPY,70,0.03976139286532998,0,0,33,US,0.0
2026-02-04,USO,12,0.0029879562401523194,0,0,5,Commodities,0.0
2026-02-04,^AXJO,4,-0.18088826700113714,0,0,1,Australia,0.0
2026-02-05,EWA,14,0.02758381542350565,0,0,5,Australia,0.0
2026-02-05,GLD,82,0.0781727994496866,0,0,43,Commodities,0.0
2026-02-05,QQQ,102,0.04670047971839998,0,0,54,US,0.0
2026-02-05,SLV,2,-0.4822493065148592,0,0,0,Commodities,0.0
2026-02-05,SPY,102,0.01817458780372844,0,0,49,US,0.0
2026-02-05,USO,32,-0.06272763953893445,0,0,25,Commodities,0.0
2026-02-05,^AXJO,14,0.02758381542350565,0,0,5,Australia,0.0
2026-02-06,EWA,10,0.23886871933937073,0,0,4,Australia,0.0
2026-02-06,GLD,78,0.17957432981198415,0,0,38,Commodities,0.0
2026-02-06,QQQ,108,0.1578439282236138,0,0,53,US,0.0
2026-02-06,SLV,4,-0.0871998593211174,0,0,2,Commodities,0.0
2026-02-06,SPY,74,0.17565006349940557,0,0,37,US,0.0
2026-02-06,USO,14,0.19427627957026875,0,0,3,Commodities,0.0
2026-02-06,^AXJO,10,0.23886871933937073,0,0,4,Australia,0.0
2026-02-07,EWA,8,0.03712770855054259,0,0,8,Australia,0.0
2026-02-07,GLD,60,0.07405414070623616,0,0,49,Commodities,0.0
2026-02-07,QQQ,62,0.07224805291081147,0,0,51,US,0.0
2026-02-07,SPY,48,0.08684617989153291,0,0,38,US,0.0
2026-02-07,USO,6,0.014651660652210316,0,0,6,Commodities,0.0
2026-02-07,^AXJO,8,0.03712770855054259,0,0,8,Australia,0.0
2026-02-08,EWA,6,0.02826249071707328,0,0,6,Australia,0.0
2026-02-08,GLD,50,-0.014162938557565213,0,0,37,Commodities,0.0
2026-02-08,QQQ,60,0.003225600719451904,0,0,40,US,0.0
2026-02-08,SLV,2,0.023546095937490463,0,0,2,Commodities,0.0
2026-02-08,SPY,54,0.00344569718948117,0,0,35,US,0.0
2026-02-08,USO,2,0.023546095937490463,0,0,2,Commodities,0.0
2026-02-08,^AXJO,6,0.02826249071707328,0,0,6,Australia,0.0
2026-02-09,EWA,2,0.0689113400876522,0,0,2,Australia,0.0
2026-02-09,GLD,64,0.08617612847592682,0,0,32,Commodities,0.0
2026-02-09,QQQ,86,0.09196190655144841,0,0,46,US,0.0
2026-02-09,SLV,6,0.1023458616497616,0,0,4,Commodities,0.0
2026-02-09,SPY,68,0.09180422066984807,0,0,33,US,0.0
2026-02-09,USO,12,0.07837530217754345,0,0,9,Commodities,0.0
2026-02-09,^AXJO,2,0.0689113400876522,0,0,2,Australia,0.0
2026-02-10,EWA,20,0.01600862080231309,0,0,9,Australia,0.0
2026-02-10,GLD,70,0.13789257806326663,0,0,25,Commodities,0.0
2026-02-10,QQQ,96,0.08546178655039209,0,0,36,US,0.0
2026-02-10,SLV,8,0.16854943765792996,0,0,5,Commodities,0.0
2026-02-10,SPY,78,0.10661814795233883,0,0,28,US,0.0
2026-02-10,USO,10,0.11134844431653619,0,0,5,Commodities,0.0
2026-02-10,^AXJO,20,0.01600862080231309,0,0,9,Australia,0.0
2026-02-11,EWA,12,0.2500030346369992,0,0,3,Australia,0.0
2026-02-11,GLD,88,0.1123047064121982,0,0,36,Commodities,0.0
2026-02-11,QQQ,110,0.11054013506932692,0,0,44,US,0.0
2026-02-11,SPY,92,0.1143556758052791,0,0,37,US,0.0
2026-02-11,USO,4,0.16871796920895576,0,0,1,Commodities,0.0
2026-02-11,^AXJO,12,0.2500030346369992,0,0,3,Australia,0.0
2026-02-12,EWA,14,-0.1690026704621102,0,0,7,Australia,0.0
2026-02-12,GLD,74,0.011163714505430009,0,0,35,Commodities,0.0
2026-02-12,QQQ,108,0.010700608319085505,0,0,49,US,0.0
2026-02-12,SLV,2,0.033667776733636856,0,0,2,Commodities,0.0
2026-02-12,SPY,82,0.007987964955135816,0,0,35,US,0.0
2026-02-12,USO,4,0.10756744630634785,0,0,3,Commodities,0.0
2026-02-12,^AXJO,14,-0.1690026704621102,0,0,7,Australia,0.0
2026-02-13,EWA,10,-0.19430929999798535,0,0,6,Australia,0.0
2026-02-13,GLD,62,0.05079968299175943,0,0,35,Commodities,0.0
2026-02-13,QQQ,90,0.026347557020684084,0,0,52,US,0.0
2026-02-13,SPY,72,-0.004799083586678737,0,0,38,US,0.0
2026-02-13,USO,2,-0.4822384803555906,0,0,0,Commodities,0.0
2026-02-13,^AXJO,12,-0.17812530184164643,0,0,8,Australia,0.0
2026-02-14,EWA,8,0.12062806473113596,0,0,2,Australia,0.0
2026-02-14,GLD,46,0.04160247708711287,0,0,17,Commodities,0.0
2026-02-14,QQQ,46,0.04214097577673585,0,0,17,US,0.0
2026-02-14,SPY,44,0.043200036150995984,0,0,15,US,0.0
2026-02-14,USO,6,0.3216252896624307,0,0,0,Commodities,0.0
2026-02-14,^AXJO,8,0.12062806473113596,0,0,2,Australia,0.0
2026-02-15,EWA,4,0.01115433406084776,0,0,4,Australia,0.0
2026-02-15,GLD,44,-0.10794229454106906,0,0,22,Commodities,0.0
2026-02-15,QQQ,46,-0.09988004309327705,0,0,23,US,0.0
2026-02-15,SPY,42,-0.10099593926930711,0,0,22,US,0.0
2026-02-15,USO,4,-0.21589127276092768,0,0,1,Commodities,0.0
2026-02-15,^AXJO,4,0.01115433406084776,0,0,4,Australia,0.0
2026-02-16,EWA,6,-0.11208834933737914,0,0,3,Australia,0.0
2026-02-16,GLD,46,0.08047011666728751,0,0,19,Commodities,0.0
2026-02-16,QQQ,58,0.050432761858121074,0,0,23,US,0.0
2026-02-16,SLV,4,-0.10001663863658905,0,0,2,Commodities,0.0
2026-02-16,SPY,50,0.03353580327704549,0,0,18,US,0.0
2026-02-16,USO,8,-0.0661171528045088,0,0,2,Commodities,0.0
2026-02-16,^AXJO,6,-0.11208834933737914,0,0,3,Australia,0.0
2026-02-17,EWA,10,0.11765680443495512,0,0,8,Australia,0.0
2026-02-17,GLD,42,0.062061937304124945,0,0,24,Commodities,0.0
2026-02-17,QQQ,60,0.09531843808169166,0,0,30,US,0.0
2026-02-17,SLV,4,0.09315311163663864,0,0,4,Commodities,0.0
2026-02-17,SPY,46,0.04772072706533515,0,0,25,US,0.0
2026-02-17,USO,6,0.08812134216229121,0,0,5,Commodities,0.0
2026-02-17,^AXJO,10,0.11765680443495512,0,0,8,Australia,0.0
2026-02-18,EWA,2,0.04376010410487652,0,0,1,Australia,0.0
2026-02-18,GLD,56,-0.03248012636322528,0,0,28,Commodities,0.0
2026-02-18,QQQ,80,-0.0009439961868338287,0,0,49,US,0.0
2026-02-18,SLV,6,0.20487980699787536,0,0,4,Commodities,0.0
2026-02-18,SPY,70,-0.014463424496352673,0,0,42,US,0.0
2026-02-18,USO,14,0.10976695781573653,0,0,6,Commodities,0.0
2026-02-18,^AXJO,2,0.04376010410487652,0,0,1,Australia,0.0
2026-02-19,EWA,4,0.03227197867818177,0,0,4,Australia,0.0
2026-02-19,GLD,104,0.23153743201580185,0,0,25,Commodities,0.0
2026-02-19,QQQ,136,0.19705140233204207,0,0,39,US,0.0
2026-02-19,SLV,4,0.22118444554507732,0,0,1,Commodities,0.0
2026-02-19,SPY,112,0.22655366430990398,0,0,30,US,0.0
2026-02-19,USO,14,0.06700206787458488,0,0,8,Commodities,0.0
2026-02-19,^AXJO,4,0.03227197867818177,0,0,4,Australia,0.0
2026-02-20,EWA,12,-0.14341294656818113,0,0,6,Australia,0.0
2026-02-20,GLD,66,0.026294011580334467,0,0,40,Commodities,0.0
2026-02-20,QQQ,94,0.037224844098091125,0,0,48,US,0.0
2026-02-20,SLV,2,-0.2566713597625494,0,0,0,Commodities,0.0
2026-02-20,SPY,72,-0.008098979260668986,0,0,37,US,0.0
2026-02-20,USO,10,-0.069050616864115,0,0,6,Commodities,0.0
2026-02-20,^AXJO,12,-0.14341294656818113,0,0,6,Australia,0.0
2026-02-21,GLD,40,0.06811284781433642,0,0,21,Commodities,0.0
2026-02-21,QQQ,42,0.0774468005235706,0,0,21,US,0.0
2026-02-21,SPY,38,0.07846015956448882,0,0,19,US,0.0
2026-02-21,USO,2,0.013985108584165573,0,0,2,Commodities,0.0
2026-02-22,GLD,10,0.04482988091185689,0,0,4,Commodities,0.0
2026-02-22,QQQ,16,-0.01683399040484801,0,0,8,US,0.0
2026-02-22,SLV,2,0.10889200679957867,0,0,2,Commodities,0.0
2026-02-22,SPY,12,-0.0353766109328717,0,0,5,US,0.0
2026-02-22,USO,2,0.10889200679957867,0,0,2,Commodities,0.0
2026-02-23,EWA,16,0.12918416573666036,0,0,8,Australia,0.0
2026-02-23,GLD,46,-0.04877515528958453,0,0,21,Commodities,0.0
2026-02-23,QQQ,70,0.026210309797897936,0,0,33,US,0.0
2026-02-23,SPY,54,0.04292513572403954,0,0,23,US,0.0
2026-02-23,USO,4,-0.47927933698520064,0,0,0,Commodities,0.0
2026-02-23,^AXJO,16,0.12918416573666036,0,0,8,Australia,0.0
2026-02-24,EWA,10,0.07761101135984064,0,0,7,Australia,0.0
2026-02-24,GLD,74,-0.03835297890661939,0,0,35,Commodities,0.0
2026-02-24,QQQ,112,0.04488085734192282,0,0,51,US,0.0
2026-02-24,SLV,10,0.05166911669075489,0,0,10,Commodities,0.0
2026-02-24,SPY,76,0.015834735375583955,0,0,25,US,0.0
2026-02-24,USO,4,-0.4675640813075006,0,0,0,Commodities,0.0
2026-02-24,^AXJO,10,0.07761101135984064,0,0,7,Australia,0.0
2026-02-25,EWA,26,0.19481909593853813,0,0,10,Australia,0.0
2026-02-25,GLD,82,0.08253310879169987,0,0,43,Commodities,0.0
2026-02-25,QQQ,158,0.1120057536224257,0,0,76,US,0.0
2026-02-25,SPY,92,0.08469913574441781,0,0,40,US,0.0
2026-02-25,USO,10,0.1614516770467162,0,0,3,Commodities,0.0
2026-02-25,^AXJO,26,0.19481909593853813,0,0,10,Australia,0.0
2026-02-26,EWA,26,0.17278942372649908,0,0,12,Australia,0.0
2026-02-26,GLD,130,0.07746605805049722,0,0,54,Commodities,0.0
2026-02-26,QQQ,182,0.09489724411025316,0,0,73,US,0.0
2026-02-26,SLV,20,0.041138846054673196,0,0,7,Commodities,0.0
2026-02-26,SPY,154,0.0971380899019249,0,0,57,US,0.0
2026-02-26,USO,32,0.006385167682310566,0,0,13,Commodities,0.0
2026-02-26,^AXJO,26,0.17278942372649908,0,0,12,Australia,0.0
2026-02-27,EWA,16,0.1835511684184894,0,0,9,Australia,0.0
2026-02-27,GLD,70,0.07341057036870292,0,0,29,Commodities,0.0
2026-02-27,QQQ,112,0.08907217986416072,0,0,49,US,0.0
2026-02-27,SLV,4,0.3249818691983819,0,0,0,Commodities,0.0
2026-02-27,SPY,92,0.07844568764709908,0,0,33,US,0.0
2026-02-27,USO,16,0.1733459959505126,0,0,6,Commodities,0.0
2026-02-27,^AXJO,16,0.1835511684184894,0,0,9,Australia,0.0
2026-02-28,EWA,4,0.21187936002388597,0,0,1,Australia,0.0
2026-02-28,GLD,32,0.17552364652510732,0,0,13,Commodities,0.0
2026-02-28,QQQ,48,0.12401763398277883,0,0,22,US,0.0
2026-02-28,SLV,2,0.0034569278359413147,0,0,1,Commodities,0.0
2026-02-28,SPY,32,0.150961452658521,0,0,15,US,0.0
2026-02-28,USO,8,0.16446049069054425,0,0,2,Commodities,0.0
2026-02-28,^AXJO,6,0.14240521596123776,0,0,2,Australia,0.0
2026-03-01,GLD,14,-0.1280944431865854,0,0,2,Commodities,0.0
2026-03-01,QQQ,12,-0.14387894817627966,0,0,0,US,0.0
2026-03-01,SPY,8,0.12146822502836585,0,0,1,US,0.0
2026-03-01,USO,10,-0.17514837197959424,0,0,2,Commodities,0.0
2026-03-02,EWA,4,0.01313141779974103,0,0,0,Australia,0.0
2026-03-02,GLD,22,-0.21563942671160807,0,0,4,Commodities,0.0
2026-03-02,QQQ,16,-0.1392216559033841,0,0,1,US,0.0
2026-03-02,SPY,20,-0.09195850575342775,0,0,2,US,0.0
2026-03-02,USO,22,-0.21563942671160807,0,0,4,Commodities,0.0
2026-03-02,^AXJO,6,0.015331313169250885,0,0,2,Australia,0.0
2026-03-03,GLD,20,-0.2952313838759437,0,0,3,Commodities,0.0
2026-03-03,QQQ,21,-0.24709826953975217,0,0,2,US,0.0
2026-03-03,SPY,15,-0.30529475687071683,0,0,3,US,0.0
2026-03-03,USO,14,-0.3242366970184126,0,0,1,Commodities,0.0
2026-03-04,EWA,1,-0.2873963639140129,0,0,1,Australia,0.0
2026-03-04,GLD,17,-0.26395588099737377,0,0,4,Commodities,0.0
2026-03-04,QQQ,16,-0.23069798012147658,0,0,2,US,0.0
2026-03-04,SPY,11,-0.15006189835681158,0,0,1,US,0.0
2026-03-04,USO,11,-0.1259749729863622,0,0,4,Commodities,0.0
2026-03-04,^AXJO,1,-0.2873963639140129,0,0,1,Australia,0.0
2026-03-05,EWA,1,0.2886546924710274,0,0,1,Australia,0.0
2026-03-05,GLD,13,-0.11367922441030924,0,0,3,Commodities,0.0
2026-03-05,QQQ,16,-0.13941534253535792,0,0,1,US,0.0
2026-03-05,SPY,14,-0.15924809786624142,0,0,1,US,0.0
2026-03-05,USO,5,0.13080631755292416,0,0,2,Commodities,0.0
2026-03-05,^AXJO,1,0.2886546924710274,0,0,1,Australia,0.0
2026-03-06,EWA,8,-0.36639654135797173,0,0,2,Australia,0.0
2026-03-06,GLD,82,-0.3764673526137613,0,0,16,Commodities,0.0
2026-03-06,QQQ,80,-0.3478195345203858,0,0,20,US,0.0
2026-03-06,SLV,2,0.43080900236964226,0,0,1,Commodities,0.0
2026-03-06,SPY,91,-0.40449187205080966,0,0,20,US,0.0
2026-03-06,USO,72,-0.4515764991390622,0,0,17,Commodities,0.0
2026-03-06,^AXJO,9,-0.4232037714165118,0,0,2,Australia,0.0
2026-03-07,EWA,3,-0.35631698990861577,0,0,2,Australia,0.0
2026-03-07,GLD,58,-0.29998388621506505,0,0,18,Commodities,0.0
2026-03-07,QQQ,68,-0.2788748619324692,0,0,26,US,0.0
2026-03-07,SLV,4,0.028391525615006685,0,0,1,Commodities,0.0
2026-03-07,SPY,73,-0.2291543338613661,0,0,32,US,0.0
2026-03-07,USO,65,-0.30718134843672695,0,0,22,Commodities,0.0
2026-03-07,^AXJO,3,-0.35631698990861577,0,0,2,Australia,0.0
2026-03-08,EWA,8,-0.25798298651352525,0,0,3,Australia,0.0
2026-03-08,GLD,73,-0.2773021014904833,0,0,30,Commodities,0.0
2026-03-08,QQQ,62,-0.2147675813776591,0,0,28,US,0.0
2026-03-08,SLV,2,-0.15706979017704725,0,0,1,Commodities,0.0
2026-03-08,SPY,60,-0.14166132227207223,0,0,30,US,0.0
2026-03-08,USO,66,-0.29610105570772605,0,0,23,Commodities,0.0
2026-03-08,^AXJO,8,-0.25798298651352525,0,0,3,Australia,0.0
2026-03-09,EWA,17,-0.3299819134614047,0,0,5,Australia,0.0
2026-03-09,GLD,90,-0.2636673140287813,0,0,25,Commodities,0.0
2026-03-09,QQQ,64,-0.3106124264304526,0,0,20,US,0.0
2026-03-09,SLV,6,-0.19035173828403154,0,0,5,Commodities,0.0
2026-03-09,SPY,65,-0.37873282193994295,0,0,20,US,0.0
2026-03-09,USO,98,-0.2616989754558522,0,0,32,Commodities,0.0
2026-03-09,^AXJO,17,-0.3299819134614047,0,0,5,Australia,0.0
