ticker,ticker_name,group,year,month,year_month,monthly_return_pct,monthly_volatility_pct,month_high,month_low,open_price,close_price,direction
SPY,S&P 500,US,2015,1,2015-01,-2.91,4.99,171.15,165.27,170.59,165.62,DOWN
SPY,S&P 500,US,2015,2,2015-02,4.33,2.71,175.89,167.67,167.67,174.93,UP
SPY,S&P 500,US,2015,3,2015-03,-2.19,4.08,176.04,169.82,176.04,172.19,DOWN
SPY,S&P 500,US,2015,4,2015-04,1.34,2.46,176.54,171.58,171.58,173.88,UP
SPY,S&P 500,US,2015,5,2015-05,0.2,3.09,178.08,173.53,175.76,176.11,FLAT
SPY,S&P 500,US,2015,6,2015-06,-2.23,3.21,177.72,172.18,176.47,172.54,DOWN
SPY,S&P 500,US,2015,7,2015-07,1.45,3.36,178.19,171.43,173.92,176.43,UP
SPY,S&P 500,US,2015,8,2015-08,-5.78,7.73,176.51,156.96,175.84,165.68,DOWN
SPY,S&P 500,US,2015,9,2015-09,0.45,6.5,167.78,158.4,160.74,161.45,FLAT
SPY,S&P 500,US,2015,10,2015-10,8.22,3.64,176.05,161.87,161.87,175.19,UP
SPY,S&P 500,US,2015,11,2015-11,-0.81,3.5,177.77,170.64,177.26,175.83,DOWN
SPY,S&P 500,US,2015,12,2015-12,-2.66,5.25,177.5,169.52,177.5,172.79,DOWN
SPY,S&P 500,US,2016,1,2016-01,-3.63,6.93,170.66,157.35,170.37,164.19,DOWN
SPY,S&P 500,US,2016,2,2016-02,-0.05,5.44,165.73,154.98,164.13,164.05,FLAT
SPY,S&P 500,US,2016,3,2016-03,4.28,3.25,175.51,167.91,167.91,175.08,UP
SPY,S&P 500,US,2016,4,2016-04,-0.29,2.95,178.99,173.75,176.28,175.77,FLAT
SPY,S&P 500,US,2016,5,2016-05,0.9,3.18,179.11,173.96,177.17,178.76,UP
SPY,S&P 500,US,2016,6,2016-06,0.14,5.36,180.92,170.93,179.13,179.39,FLAT
SPY,S&P 500,US,2016,7,2016-07,3.43,2.15,186.03,178.47,179.76,185.93,UP
SPY,S&P 500,US,2016,8,2016-08,0.2,1.58,187.62,184.58,185.77,186.15,FLAT
SPY,S&P 500,US,2016,9,2016-09,0.0,4.1,187.56,182.53,186.16,186.16,FLAT
SPY,S&P 500,US,2016,10,2016-10,-1.5,1.94,186.04,182.79,185.71,182.93,DOWN
SPY,S&P 500,US,2016,11,2016-11,4.44,3.04,190.65,179.49,181.61,189.67,UP
SPY,S&P 500,US,2016,12,2016-12,2.4,2.31,196.03,188.98,188.98,193.52,UP
SPY,S&P 500,US,2017,1,2017-01,1.02,1.91,198.75,195.0,195.0,196.98,UP
SPY,S&P 500,US,2017,2,2017-02,3.89,1.32,205.28,197.06,197.06,204.72,UP
SPY,S&P 500,US,2017,3,2017-03,-1.26,2.42,207.59,203.13,207.59,204.98,DOWN
SPY,S&P 500,US,2017,4,2017-04,1.17,2.18,207.46,202.17,204.62,207.01,UP
SPY,S&P 500,US,2017,5,2017-05,1.16,2.22,210.21,205.05,207.53,209.93,UP
SPY,S&P 500,US,2017,6,2017-06,-0.16,2.15,213.77,210.86,211.6,211.27,FLAT
SPY,S&P 500,US,2017,7,2017-07,1.88,1.61,216.19,210.18,211.63,215.61,UP
SPY,S&P 500,US,2017,8,2017-08,0.07,2.7,216.58,212.07,216.09,216.24,FLAT
SPY,S&P 500,US,2017,9,2017-09,1.87,1.56,220.6,214.99,216.55,220.6,UP
SPY,S&P 500,US,2017,10,2017-10,1.91,1.45,226.29,221.56,221.56,225.8,UP
SPY,S&P 500,US,2017,11,2017-11,2.92,1.87,232.7,225.18,226.1,232.7,UP
SPY,S&P 500,US,2017,12,2017-12,1.42,1.59,236.71,231.1,232.22,235.52,UP
SPY,S&P 500,US,2018,1,2018-01,4.89,2.5,252.93,237.21,237.21,248.8,UP
SPY,S&P 500,US,2018,2,2018-02,-3.53,8.01,248.51,227.38,248.51,239.75,DOWN
SPY,S&P 500,US,2018,3,2018-03,-1.31,5.82,246.12,228.66,236.26,233.18,DOWN
SPY,S&P 500,US,2018,4,2018-04,2.73,4.93,239.59,228.15,228.15,234.38,UP
SPY,S&P 500,US,2018,5,2018-05,2.25,3.0,242.23,232.71,234.8,240.08,UP
SPY,S&P 500,US,2018,6,2018-06,-0.4,2.46,247.15,239.74,242.44,241.46,FLAT
SPY,S&P 500,US,2018,7,2018-07,3.48,2.43,252.79,241.12,241.98,250.41,UP
SPY,S&P 500,US,2018,8,2018-08,3.36,2.01,259.44,249.99,249.99,258.4,UP
SPY,S&P 500,US,2018,9,2018-09,0.77,1.62,261.31,255.99,257.96,259.94,UP
SPY,S&P 500,US,2018,10,2018-10,-7.23,6.37,260.84,235.92,260.84,241.97,DOWN
SPY,S&P 500,US,2018,11,2018-11,0.78,5.42,251.25,235.38,244.55,246.46,UP
SPY,S&P 500,US,2018,12,2018-12,-10.0,8.65,249.73,210.75,249.73,224.76,DOWN
SPY,S&P 500,US,2019,1,2019-01,7.89,5.26,242.76,219.63,225.0,242.76,UP
SPY,S&P 500,US,2019,2,2019-02,3.19,2.34,251.38,242.87,242.87,250.63,UP
SPY,S&P 500,US,2019,3,2019-03,1.18,3.4,257.2,246.83,252.19,255.16,UP
SPY,S&P 500,US,2019,4,2019-04,2.87,1.78,265.59,258.19,258.19,265.59,UP
SPY,S&P 500,US,2019,5,2019-05,-5.67,4.22,265.6,248.65,263.59,248.65,DOWN
SPY,S&P 500,US,2019,6,2019-06,7.23,3.07,267.25,248.02,248.02,265.95,UP
SPY,S&P 500,US,2019,7,2019-07,0.6,2.45,274.13,268.37,268.37,269.97,UP
SPY,S&P 500,US,2019,8,2019-08,-0.81,6.65,267.62,257.62,267.62,265.45,DOWN
SPY,S&P 500,US,2019,9,2019-09,2.55,2.49,273.48,263.9,263.9,270.62,UP
SPY,S&P 500,US,2019,10,2019-10,3.44,3.72,277.34,262.68,267.4,276.6,UP
SPY,S&P 500,US,2019,11,2019-11,2.67,1.63,287.68,279.16,279.16,286.61,UP
SPY,S&P 500,US,2019,12,2019-12,3.79,2.16,295.93,282.27,284.18,294.94,UP
SPY,S&P 500,US,2020,1,2020-01,-0.97,3.51,304.19,294.82,297.7,294.82,DOWN
SPY,S&P 500,US,2020,2,2020-02,-8.6,7.2,310.04,271.48,297.01,271.48,DOWN
SPY,S&P 500,US,2020,3,2020-03,-16.12,25.88,286.69,205.5,283.24,237.58,DOWN
SPY,S&P 500,US,2020,4,2020-04,18.01,11.66,270.27,226.89,226.89,267.75,UP
SPY,S&P 500,US,2020,5,2020-05,7.61,6.47,280.51,259.57,260.66,280.51,UP
SPY,S&P 500,US,2020,6,2020-06,1.36,8.3,297.91,277.09,281.64,285.48,UP
SPY,S&P 500,US,2020,7,2020-07,5.15,3.77,302.61,287.48,287.48,302.29,UP
SPY,S&P 500,US,2020,8,2020-08,6.24,2.36,324.57,304.4,304.4,323.39,UP
SPY,S&P 500,US,2020,9,2020-09,-4.64,7.06,331.16,299.9,326.44,311.28,DOWN
SPY,S&P 500,US,2020,10,2020-10,-3.12,5.88,327.59,303.52,313.28,303.52,DOWN
SPY,S&P 500,US,2020,11,2020-11,9.65,4.69,338.04,306.93,306.93,336.54,UP
SPY,S&P 500,US,2020,12,2020-12,2.58,2.49,349.01,338.96,340.22,349.01,UP
SPY,S&P 500,US,2021,1,2021-01,0.35,4.82,358.82,344.26,344.26,345.45,FLAT
SPY,S&P 500,US,2021,2,2021-02,1.1,4.14,366.52,351.2,351.2,355.06,UP
SPY,S&P 500,US,2021,3,2021-03,2.07,4.71,371.18,351.64,363.66,371.18,UP
SPY,S&P 500,US,2021,4,2021-04,4.17,3.03,393.4,375.18,375.18,390.82,UP
SPY,S&P 500,US,2021,5,2021-05,0.44,4.05,395.33,379.68,391.66,393.38,FLAT
SPY,S&P 500,US,2021,6,2021-06,2.33,2.48,402.2,389.86,393.04,402.2,UP
SPY,S&P 500,US,2021,7,2021-07,1.88,3.28,414.38,399.3,404.43,412.02,UP
SPY,S&P 500,US,2021,8,2021-08,3.19,2.39,424.91,411.16,411.16,424.28,UP
SPY,S&P 500,US,2021,9,2021-09,-4.71,3.68,425.82,404.51,424.51,404.51,DOWN
SPY,S&P 500,US,2021,10,2021-10,5.76,3.14,432.89,404.04,409.32,432.89,UP
SPY,S&P 500,US,2021,11,2021-11,-0.97,3.7,442.77,429.41,433.64,429.41,DOWN
SPY,S&P 500,US,2021,12,2021-12,5.8,4.89,451.66,424.64,424.64,449.27,UP
SPY,S&P 500,US,2022,1,2022-01,-5.82,5.39,451.88,407.92,451.88,425.58,DOWN
SPY,S&P 500,US,2022,2,2022-02,-3.6,6.48,432.8,399.13,428.45,413.02,DOWN
SPY,S&P 500,US,2022,3,2022-03,5.36,6.74,437.95,393.74,406.73,428.54,UP
SPY,S&P 500,US,2022,4,2022-04,-9.03,7.2,433.44,390.93,429.76,390.93,DOWN
SPY,S&P 500,US,2022,5,2022-05,-0.37,9.03,407.12,369.54,393.28,391.81,FLAT
SPY,S&P 500,US,2022,6,2022-06,-7.5,8.57,396.04,347.9,388.64,359.5,DOWN
SPY,S&P 500,US,2022,7,2022-07,8.07,5.53,392.61,360.13,363.31,392.61,UP
SPY,S&P 500,US,2022,8,2022-08,-3.8,5.57,409.49,376.59,391.45,376.59,DOWN
SPY,S&P 500,US,2022,9,2022-09,-9.53,6.9,391.64,341.78,377.77,341.78,DOWN
SPY,S&P 500,US,2022,10,2022-10,5.35,8.05,372.24,341.18,350.8,369.55,UP
SPY,S&P 500,US,2022,11,2022-11,6.02,8.06,390.1,355.01,367.94,390.1,UP
SPY,S&P 500,US,2022,12,2022-12,-5.69,5.2,389.81,362.07,389.81,367.62,DOWN
SPY,S&P 500,US,2023,1,2023-01,6.74,4.79,390.74,364.68,366.07,390.74,UP
SPY,S&P 500,US,2023,2,2023-02,-3.54,4.49,400.64,380.91,394.89,380.91,DOWN
SPY,S&P 500,US,2023,3,2023-03,4.11,5.24,395.03,370.43,379.45,395.03,UP
SPY,S&P 500,US,2023,4,2023-04,1.21,3.48,401.34,390.18,396.54,401.34,UP
SPY,S&P 500,US,2023,5,2023-05,0.56,3.69,405.45,390.92,400.94,403.2,UP
SPY,S&P 500,US,2023,6,2023-06,5.48,3.03,429.32,407.03,407.03,429.32,UP
SPY,S&P 500,US,2023,7,2023-07,3.15,2.3,443.38,424.74,429.82,443.38,UP
SPY,S&P 500,US,2023,8,2023-08,-1.34,3.55,442.11,422.55,442.11,436.17,DOWN
SPY,S&P 500,US,2023,9,2023-09,-4.92,3.15,436.99,413.93,436.99,415.48,DOWN
SPY,S&P 500,US,2023,10,2023-10,-2.13,4.04,424.07,399.15,415.32,406.46,DOWN
SPY,S&P 500,US,2023,11,2023-11,7.98,3.24,443.59,410.8,410.8,443.59,UP
SPY,S&P 500,US,2023,12,2023-12,3.95,2.74,465.19,442.0,446.22,463.84,UP
SPY,S&P 500,US,2024,1,2024-01,2.16,3.22,479.42,456.01,461.25,471.23,UP
SPY,S&P 500,US,2024,2,2024-02,3.86,3.5,495.82,477.4,477.4,495.82,UP
SPY,S&P 500,US,2024,3,2024-03,2.31,2.81,512.14,494.94,500.48,512.04,UP
SPY,S&P 500,US,2024,4,2024-04,-3.86,3.8,511.15,484.72,511.15,491.39,DOWN
SPY,S&P 500,US,2024,5,2024-05,5.4,2.74,520.15,489.8,489.8,516.25,UP
SPY,S&P 500,US,2024,6,2024-06,3.44,1.85,536.92,516.67,516.67,534.46,UP
SPY,S&P 500,US,2024,7,2024-07,1.0,4.14,554.73,528.75,535.56,540.93,UP
SPY,S&P 500,US,2024,8,2024-08,3.81,5.52,553.57,508.1,533.27,553.57,UP
SPY,S&P 500,US,2024,9,2024-09,4.25,3.93,565.2,530.67,542.18,565.2,UP
SPY,S&P 500,US,2024,10,2024-10,0.0,3.21,575.87,559.33,560.13,560.15,FLAT
SPY,S&P 500,US,2024,11,2024-11,5.52,3.43,593.56,561.31,562.52,593.56,UP
SPY,S&P 500,US,2024,12,2024-12,-2.58,4.13,598.74,577.35,594.62,579.28,DOWN
SPY,S&P 500,US,2025,1,2025-01,2.94,4.03,602.67,573.75,577.85,594.83,UP
SPY,S&P 500,US,2025,2,2025-02,-0.6,3.79,605.82,578.26,590.83,587.28,DOWN
SPY,S&P 500,US,2025,3,2025-03,-3.89,5.98,576.99,545.02,576.99,554.56,DOWN
SPY,S&P 500,US,2025,4,2025-04,-1.15,15.21,559.65,492.19,556.13,549.75,DOWN
SPY,S&P 500,US,2025,5,2025-05,5.54,4.9,589.71,553.65,553.65,584.3,UP
SPY,S&P 500,US,2025,6,2025-06,4.55,2.87,614.33,587.59,587.59,614.33,UP
SPY,S&P 500,US,2025,7,2025-07,2.34,1.89,633.47,614.13,614.13,628.48,UP
SPY,S&P 500,US,2025,8,2025-08,3.75,3.46,645.22,618.17,618.17,641.37,UP
SPY,S&P 500,US,2025,9,2025-09,4.34,2.07,664.88,636.62,636.62,664.22,UP
SPY,S&P 500,US,2025,10,2025-10,2.04,3.96,685.36,651.1,666.48,680.05,UP
SPY,S&P 500,US,2025,11,2025-11,0.01,4.43,681.38,650.61,681.33,681.38,FLAT
SPY,S&P 500,US,2025,12,2025-12,0.54,2.5,690.38,669.42,678.27,681.92,UP
SPY,S&P 500,US,2026,1,2026-01,1.29,2.96,695.49,677.58,683.17,691.97,UP
SPY,S&P 500,US,2026,2,2026-02,-1.35,3.86,695.41,677.62,695.41,685.99,DOWN
SPY,S&P 500,US,2026,3,2026-03,-2.04,3.64,686.38,672.38,686.38,672.38,DOWN
QQQ,Nasdaq-100,US,2015,1,2015-01,-1.79,5.6,96.0,91.76,94.78,93.09,DOWN
QQQ,Nasdaq-100,US,2015,2,2015-02,6.3,2.69,100.25,93.9,93.9,99.81,UP
QQQ,Nasdaq-100,US,2015,3,2015-03,-3.23,4.24,100.71,96.78,100.71,97.46,DOWN
QQQ,Nasdaq-100,US,2015,4,2015-04,2.46,3.65,102.02,96.95,96.95,99.33,UP
QQQ,Nasdaq-100,US,2015,5,2015-05,0.92,3.92,102.4,98.48,100.64,101.56,UP
QQQ,Nasdaq-100,US,2015,6,2015-06,-2.81,3.78,102.48,98.69,101.91,99.04,DOWN
QQQ,Nasdaq-100,US,2015,7,2015-07,3.73,4.15,105.43,98.08,99.83,103.56,UP
QQQ,Nasdaq-100,US,2015,8,2015-08,-6.53,9.21,103.83,90.73,103.23,96.49,DOWN
QQQ,Nasdaq-100,US,2015,9,2015-09,0.95,7.29,99.1,92.23,93.47,94.36,UP
QQQ,Nasdaq-100,US,2015,10,2015-10,10.87,4.26,105.73,94.78,94.78,105.09,UP
QQQ,Nasdaq-100,US,2015,11,2015-11,-0.51,3.91,106.65,101.85,106.27,105.73,DOWN
QQQ,Nasdaq-100,US,2015,12,2015-12,-2.57,5.8,106.78,102.15,106.78,104.04,DOWN
QQQ,Nasdaq-100,US,2016,1,2016-01,-4.9,8.71,101.85,93.55,101.85,96.85,DOWN
QQQ,Nasdaq-100,US,2016,2,2016-02,-1.83,6.77,97.11,89.59,97.11,95.33,DOWN
QQQ,Nasdaq-100,US,2016,3,2016-03,3.53,4.18,102.02,96.87,98.39,101.87,UP
QQQ,Nasdaq-100,US,2016,4,2016-04,-4.2,3.91,103.76,98.62,102.95,98.62,DOWN
QQQ,Nasdaq-100,US,2016,5,2016-05,3.39,3.88,102.93,97.97,99.55,102.93,UP
QQQ,Nasdaq-100,US,2016,6,2016-06,-2.29,6.05,103.16,95.61,102.94,100.59,DOWN
QQQ,Nasdaq-100,US,2016,7,2016-07,6.62,2.43,107.78,100.47,101.09,107.78,UP
QQQ,Nasdaq-100,US,2016,8,2016-08,0.52,1.8,110.09,107.53,108.35,108.91,UP
QQQ,Nasdaq-100,US,2016,9,2016-09,1.95,4.43,111.67,106.89,109.19,111.32,UP
QQQ,Nasdaq-100,US,2016,10,2016-10,-1.32,2.58,112.12,109.54,111.16,109.7,DOWN
QQQ,Nasdaq-100,US,2016,11,2016-11,1.2,4.37,111.53,106.57,108.87,110.18,UP
QQQ,Nasdaq-100,US,2016,12,2016-12,2.91,3.28,113.63,108.27,108.27,111.43,UP
QQQ,Nasdaq-100,US,2017,1,2017-01,4.21,2.0,118.31,112.42,112.42,117.15,UP
QQQ,Nasdaq-100,US,2017,2,2017-02,3.66,1.33,122.73,117.86,117.96,122.28,UP
QQQ,Nasdaq-100,US,2017,3,2017-03,0.92,2.31,124.84,122.33,123.61,124.76,UP
QQQ,Nasdaq-100,US,2017,4,2017-04,2.79,2.2,128.16,122.89,124.68,128.16,UP
QQQ,Nasdaq-100,US,2017,5,2017-05,2.98,3.16,133.2,128.23,129.3,133.15,UP
QQQ,Nasdaq-100,US,2017,6,2017-06,-2.7,4.74,135.3,130.02,133.67,130.07,DOWN
QQQ,Nasdaq-100,US,2017,7,2017-07,5.17,2.9,136.9,128.7,128.7,135.35,UP
QQQ,Nasdaq-100,US,2017,8,2017-08,1.84,4.03,138.16,133.27,135.66,138.16,UP
QQQ,Nasdaq-100,US,2017,9,2017-09,-0.16,2.7,138.36,135.24,137.97,137.75,FLAT
QQQ,Nasdaq-100,US,2017,10,2017-10,4.51,3.18,144.09,137.87,137.87,144.09,UP
QQQ,Nasdaq-100,US,2017,11,2017-11,2.01,3.01,148.3,143.77,144.05,146.93,UP
QQQ,Nasdaq-100,US,2017,12,2017-12,1.03,2.52,150.55,144.62,146.31,147.82,UP
QQQ,Nasdaq-100,US,2018,1,2018-01,6.88,3.22,162.22,150.41,150.41,160.77,UP
QQQ,Nasdaq-100,US,2018,2,2018-02,-0.45,8.92,161.71,145.63,159.4,158.69,FLAT
QQQ,Nasdaq-100,US,2018,3,2018-03,-2.49,7.76,165.21,149.48,156.1,152.21,DOWN
QQQ,Nasdaq-100,US,2018,4,2018-04,3.49,6.81,158.21,147.82,147.82,152.98,UP
QQQ,Nasdaq-100,US,2018,5,2018-05,4.48,3.27,161.77,153.8,154.73,161.66,UP
QQQ,Nasdaq-100,US,2018,6,2018-06,-0.42,3.98,168.85,161.69,164.2,163.51,FLAT
QQQ,Nasdaq-100,US,2018,7,2018-07,2.11,4.47,174.15,162.7,164.61,168.09,UP
QQQ,Nasdaq-100,US,2018,8,2018-08,5.38,2.66,177.89,168.73,168.73,177.8,UP
QQQ,Nasdaq-100,US,2018,9,2018-09,0.15,3.4,177.34,172.53,177.04,177.3,FLAT
QQQ,Nasdaq-100,US,2018,10,2018-10,-8.78,9.72,177.67,155.77,177.67,162.06,DOWN
QQQ,Nasdaq-100,US,2018,11,2018-11,-1.56,8.08,167.56,151.89,164.2,161.63,DOWN
QQQ,Nasdaq-100,US,2018,12,2018-12,-10.23,10.94,164.46,137.34,164.46,147.63,DOWN
QQQ,Nasdaq-100,US,2019,1,2019-01,8.57,7.37,160.94,143.38,148.23,160.94,UP
QQQ,Nasdaq-100,US,2019,2,2019-02,3.43,2.91,166.24,160.26,160.26,165.75,UP
QQQ,Nasdaq-100,US,2019,3,2019-03,3.21,4.17,175.05,163.82,166.9,172.26,UP
QQQ,Nasdaq-100,US,2019,4,2019-04,4.12,2.22,183.15,174.54,174.54,181.73,UP
QQQ,Nasdaq-100,US,2019,5,2019-05,-7.93,5.61,183.23,166.78,181.14,166.78,DOWN
QQQ,Nasdaq-100,US,2019,6,2019-06,10.01,5.15,181.07,163.11,163.11,179.44,UP
QQQ,Nasdaq-100,US,2019,7,2019-07,0.97,3.36,187.66,181.86,181.86,183.63,UP
QQQ,Nasdaq-100,US,2019,8,2019-08,-1.41,7.69,182.72,173.67,182.72,180.14,DOWN
QQQ,Nasdaq-100,US,2019,9,2019-09,1.91,4.05,185.68,178.39,178.39,181.8,UP
QQQ,Nasdaq-100,US,2019,10,2019-10,5.24,4.28,190.23,177.21,180.31,189.76,UP
QQQ,Nasdaq-100,US,2019,11,2019-11,3.13,2.09,198.38,191.48,191.48,197.48,UP
QQQ,Nasdaq-100,US,2019,12,2019-12,4.96,2.6,206.29,193.93,195.46,205.15,UP
QQQ,Nasdaq-100,US,2020,1,2020-01,1.35,4.32,216.71,206.67,208.58,211.39,UP
QQQ,Nasdaq-100,US,2020,2,2020-02,-7.46,8.53,228.67,198.43,214.58,198.58,DOWN
QQQ,Nasdaq-100,US,2020,3,2020-03,-11.84,25.66,210.57,163.36,208.83,184.12,DOWN
QQQ,Nasdaq-100,US,2020,4,2020-04,20.08,12.05,211.77,176.29,176.29,211.68,UP
QQQ,Nasdaq-100,US,2020,5,2020-05,9.69,5.96,225.66,205.72,205.72,225.66,UP
QQQ,Nasdaq-100,US,2020,6,2020-06,5.97,7.32,241.04,226.3,226.33,239.84,UP
QQQ,Nasdaq-100,US,2020,7,2020-07,6.11,6.38,258.42,242.64,242.64,257.46,UP
QQQ,Nasdaq-100,US,2020,8,2020-08,9.47,4.77,285.64,256.88,260.94,285.64,UP
QQQ,Nasdaq-100,US,2020,9,2020-09,-7.36,10.31,293.28,255.88,290.52,269.14,DOWN
QQQ,Nasdaq-100,US,2020,10,2020-10,-4.56,8.04,285.3,260.94,273.41,260.94,DOWN
QQQ,Nasdaq-100,US,2020,11,2020-11,10.98,6.88,290.23,261.52,261.52,290.23,UP
QQQ,Nasdaq-100,US,2020,12,2020-12,3.58,3.27,304.46,291.87,293.95,304.46,UP
QQQ,Nasdaq-100,US,2021,1,2021-01,1.7,6.58,318.87,298.45,300.16,305.26,UP
QQQ,Nasdaq-100,US,2021,2,2021-02,-2.57,6.13,326.5,303.58,312.89,304.85,DOWN
QQQ,Nasdaq-100,US,2021,3,2021-03,-1.25,8.57,314.02,291.07,314.02,310.08,DOWN
QQQ,Nasdaq-100,US,2021,4,2021-04,4.13,4.39,332.32,315.37,315.37,328.41,UP
QQQ,Nasdaq-100,US,2021,5,2021-05,-0.67,5.9,326.66,307.91,326.66,324.46,DOWN
QQQ,Nasdaq-100,US,2021,6,2021-06,6.62,3.26,345.33,320.65,323.39,344.78,UP
QQQ,Nasdaq-100,US,2021,7,2021-07,2.82,3.13,358.46,344.92,344.92,354.65,UP
QQQ,Nasdaq-100,US,2021,8,2021-08,4.21,2.96,369.91,352.35,354.68,369.61,UP
QQQ,Nasdaq-100,US,2021,9,2021-09,-5.84,4.13,371.71,348.6,370.22,348.6,DOWN
QQQ,Nasdaq-100,US,2021,10,2021-10,7.2,4.07,376.02,343.4,350.76,376.02,UP
QQQ,Nasdaq-100,US,2021,11,2021-11,1.65,4.66,393.43,377.3,377.3,383.53,UP
QQQ,Nasdaq-100,US,2021,12,2021-12,2.9,6.8,393.43,371.21,377.0,387.94,UP
QQQ,Nasdaq-100,US,2022,1,2022-01,-9.62,8.27,391.68,332.61,391.68,354.01,DOWN
QQQ,Nasdaq-100,US,2022,2,2022-02,-5.12,9.51,359.32,321.22,356.42,338.17,DOWN
QQQ,Nasdaq-100,US,2022,3,2022-03,6.3,9.4,362.4,310.25,332.99,353.95,UP
QQQ,Nasdaq-100,US,2022,4,2022-04,-13.43,9.87,360.55,305.83,353.28,305.83,DOWN
QQQ,Nasdaq-100,US,2022,5,2022-05,-3.2,12.15,321.79,280.43,310.93,300.98,DOWN
QQQ,Nasdaq-100,US,2022,6,2022-06,-8.23,10.72,306.93,264.96,298.75,274.17,DOWN
QQQ,Nasdaq-100,US,2022,7,2022-07,11.81,7.73,308.58,275.98,275.98,308.58,UP
QQQ,Nasdaq-100,US,2022,8,2022-08,-5.08,7.31,325.79,292.74,308.39,292.74,DOWN
QQQ,Nasdaq-100,US,2022,9,2022-09,-10.57,8.28,303.96,261.9,292.87,261.9,DOWN
QQQ,Nasdaq-100,US,2022,10,2022-10,1.62,9.66,278.51,255.51,268.04,272.38,UP
QQQ,Nasdaq-100,US,2022,11,2022-11,6.63,10.99,287.48,255.27,269.59,287.48,UP
QQQ,Nasdaq-100,US,2022,12,2022-12,-9.13,6.52,287.83,255.49,287.83,261.56,DOWN
QQQ,Nasdaq-100,US,2023,1,2023-01,11.4,6.37,291.01,256.95,259.8,289.4,UP
QQQ,Nasdaq-100,US,2023,2,2023-02,-2.45,7.44,306.2,286.68,295.59,288.36,DOWN
QQQ,Nasdaq-100,US,2023,3,2023-03,10.38,5.8,315.73,283.44,286.04,315.73,UP
QQQ,Nasdaq-100,US,2023,4,2023-04,0.75,4.72,317.34,304.97,314.97,317.34,UP
QQQ,Nasdaq-100,US,2023,5,2023-05,8.01,5.02,344.31,311.05,316.97,342.36,UP
QQQ,Nasdaq-100,US,2023,6,2023-06,5.09,4.79,364.27,343.17,346.31,363.94,UP
QQQ,Nasdaq-100,US,2023,7,2023-07,3.62,4.16,380.02,360.8,364.79,377.99,UP
QQQ,Nasdaq-100,US,2023,8,2023-08,-1.25,5.25,377.11,352.82,377.11,372.38,DOWN
QQQ,Nasdaq-100,US,2023,9,2023-09,-4.98,4.09,372.46,349.46,371.99,353.46,DOWN
QQQ,Nasdaq-100,US,2023,10,2023-10,-2.88,5.45,366.24,339.05,356.41,346.16,DOWN
QQQ,Nasdaq-100,US,2023,11,2023-11,8.93,4.12,385.5,352.17,352.17,383.61,UP
QQQ,Nasdaq-100,US,2023,12,2023-12,5.29,3.33,407.0,379.88,384.71,405.05,UP
QQQ,Nasdaq-100,US,2024,1,2024-01,3.57,4.74,423.47,391.95,398.19,412.42,UP
QQQ,Nasdaq-100,US,2024,2,2024-02,4.06,4.72,434.2,417.27,417.27,434.2,UP
QQQ,Nasdaq-100,US,2024,3,2024-03,-0.23,4.41,442.09,429.18,440.74,439.74,FLAT
QQQ,Nasdaq-100,US,2024,4,2024-04,-4.58,5.31,441.09,410.66,440.67,420.51,DOWN
QQQ,Nasdaq-100,US,2024,5,2024-05,6.92,3.5,455.26,417.47,417.47,446.38,UP
QQQ,Nasdaq-100,US,2024,6,2024-06,5.9,3.48,480.54,448.77,448.77,475.26,UP
QQQ,Nasdaq-100,US,2024,7,2024-07,-2.25,6.88,498.92,453.85,478.04,467.28,DOWN
QQQ,Nasdaq-100,US,2024,8,2024-08,3.61,7.35,478.62,431.27,455.96,472.44,UP
QQQ,Nasdaq-100,US,2024,9,2024-09,5.83,6.0,486.22,445.08,458.1,484.83,UP
QQQ,Nasdaq-100,US,2024,10,2024-10,0.54,4.54,496.84,478.07,478.07,480.63,UP
QQQ,Nasdaq-100,US,2024,11,2024-11,4.58,4.67,510.72,482.78,484.19,506.35,UP
QQQ,Nasdaq-100,US,2024,12,2024-12,-0.63,5.79,534.59,508.65,511.86,508.65,DOWN
QQQ,Nasdaq-100,US,2025,1,2025-01,2.36,5.89,529.95,502.53,507.66,519.65,UP
QQQ,Nasdaq-100,US,2025,2,2025-02,-1.92,5.45,536.8,497.75,515.5,505.61,DOWN
QQQ,Nasdaq-100,US,2025,3,2025-03,-5.52,7.84,499.48,465.98,494.54,467.25,DOWN
QQQ,Nasdaq-100,US,2025,4,2025-04,0.59,16.97,474.45,414.58,471.02,473.78,UP
QQQ,Nasdaq-100,US,2025,5,2025-05,7.77,5.68,520.15,479.7,479.96,517.26,UP
QQQ,Nasdaq-100,US,2025,6,2025-06,5.55,3.49,550.29,521.35,521.35,550.29,UP
QQQ,Nasdaq-100,US,2025,7,2025-07,3.29,2.26,566.75,545.65,545.65,563.63,UP
QQQ,Nasdaq-100,US,2025,8,2025-08,2.98,4.46,578.92,552.53,552.53,569.01,UP
QQQ,Nasdaq-100,US,2025,9,2025-09,6.27,2.36,601.43,564.24,564.24,599.6,UP
QQQ,Nasdaq-100,US,2025,10,2025-10,4.28,5.41,634.95,588.74,602.47,628.26,UP
QQQ,Nasdaq-100,US,2025,11,2025-11,-2.03,6.34,631.27,584.92,631.27,618.45,DOWN
QQQ,Nasdaq-100,US,2025,12,2025-12,-0.34,3.74,626.8,599.64,616.38,614.31,FLAT
QQQ,Nasdaq-100,US,2026,1,2026-01,1.43,3.92,633.22,608.06,613.12,621.87,UP
QQQ,Nasdaq-100,US,2026,2,2026-02,-3.01,5.4,626.14,597.03,626.14,607.29,DOWN
QQQ,Nasdaq-100,US,2026,3,2026-03,-1.37,5.39,610.75,599.75,608.09,599.75,DOWN
^AXJO,ASX 200,Australia,2015,1,2015-01,2.8,3.91,5588.3,5299.2,5435.9,5588.3,UP
^AXJO,ASX 200,Australia,2015,2,2015-02,5.4,3.48,5944.9,5625.3,5625.3,5928.8,UP
^AXJO,ASX 200,Australia,2015,3,2015-03,-1.13,3.7,5975.5,5793.2,5958.9,5891.5,DOWN
^AXJO,ASX 200,Australia,2015,4,2015-04,-1.21,3.76,5982.7,5790.0,5860.8,5790.0,DOWN
^AXJO,ASX 200,Australia,2015,5,2015-05,-0.64,3.99,5827.5,5610.3,5814.4,5777.2,DOWN
^AXJO,ASX 200,Australia,2015,6,2015-06,-4.82,4.83,5735.4,5422.5,5735.4,5459.0,DOWN
^AXJO,ASX 200,Australia,2015,7,2015-07,3.33,4.69,5706.7,5469.5,5515.7,5699.2,UP
^AXJO,ASX 200,Australia,2015,8,2015-08,-8.32,6.77,5697.9,5001.3,5679.3,5207.0,DOWN
^AXJO,ASX 200,Australia,2015,9,2015-09,-1.47,7.62,5221.1,4918.4,5096.4,5021.6,DOWN
^AXJO,ASX 200,Australia,2015,10,2015-10,2.49,4.15,5351.6,5052.0,5112.1,5239.4,UP
^AXJO,ASX 200,Australia,2015,11,2015-11,0.01,4.99,5276.4,5003.8,5165.8,5166.5,FLAT
^AXJO,ASX 200,Australia,2015,12,2015-12,0.57,5.06,5319.9,4909.6,5266.1,5295.9,UP
^AXJO,ASX 200,Australia,2016,1,2016-01,-5.03,5.19,5270.5,4841.5,5270.5,5005.5,DOWN
^AXJO,ASX 200,Australia,2016,2,2016-02,-3.23,6.43,5043.6,4765.3,5043.6,4880.9,DOWN
^AXJO,ASX 200,Australia,2016,3,2016-03,3.26,4.27,5185.5,4922.3,4922.3,5082.8,UP
^AXJO,ASX 200,Australia,2016,4,2016-04,5.06,4.03,5272.7,4924.4,4999.4,5252.2,UP
^AXJO,ASX 200,Australia,2016,5,2016-05,2.59,3.6,5408.0,5243.0,5243.0,5378.6,UP
^AXJO,ASX 200,Australia,2016,6,2016-06,-1.69,5.32,5371.0,5103.3,5323.2,5233.4,DOWN
^AXJO,ASX 200,Australia,2016,7,2016-07,6.02,2.7,5562.3,5197.5,5246.6,5562.3,UP
^AXJO,ASX 200,Australia,2016,8,2016-08,-2.76,2.52,5587.4,5433.0,5587.4,5433.0,DOWN
^AXJO,ASX 200,Australia,2016,9,2016-09,0.37,3.68,5471.3,5207.8,5415.6,5435.9,FLAT
^AXJO,ASX 200,Australia,2016,10,2016-10,-2.94,2.82,5484.0,5283.8,5478.5,5317.7,DOWN
^AXJO,ASX 200,Australia,2016,11,2016-11,2.84,4.89,5507.8,5156.6,5290.5,5440.5,UP
^AXJO,ASX 200,Australia,2016,12,2016-12,3.01,3.06,5699.1,5400.4,5500.2,5665.8,UP
^AXJO,ASX 200,Australia,2017,1,2017-01,-1.96,3.03,5807.4,5611.0,5733.2,5620.9,DOWN
^AXJO,ASX 200,Australia,2017,2,2017-02,1.04,2.13,5816.3,5615.6,5653.2,5712.2,UP
^AXJO,ASX 200,Australia,2017,3,2017-03,2.81,2.95,5896.2,5684.5,5704.8,5864.9,UP
^AXJO,ASX 200,Australia,2017,4,2017-04,0.88,2.22,5934.0,5804.0,5872.7,5924.1,UP
^AXJO,ASX 200,Australia,2017,5,2017-05,-3.89,2.51,5956.4,5707.1,5956.4,5724.6,DOWN
^AXJO,ASX 200,Australia,2017,6,2017-06,-0.29,4.28,5833.9,5665.7,5738.1,5721.5,FLAT
^AXJO,ASX 200,Australia,2017,7,2017-07,0.64,3.77,5785.0,5673.8,5684.5,5720.6,UP
^AXJO,ASX 200,Australia,2017,8,2017-08,-1.0,2.56,5785.1,5669.0,5772.4,5714.5,DOWN
^AXJO,ASX 200,Australia,2017,9,2017-09,-0.75,1.88,5746.4,5655.4,5724.6,5681.6,DOWN
^AXJO,ASX 200,Australia,2017,10,2017-10,3.14,2.02,5919.1,5651.8,5729.3,5909.0,UP
^AXJO,ASX 200,Australia,2017,11,2017-11,0.54,2.1,6049.4,5931.7,5937.8,5969.9,UP
^AXJO,ASX 200,Australia,2017,12,2017-12,1.26,1.47,6088.1,5946.1,5989.8,6065.1,UP
^AXJO,ASX 200,Australia,2018,1,2018-01,-0.39,1.91,6135.8,5991.9,6061.3,6037.7,FLAT
^AXJO,ASX 200,Australia,2018,2,2018-02,-1.22,4.59,6121.4,5820.7,6090.1,6016.0,DOWN
^AXJO,ASX 200,Australia,2018,3,2018-03,-3.58,3.07,5996.1,5759.4,5973.3,5759.4,DOWN
^AXJO,ASX 200,Australia,2018,4,2018-04,4.01,1.61,5982.7,5751.9,5751.9,5982.7,UP
^AXJO,ASX 200,Australia,2018,5,2018-05,-0.05,1.85,6135.3,5984.7,6015.2,6011.9,FLAT
^AXJO,ASX 200,Australia,2018,6,2018-06,3.41,2.45,6232.1,5990.4,5990.4,6194.6,UP
^AXJO,ASX 200,Australia,2018,7,2018-07,1.66,2.54,6300.2,6177.8,6177.8,6280.2,UP
^AXJO,ASX 200,Australia,2018,8,2018-08,0.7,2.08,6352.2,6234.8,6275.7,6319.5,UP
^AXJO,ASX 200,Australia,2018,9,2018-09,-1.64,2.25,6310.9,6128.7,6310.9,6207.6,DOWN
^AXJO,ASX 200,Australia,2018,10,2018-10,-5.54,4.93,6185.5,5664.1,6172.3,5830.3,DOWN
^AXJO,ASX 200,Australia,2018,11,2018-11,-2.97,3.74,5941.3,5642.8,5840.8,5667.2,DOWN
^AXJO,ASX 200,Australia,2018,12,2018-12,-2.16,5.21,5771.2,5467.6,5771.2,5646.4,DOWN
^AXJO,ASX 200,Australia,2019,1,2019-01,5.52,3.08,5905.6,5557.8,5557.8,5864.7,UP
^AXJO,ASX 200,Australia,2019,2,2019-02,5.22,2.69,6186.3,5862.8,5862.8,6169.0,UP
^AXJO,ASX 200,Australia,2019,3,2019-03,-0.19,2.13,6263.9,6126.2,6192.7,6180.7,FLAT
^AXJO,ASX 200,Australia,2019,4,2019-04,1.75,2.64,6385.6,6181.3,6217.0,6325.5,UP
^AXJO,ASX 200,Australia,2019,5,2019-05,0.33,2.96,6510.7,6239.9,6375.9,6396.9,FLAT
^AXJO,ASX 200,Australia,2019,6,2019-06,4.72,3.05,6687.4,6320.5,6320.5,6618.8,UP
^AXJO,ASX 200,Australia,2019,7,2019-07,2.47,2.32,6845.1,6641.0,6648.1,6812.6,UP
^AXJO,ASX 200,Australia,2019,8,2019-08,-2.72,5.15,6788.9,6405.5,6788.9,6604.2,DOWN
^AXJO,ASX 200,Australia,2019,9,2019-09,1.66,1.89,6749.7,6553.0,6579.4,6688.3,UP
^AXJO,ASX 200,Australia,2019,10,2019-10,-1.18,3.57,6745.4,6517.1,6742.8,6663.4,DOWN
^AXJO,ASX 200,Australia,2019,11,2019-11,2.65,2.98,6864.0,6660.2,6669.1,6846.0,UP
^AXJO,ASX 200,Australia,2019,12,2019-12,-2.6,4.24,6862.3,6606.5,6862.3,6684.1,DOWN
^AXJO,ASX 200,Australia,2020,1,2020-01,4.88,2.6,7132.7,6690.6,6690.6,7017.2,UP
^AXJO,ASX 200,Australia,2020,2,2020-02,-6.96,5.26,7162.5,6441.2,6923.3,6441.2,DOWN
^AXJO,ASX 200,Australia,2020,3,2020-03,-20.57,22.15,6435.7,4546.0,6391.5,5076.8,DOWN
^AXJO,ASX 200,Australia,2020,4,2020-04,5.02,9.19,5522.4,5067.5,5258.6,5522.4,UP
^AXJO,ASX 200,Australia,2020,5,2020-05,9.72,7.97,5851.1,5245.9,5245.9,5755.7,UP
^AXJO,ASX 200,Australia,2020,6,2020-06,1.35,7.81,6148.4,5719.8,5819.2,5897.9,UP
^AXJO,ASX 200,Australia,2020,7,2020-07,-0.11,5.13,6156.3,5919.2,5934.4,5927.8,FLAT
^AXJO,ASX 200,Australia,2020,8,2020-08,2.27,3.65,6167.6,5926.1,5926.1,6060.5,UP
^AXJO,ASX 200,Australia,2020,9,2020-09,-2.31,6.39,6112.6,5784.1,5953.4,5815.9,DOWN
^AXJO,ASX 200,Australia,2020,10,2020-10,0.93,4.62,6229.4,5791.5,5872.9,5927.6,UP
^AXJO,ASX 200,Australia,2020,11,2020-11,9.52,3.96,6683.3,5951.3,5951.3,6517.8,UP
^AXJO,ASX 200,Australia,2020,12,2020-12,-0.02,3.33,6756.7,6587.1,6588.5,6587.1,FLAT
^AXJO,ASX 200,Australia,2021,1,2021-01,-1.15,4.2,6824.7,6607.1,6684.2,6607.4,DOWN
^AXJO,ASX 200,Australia,2021,2,2021-02,0.15,4.54,6917.3,6663.0,6663.0,6673.3,FLAT
^AXJO,ASX 200,Australia,2021,3,2021-03,0.02,3.23,6827.1,6708.2,6789.6,6790.7,FLAT
^AXJO,ASX 200,Australia,2021,4,2021-04,2.89,2.31,7082.3,6828.7,6828.7,7025.8,UP
^AXJO,ASX 200,Australia,2021,5,2021-05,1.89,3.71,7179.5,6931.7,7028.8,7161.6,UP
^AXJO,ASX 200,Australia,2021,6,2021-06,2.39,3.09,7386.2,7142.6,7142.6,7313.0,UP
^AXJO,ASX 200,Australia,2021,7,2021-07,1.75,2.97,7431.4,7251.8,7265.6,7392.6,UP
^AXJO,ASX 200,Australia,2021,8,2021-08,0.58,2.19,7628.9,7460.9,7491.4,7534.9,UP
^AXJO,ASX 200,Australia,2021,9,2021-09,-2.59,4.27,7530.3,7196.7,7527.1,7332.2,DOWN
^AXJO,ASX 200,Australia,2021,10,2021-10,1.92,3.39,7448.7,7185.5,7185.5,7323.7,UP
^AXJO,ASX 200,Australia,2021,11,2021-11,-1.56,2.92,7470.1,7239.8,7370.8,7256.0,DOWN
^AXJO,ASX 200,Australia,2021,12,2021-12,2.88,2.66,7513.4,7225.2,7235.9,7444.6,UP
^AXJO,ASX 200,Australia,2022,1,2022-01,-8.15,6.31,7589.8,6838.3,7589.8,6971.6,DOWN
^AXJO,ASX 200,Australia,2022,2,2022-02,0.62,4.57,7296.2,6990.6,7006.0,7049.1,UP
^AXJO,ASX 200,Australia,2022,3,2022-03,5.68,3.25,7514.5,6980.3,7096.5,7499.6,UP
^AXJO,ASX 200,Australia,2022,4,2022-04,-0.78,3.89,7592.8,7261.2,7493.8,7435.0,DOWN
^AXJO,ASX 200,Australia,2022,5,2022-05,-1.85,5.09,7364.7,6941.0,7347.0,7211.2,DOWN
^AXJO,ASX 200,Australia,2022,6,2022-06,-9.21,5.93,7238.8,6433.4,7234.0,6568.1,DOWN
^AXJO,ASX 200,Australia,2022,7,2022-07,6.2,3.18,6945.2,6539.9,6539.9,6945.2,UP
^AXJO,ASX 200,Australia,2022,8,2022-08,-0.09,3.28,7127.7,6961.8,6993.0,6986.8,FLAT
^AXJO,ASX 200,Australia,2022,9,2022-09,-5.43,5.81,7009.7,6462.0,6845.6,6474.2,DOWN
^AXJO,ASX 200,Australia,2022,10,2022-10,6.3,5.86,6863.5,6456.9,6456.9,6863.5,UP
^AXJO,ASX 200,Australia,2022,11,2022-11,4.4,3.94,7284.2,6857.9,6976.9,7284.2,UP
^AXJO,ASX 200,Australia,2022,12,2022-12,-4.29,3.37,7354.4,7020.1,7354.4,7038.7,DOWN
^AXJO,ASX 200,Australia,2023,1,2023-01,7.64,2.88,7493.8,6946.2,6946.2,7476.7,UP
^AXJO,ASX 200,Australia,2023,2,2023-02,-3.24,2.52,7558.1,7224.8,7501.7,7258.4,DOWN
^AXJO,ASX 200,Australia,2023,3,2023-03,-1.02,4.19,7364.7,6898.5,7251.6,7177.8,DOWN
^AXJO,ASX 200,Australia,2023,4,2023-04,1.19,1.97,7381.5,7219.0,7223.0,7309.2,UP
^AXJO,ASX 200,Australia,2023,5,2023-05,-3.32,2.84,7334.6,7091.3,7334.6,7091.3,DOWN
^AXJO,ASX 200,Australia,2023,6,2023-06,1.3,3.5,7357.8,7078.7,7110.8,7203.3,UP
^AXJO,ASX 200,Australia,2023,7,2023-07,2.27,3.66,7455.9,7004.0,7246.1,7410.4,UP
^AXJO,ASX 200,Australia,2023,8,2023-08,-1.95,3.09,7450.7,7115.2,7450.7,7305.3,DOWN
^AXJO,ASX 200,Australia,2023,9,2023-09,-3.16,2.86,7318.8,7024.8,7278.3,7048.6,DOWN
^AXJO,ASX 200,Australia,2023,10,2023-10,-3.59,3.04,7091.0,6772.9,7033.2,6780.7,DOWN
^AXJO,ASX 200,Australia,2023,11,2023-11,3.64,2.78,7105.9,6838.3,6838.3,7087.3,UP
^AXJO,ASX 200,Australia,2023,12,2023-12,7.32,3.08,7614.3,7061.6,7073.2,7590.8,UP
^AXJO,ASX 200,Australia,2024,1,2024-01,0.69,3.09,7680.7,7346.5,7627.8,7680.7,UP
^AXJO,ASX 200,Australia,2024,2,2024-02,1.46,2.92,7699.4,7547.7,7588.2,7698.7,UP
^AXJO,ASX 200,Australia,2024,3,2024-03,1.95,3.01,7896.9,7670.3,7745.6,7896.9,UP
^AXJO,ASX 200,Australia,2024,4,2024-04,-2.84,3.53,7887.9,7567.3,7887.9,7664.1,DOWN
^AXJO,ASX 200,Australia,2024,5,2024-05,1.74,3.75,7881.3,7569.9,7569.9,7701.7,UP
^AXJO,ASX 200,Australia,2024,6,2024-06,0.08,3.09,7860.0,7700.3,7761.0,7767.5,FLAT
^AXJO,ASX 200,Australia,2024,7,2024-07,4.41,3.46,8092.3,7718.2,7750.7,8092.3,UP
^AXJO,ASX 200,Australia,2024,8,2024-08,-0.28,4.84,8114.7,7649.6,8114.7,8091.9,FLAT
^AXJO,ASX 200,Australia,2024,9,2024-09,1.97,2.85,8269.8,7950.5,8109.9,8269.8,UP
^AXJO,ASX 200,Australia,2024,10,2024-10,-0.6,2.85,8355.9,8150.0,8208.9,8160.0,DOWN
^AXJO,ASX 200,Australia,2024,11,2024-11,3.91,2.59,8444.3,8118.8,8118.8,8436.2,UP
^AXJO,ASX 200,Australia,2024,12,2024-12,-3.42,3.38,8495.2,8067.0,8447.9,8159.1,DOWN
^AXJO,ASX 200,Australia,2025,1,2025-01,4.04,2.92,8550.1,8191.9,8201.2,8532.3,UP
^AXJO,ASX 200,Australia,2025,2,2025-02,-2.47,3.14,8555.8,8172.4,8379.4,8172.4,DOWN
^AXJO,ASX 200,Australia,2025,3,2025-03,-4.88,3.76,8245.7,7749.1,8245.7,7843.4,DOWN
^AXJO,ASX 200,Australia,2025,4,2025-04,2.54,8.42,8126.2,7343.3,7925.2,8126.2,UP
^AXJO,ASX 200,Australia,2025,5,2025-05,3.55,2.05,8434.7,8145.6,8145.6,8434.7,UP
^AXJO,ASX 200,Australia,2025,6,2025-06,1.52,1.96,8592.1,8414.1,8414.1,8542.3,UP
^AXJO,ASX 200,Australia,2025,7,2025-07,2.36,2.61,8757.2,8538.6,8541.1,8742.8,UP
^AXJO,ASX 200,Australia,2025,8,2025-08,3.59,2.69,9019.1,8662.0,8662.0,8973.1,UP
^AXJO,ASX 200,Australia,2025,9,2025-09,-0.88,3.02,8927.7,8738.8,8927.7,8848.8,DOWN
^AXJO,ASX 200,Australia,2025,10,2025-10,0.41,2.68,9094.7,8845.7,8845.7,8881.9,FLAT
^AXJO,ASX 200,Australia,2025,11,2025-11,-3.16,3.93,8894.8,8416.5,8894.8,8614.1,DOWN
^AXJO,ASX 200,Australia,2025,12,2025-12,1.74,2.38,8795.7,8565.2,8565.2,8714.3,UP
^AXJO,ASX 200,Australia,2026,1,2026-01,1.62,2.22,8966.1,8695.6,8727.8,8869.1,UP
^AXJO,ASX 200,Australia,2026,2,2026-02,4.78,4.71,9198.6,8708.8,8778.6,9198.6,UP
^AXJO,ASX 200,Australia,2026,3,2026-03,-6.56,5.84,9167.5,8566.3,9167.5,8566.3,DOWN
EWA,Australia ETF,Australia,2015,1,2015-01,-0.81,3.99,14.14,13.7,13.89,13.78,DOWN
EWA,Australia ETF,Australia,2015,2,2015-02,5.86,4.99,14.99,14.06,14.06,14.89,UP
EWA,Australia ETF,Australia,2015,3,2015-03,-3.54,6.81,15.16,14.12,14.9,14.37,DOWN
EWA,Australia ETF,Australia,2015,4,2015-04,1.83,5.57,15.33,14.4,14.4,14.66,UP
EWA,Australia ETF,Australia,2015,5,2015-05,-3.88,5.86,14.9,14.12,14.74,14.17,DOWN
EWA,Australia ETF,Australia,2015,6,2015-06,-3.72,5.43,14.21,13.46,14.06,13.54,DOWN
EWA,Australia ETF,Australia,2015,7,2015-07,-1.6,6.1,13.77,13.02,13.69,13.47,DOWN
EWA,Australia ETF,Australia,2015,8,2015-08,-10.08,12.59,13.58,11.16,13.35,12.01,DOWN
EWA,Australia ETF,Australia,2015,9,2015-09,0.73,9.25,12.17,11.26,11.45,11.54,UP
EWA,Australia ETF,Australia,2015,10,2015-10,4.7,6.37,12.74,11.63,11.63,12.18,UP
EWA,Australia ETF,Australia,2015,11,2015-11,1.17,5.68,12.46,11.66,12.15,12.29,UP
EWA,Australia ETF,Australia,2015,12,2015-12,-0.69,7.23,12.71,11.65,12.64,12.55,DOWN
EWA,Australia ETF,Australia,2016,1,2016-01,-5.67,10.43,12.38,10.76,12.38,11.68,DOWN
EWA,Australia ETF,Australia,2016,2,2016-02,-2.21,7.47,11.99,11.07,11.7,11.44,DOWN
EWA,Australia ETF,Australia,2016,3,2016-03,8.3,7.81,13.2,11.81,11.81,12.79,UP
EWA,Australia ETF,Australia,2016,4,2016-04,3.8,6.93,13.54,12.18,12.71,13.19,UP
EWA,Australia ETF,Australia,2016,5,2016-05,-3.14,4.31,13.29,12.79,13.29,12.88,DOWN
EWA,Australia ETF,Australia,2016,6,2016-06,1.58,9.1,13.43,12.33,12.86,13.06,UP
EWA,Australia ETF,Australia,2016,7,2016-07,6.91,4.71,14.02,12.86,13.12,14.02,UP
EWA,Australia ETF,Australia,2016,8,2016-08,-2.13,2.99,14.17,13.57,13.87,13.57,DOWN
EWA,Australia ETF,Australia,2016,9,2016-09,2.8,6.6,14.09,12.94,13.65,14.03,UP
EWA,Australia ETF,Australia,2016,10,2016-10,-3.15,3.93,14.14,13.53,14.06,13.62,DOWN
EWA,Australia ETF,Australia,2016,11,2016-11,1.19,4.97,13.98,13.36,13.56,13.72,UP
EWA,Australia ETF,Australia,2016,12,2016-12,0.54,3.49,14.31,13.78,13.87,13.94,UP
EWA,Australia ETF,Australia,2017,1,2017-01,3.16,3.35,14.83,14.19,14.19,14.64,UP
EWA,Australia ETF,Australia,2017,2,2017-02,2.81,3.11,15.42,14.71,14.72,15.13,UP
EWA,Australia ETF,Australia,2017,3,2017-03,1.85,4.52,15.7,15.07,15.3,15.59,UP
EWA,Australia ETF,Australia,2017,4,2017-04,-0.35,2.97,15.59,15.19,15.54,15.48,FLAT
EWA,Australia ETF,Australia,2017,5,2017-05,-5.25,4.25,15.63,14.79,15.63,14.81,DOWN
EWA,Australia ETF,Australia,2017,6,2017-06,3.25,4.36,15.35,14.79,14.79,15.27,UP
EWA,Australia ETF,Australia,2017,7,2017-07,5.19,3.77,16.11,15.13,15.2,15.99,UP
EWA,Australia ETF,Australia,2017,8,2017-08,-0.57,3.54,16.05,15.62,16.04,15.95,DOWN
EWA,Australia ETF,Australia,2017,9,2017-09,-1.67,3.02,16.31,15.74,16.07,15.8,DOWN
EWA,Australia ETF,Australia,2017,10,2017-10,0.71,2.62,16.27,15.65,15.87,15.99,UP
EWA,Australia ETF,Australia,2017,11,2017-11,-0.18,2.7,16.32,15.94,16.06,16.03,FLAT
EWA,Australia ETF,Australia,2017,12,2017-12,3.89,2.16,16.73,15.91,16.09,16.72,UP
EWA,Australia ETF,Australia,2018,1,2018-01,1.93,2.73,17.4,16.83,16.83,17.15,UP
EWA,Australia ETF,Australia,2018,2,2018-02,-4.44,6.96,17.23,15.76,17.23,16.46,DOWN
EWA,Australia ETF,Australia,2018,3,2018-03,-2.87,5.14,16.82,15.75,16.36,15.89,DOWN
EWA,Australia ETF,Australia,2018,4,2018-04,2.54,4.0,16.33,15.61,15.61,16.01,UP
EWA,Australia ETF,Australia,2018,5,2018-05,1.21,4.13,16.59,16.08,16.09,16.28,UP
EWA,Australia ETF,Australia,2018,6,2018-06,1.45,4.38,16.69,16.21,16.39,16.63,UP
EWA,Australia ETF,Australia,2018,7,2018-07,2.73,4.79,17.04,16.41,16.41,16.86,UP
EWA,Australia ETF,Australia,2018,8,2018-08,-1.06,4.02,16.93,16.42,16.72,16.54,DOWN
EWA,Australia ETF,Australia,2018,9,2018-09,-0.54,3.34,16.45,15.78,16.36,16.27,DOWN
EWA,Australia ETF,Australia,2018,10,2018-10,-6.75,5.17,16.25,14.64,16.25,15.15,DOWN
EWA,Australia ETF,Australia,2018,11,2018-11,-0.62,5.07,15.78,14.88,15.39,15.3,DOWN
EWA,Australia ETF,Australia,2018,12,2018-12,-5.51,6.58,15.56,14.07,15.56,14.71,DOWN
EWA,Australia ETF,Australia,2019,1,2019-01,7.8,5.48,15.81,14.48,14.59,15.73,UP
EWA,Australia ETF,Australia,2019,2,2019-02,3.5,3.59,16.35,15.71,15.71,16.26,UP
EWA,Australia ETF,Australia,2019,3,2019-03,0.42,3.01,16.49,16.2,16.37,16.44,FLAT
EWA,Australia ETF,Australia,2019,4,2019-04,0.05,2.62,16.79,16.45,16.62,16.63,FLAT
EWA,Australia ETF,Australia,2019,5,2019-05,0.51,4.13,16.86,16.23,16.57,16.65,UP
EWA,Australia ETF,Australia,2019,6,2019-06,5.94,3.54,17.61,16.58,16.58,17.57,UP
EWA,Australia ETF,Australia,2019,7,2019-07,-0.4,2.56,17.78,17.47,17.54,17.47,FLAT
EWA,Australia ETF,Australia,2019,8,2019-08,-2.74,5.52,17.37,16.38,17.37,16.9,DOWN
EWA,Australia ETF,Australia,2019,9,2019-09,3.15,2.43,17.64,16.81,16.81,17.34,UP
EWA,Australia ETF,Australia,2019,10,2019-10,2.55,3.95,17.77,16.72,17.12,17.56,UP
EWA,Australia ETF,Australia,2019,11,2019-11,0.31,3.46,17.9,17.47,17.74,17.8,FLAT
EWA,Australia ETF,Australia,2019,12,2019-12,1.63,3.47,18.15,17.41,17.72,18.01,UP
EWA,Australia ETF,Australia,2020,1,2020-01,-2.11,4.34,18.72,17.7,18.09,17.7,DOWN
EWA,Australia ETF,Australia,2020,2,2020-02,-9.82,6.76,18.39,16.0,17.74,16.0,DOWN
EWA,Australia ETF,Australia,2020,3,2020-03,-23.9,38.42,16.52,10.2,16.24,12.36,DOWN
EWA,Australia ETF,Australia,2020,4,2020-04,13.52,16.49,13.63,11.79,11.94,13.55,UP
EWA,Australia ETF,Australia,2020,5,2020-05,11.55,10.89,14.71,12.88,12.88,14.36,UP
EWA,Australia ETF,Australia,2020,6,2020-06,3.22,11.22,16.43,14.99,15.07,15.56,UP
EWA,Australia ETF,Australia,2020,7,2020-07,2.31,6.23,16.53,15.62,15.71,16.07,UP
EWA,Australia ETF,Australia,2020,8,2020-08,2.97,3.52,16.87,16.3,16.3,16.78,UP
EWA,Australia ETF,Australia,2020,9,2020-09,-5.06,6.5,17.05,15.8,16.77,15.92,DOWN
EWA,Australia ETF,Australia,2020,10,2020-10,-0.55,5.2,16.92,15.96,16.05,15.96,DOWN
EWA,Australia ETF,Australia,2020,11,2020-11,14.29,7.45,18.91,16.05,16.05,18.34,UP
EWA,Australia ETF,Australia,2020,12,2020-12,4.24,3.57,19.77,18.7,18.7,19.5,UP
EWA,Australia ETF,Australia,2021,1,2021-01,-1.17,6.07,20.4,19.34,19.56,19.34,DOWN
EWA,Australia ETF,Australia,2021,2,2021-02,1.45,5.06,21.0,19.67,19.67,19.95,UP
EWA,Australia ETF,Australia,2021,3,2021-03,-2.29,5.0,20.65,19.98,20.65,20.18,DOWN
EWA,Australia ETF,Australia,2021,4,2021-04,2.98,4.86,21.54,20.46,20.46,21.07,UP
EWA,Australia ETF,Australia,2021,5,2021-05,1.98,4.75,21.84,21.09,21.35,21.77,UP
EWA,Australia ETF,Australia,2021,6,2021-06,-1.92,4.2,22.33,21.45,21.87,21.45,DOWN
EWA,Australia ETF,Australia,2021,7,2021-07,-0.46,4.78,21.59,20.69,21.37,21.27,FLAT
EWA,Australia ETF,Australia,2021,8,2021-08,-0.15,4.03,21.97,20.87,21.43,21.4,FLAT
EWA,Australia ETF,Australia,2021,9,2021-09,-5.19,5.7,21.91,20.36,21.61,20.49,DOWN
EWA,Australia ETF,Australia,2021,10,2021-10,6.09,3.53,22.17,20.59,20.59,21.84,UP
EWA,Australia ETF,Australia,2021,11,2021-11,-7.59,5.1,21.86,20.19,21.85,20.19,DOWN
EWA,Australia ETF,Australia,2021,12,2021-12,6.09,4.71,21.39,20.02,20.02,21.24,UP
EWA,Australia ETF,Australia,2022,1,2022-01,-8.16,5.55,21.6,19.22,21.27,19.54,DOWN
EWA,Australia ETF,Australia,2022,2,2022-02,3.93,4.93,20.84,19.69,19.79,20.57,UP
EWA,Australia ETF,Australia,2022,3,2022-03,10.86,6.59,22.84,20.39,20.39,22.61,UP
EWA,Australia ETF,Australia,2022,4,2022-04,-7.91,6.06,22.99,20.87,22.83,21.03,DOWN
EWA,Australia ETF,Australia,2022,5,2022-05,0.69,8.53,21.7,19.5,20.97,21.11,UP
EWA,Australia ETF,Australia,2022,6,2022-06,-11.61,8.44,21.68,18.36,21.18,18.72,DOWN
EWA,Australia ETF,Australia,2022,7,2022-07,7.82,6.33,20.06,18.23,18.61,20.06,UP
EWA,Australia ETF,Australia,2022,8,2022-08,-3.61,5.07,20.51,19.33,20.05,19.33,DOWN
EWA,Australia ETF,Australia,2022,9,2022-09,-9.71,8.19,19.93,17.31,19.17,17.31,DOWN
EWA,Australia ETF,Australia,2022,10,2022-10,2.68,7.56,18.41,17.27,17.8,18.28,UP
EWA,Australia ETF,Australia,2022,11,2022-11,12.76,9.8,20.9,17.93,18.54,20.9,UP
EWA,Australia ETF,Australia,2022,12,2022-12,-4.55,5.31,20.93,19.8,20.93,19.98,DOWN
EWA,Australia ETF,Australia,2023,1,2023-01,13.15,5.81,22.49,19.75,19.75,22.35,UP
EWA,Australia ETF,Australia,2023,2,2023-02,-8.92,4.16,22.58,20.57,22.58,20.57,DOWN
EWA,Australia ETF,Australia,2023,3,2023-03,-0.65,5.41,21.11,19.63,20.75,20.62,DOWN
EWA,Australia ETF,Australia,2023,4,2023-04,-0.81,3.99,21.29,20.53,20.97,20.8,DOWN
EWA,Australia ETF,Australia,2023,5,2023-05,-5.2,5.34,20.95,19.66,20.74,19.66,DOWN
EWA,Australia ETF,Australia,2023,6,2023-06,2.69,5.51,21.36,20.11,20.11,20.65,UP
EWA,Australia ETF,Australia,2023,7,2023-07,3.04,5.37,21.49,20.07,20.76,21.39,UP
EWA,Australia ETF,Australia,2023,8,2023-08,-3.01,4.95,20.97,19.56,20.97,20.34,DOWN
EWA,Australia ETF,Australia,2023,9,2023-09,-3.33,5.35,20.45,19.46,20.37,19.7,DOWN
EWA,Australia ETF,Australia,2023,10,2023-10,-1.57,5.52,19.9,18.82,19.29,18.99,DOWN
EWA,Australia ETF,Australia,2023,11,2023-11,6.3,5.05,20.61,19.34,19.34,20.56,UP
EWA,Australia ETF,Australia,2023,12,2023-12,8.3,5.85,22.95,20.46,21.0,22.74,UP
EWA,Australia ETF,Australia,2024,1,2024-01,-2.19,3.96,22.56,21.35,22.56,22.07,DOWN
EWA,Australia ETF,Australia,2024,2,2024-02,0.76,4.75,22.41,21.47,22.18,22.35,UP
EWA,Australia ETF,Australia,2024,3,2024-03,1.94,4.49,23.14,22.38,22.6,23.04,UP
EWA,Australia ETF,Australia,2024,4,2024-04,-5.04,5.08,23.22,21.71,22.96,21.81,DOWN
EWA,Australia ETF,Australia,2024,5,2024-05,5.39,4.35,23.58,21.85,21.85,23.03,UP
EWA,Australia ETF,Australia,2024,6,2024-06,0.37,3.82,23.45,22.9,23.18,23.26,FLAT
EWA,Australia ETF,Australia,2024,7,2024-07,2.79,4.39,24.41,23.17,23.18,23.83,UP
EWA,Australia ETF,Australia,2024,8,2024-08,5.89,6.81,24.81,22.1,23.26,24.64,UP
EWA,Australia ETF,Australia,2024,9,2024-09,6.31,5.7,25.82,23.92,24.28,25.82,UP
EWA,Australia ETF,Australia,2024,10,2024-10,-5.8,2.65,25.63,24.14,25.63,24.14,DOWN
EWA,Australia ETF,Australia,2024,11,2024-11,3.85,5.25,25.21,24.24,24.24,25.17,UP
EWA,Australia ETF,Australia,2024,12,2024-12,-7.96,4.82,25.1,23.02,25.1,23.11,DOWN
EWA,Australia ETF,Australia,2025,1,2025-01,2.93,4.65,24.16,23.06,23.15,23.83,UP
EWA,Australia ETF,Australia,2025,2,2025-02,-2.04,4.46,24.85,23.23,23.72,23.23,DOWN
EWA,Australia ETF,Australia,2025,3,2025-03,-2.13,5.34,23.64,22.29,23.19,22.7,DOWN
EWA,Australia ETF,Australia,2025,4,2025-04,4.05,14.68,23.89,20.16,22.96,23.89,UP
EWA,Australia ETF,Australia,2025,5,2025-05,4.71,4.4,25.05,23.87,23.87,24.99,UP
EWA,Australia ETF,Australia,2025,6,2025-06,2.19,4.09,25.99,25.12,25.32,25.88,UP
EWA,Australia ETF,Australia,2025,7,2025-07,-1.25,3.74,26.37,25.54,25.91,25.58,DOWN
EWA,Australia ETF,Australia,2025,8,2025-08,4.52,3.38,26.8,25.47,25.47,26.62,UP
EWA,Australia ETF,Australia,2025,9,2025-09,0.86,3.73,27.11,26.03,26.32,26.55,UP
EWA,Australia ETF,Australia,2025,10,2025-10,-1.4,3.74,27.06,26.0,26.69,26.32,DOWN
EWA,Australia ETF,Australia,2025,11,2025-11,-3.69,4.81,26.39,24.53,26.39,25.42,DOWN
EWA,Australia ETF,Australia,2025,12,2025-12,3.53,3.33,26.68,25.3,25.3,26.19,UP
EWA,Australia ETF,Australia,2026,1,2026-01,4.84,4.62,28.42,26.26,26.47,27.75,UP
EWA,Australia ETF,Australia,2026,2,2026-02,7.66,4.87,30.16,27.84,27.95,30.09,UP
EWA,Australia ETF,Australia,2026,3,2026-03,-5.35,6.95,29.93,28.33,29.93,28.33,DOWN
GLD,Gold,Commodities,2015,1,2015-01,8.21,5.62,125.23,114.08,114.08,123.45,UP
GLD,Gold,Commodities,2015,2,2015-02,-5.11,3.87,122.42,115.26,122.42,116.16,DOWN
GLD,Gold,Commodities,2015,3,2015-03,-1.75,4.0,115.68,110.21,115.68,113.66,DOWN
GLD,Gold,Commodities,2015,4,2015-04,-1.84,4.86,116.69,113.05,115.6,113.47,DOWN
GLD,Gold,Commodities,2015,5,2015-05,0.9,3.42,117.53,113.08,113.08,114.1,UP
GLD,Gold,Commodities,2015,6,2015-06,-1.43,2.73,115.32,112.24,114.0,112.37,DOWN
GLD,Gold,Commodities,2015,7,2015-07,-6.3,3.41,112.06,104.27,111.98,104.93,DOWN
GLD,Gold,Commodities,2015,8,2015-08,4.53,3.86,111.13,103.93,104.1,108.82,UP
GLD,Gold,Commodities,2015,9,2015-09,-2.14,3.93,110.49,105.9,109.2,106.86,DOWN
GLD,Gold,Commodities,2015,10,2015-10,2.41,3.92,113.81,106.73,106.73,109.3,UP
GLD,Gold,Commodities,2015,11,2015-11,-6.14,3.32,108.59,101.25,108.59,101.92,DOWN
GLD,Gold,Commodities,2015,12,2015-12,-0.8,4.92,104.02,100.5,102.28,101.46,DOWN
GLD,Gold,Commodities,2016,1,2016-01,3.95,4.27,107.69,102.89,102.89,106.95,UP
GLD,Gold,Commodities,2016,2,2016-02,9.8,6.9,119.06,108.05,108.05,118.64,UP
GLD,Gold,Commodities,2016,3,2016-03,-0.11,5.39,121.5,116.33,117.77,117.64,FLAT
GLD,Gold,Commodities,2016,4,2016-04,5.75,4.73,123.65,116.15,116.93,123.65,UP
GLD,Gold,Commodities,2016,5,2016-05,-5.83,3.67,123.24,115.62,123.24,116.06,DOWN
GLD,Gold,Commodities,2016,6,2016-06,9.08,6.42,126.68,115.67,115.94,126.47,UP
GLD,Gold,Commodities,2016,7,2016-07,0.44,4.49,130.52,125.39,128.41,128.98,FLAT
GLD,Gold,Commodities,2016,8,2016-08,-3.44,2.82,130.27,124.78,129.22,124.78,DOWN
GLD,Gold,Commodities,2016,9,2016-09,0.28,3.06,128.71,125.06,125.29,125.64,FLAT
GLD,Gold,Commodities,2016,10,2016-10,-2.7,4.04,125.32,119.36,125.32,121.94,DOWN
GLD,Gold,Commodities,2016,11,2016-11,-8.95,4.39,124.39,111.75,122.73,111.75,DOWN
GLD,Gold,Commodities,2016,12,2016-12,-1.73,3.23,112.14,107.34,111.54,109.61,DOWN
GLD,Gold,Commodities,2017,1,2017-01,4.6,3.42,115.85,110.47,110.47,115.55,UP
GLD,Gold,Commodities,2017,2,2017-02,3.5,2.5,119.7,115.2,115.2,119.23,UP
GLD,Gold,Commodities,2017,3,2017-03,-0.29,3.02,119.53,114.12,119.06,118.72,FLAT
GLD,Gold,Commodities,2017,4,2017-04,1.19,2.72,122.82,119.18,119.35,120.77,UP
GLD,Gold,Commodities,2017,5,2017-05,0.79,3.28,120.62,116.04,119.67,120.62,UP
GLD,Gold,Commodities,2017,6,2017-06,-2.24,2.43,123.1,118.02,120.72,118.02,DOWN
GLD,Gold,Commodities,2017,7,2017-07,4.01,2.83,120.75,115.28,116.09,120.75,UP
GLD,Gold,Commodities,2017,8,2017-08,4.29,2.91,125.82,119.51,120.65,125.82,UP
GLD,Gold,Commodities,2017,9,2017-09,-3.55,3.48,128.13,121.58,126.06,121.58,DOWN
GLD,Gold,Commodities,2017,10,2017-10,-0.08,2.36,123.82,120.33,120.77,120.67,FLAT
GLD,Gold,Commodities,2017,11,2017-11,-0.01,2.79,122.86,120.62,121.11,121.1,FLAT
GLD,Gold,Commodities,2017,12,2017-12,1.69,2.4,123.65,118.01,121.59,123.65,UP
GLD,Gold,Commodities,2018,1,2018-01,2.0,2.76,128.83,124.73,125.15,127.65,UP
GLD,Gold,Commodities,2018,2,2018-02,-2.4,3.43,128.38,124.77,128.07,125.0,DOWN
GLD,Gold,Commodities,2018,3,2018-03,0.86,3.27,128.28,124.31,124.72,125.79,UP
GLD,Gold,Commodities,2018,4,2018-04,-2.1,2.85,128.11,124.59,127.26,124.59,DOWN
GLD,Gold,Commodities,2018,5,2018-05,-0.49,2.23,125.18,122.29,123.71,123.1,FLAT
GLD,Gold,Commodities,2018,6,2018-06,-3.13,2.08,123.38,118.22,122.49,118.65,DOWN
GLD,Gold,Commodities,2018,7,2018-07,-1.25,2.63,119.15,115.65,117.46,115.99,DOWN
GLD,Gold,Commodities,2018,8,2018-08,-1.42,3.48,115.14,111.1,115.14,113.51,DOWN
GLD,Gold,Commodities,2018,9,2018-09,-0.15,2.23,114.27,112.05,112.93,112.76,FLAT
GLD,Gold,Commodities,2018,10,2018-10,2.29,3.28,116.77,112.54,112.57,115.15,UP
GLD,Gold,Commodities,2018,11,2018-11,-0.93,2.41,116.65,113.66,116.63,115.54,DOWN
GLD,Gold,Commodities,2018,12,2018-12,4.16,2.7,121.25,116.41,116.41,121.25,UP
GLD,Gold,Commodities,2019,1,2019-01,2.82,2.54,124.75,121.02,121.33,124.75,UP
GLD,Gold,Commodities,2019,2,2019-02,-0.41,2.79,126.7,123.37,124.5,123.99,FLAT
GLD,Gold,Commodities,2019,3,2019-03,0.11,3.33,124.92,121.51,121.88,122.01,FLAT
GLD,Gold,Commodities,2019,4,2019-04,-0.27,2.13,123.53,120.12,121.53,121.2,FLAT
GLD,Gold,Commodities,2019,5,2019-05,2.43,2.5,123.33,119.94,120.4,123.33,UP
GLD,Gold,Commodities,2019,6,2019-06,6.47,3.61,134.2,125.11,125.11,133.2,UP
GLD,Gold,Commodities,2019,7,2019-07,1.98,4.97,136.48,130.62,130.62,133.21,UP
GLD,Gold,Commodities,2019,8,2019-08,5.38,4.32,145.57,135.89,136.41,143.75,UP
GLD,Gold,Commodities,2019,9,2019-09,-4.72,4.66,146.66,138.87,145.75,138.87,DOWN
GLD,Gold,Commodities,2019,10,2019-10,2.01,2.8,142.43,139.61,139.63,142.43,UP
GLD,Gold,Commodities,2019,11,2019-11,-3.3,2.84,142.56,137.01,142.56,137.86,DOWN
GLD,Gold,Commodities,2019,12,2019-12,3.71,2.04,142.9,137.58,137.79,142.9,UP
GLD,Gold,Commodities,2020,1,2020-01,3.74,2.73,149.33,143.95,143.95,149.33,UP
GLD,Gold,Commodities,2020,2,2020-02,0.01,5.41,156.09,146.43,148.36,148.38,FLAT
GLD,Gold,Commodities,2020,3,2020-03,-0.77,10.72,157.81,138.04,149.2,148.05,DOWN
GLD,Gold,Commodities,2020,4,2020-04,6.26,6.04,163.34,149.45,149.45,158.8,UP
GLD,Gold,Commodities,2020,5,2020-05,1.96,3.94,164.65,158.95,159.78,162.91,UP
GLD,Gold,Commodities,2020,6,2020-06,2.27,4.07,167.37,158.01,163.66,167.37,UP
GLD,Gold,Commodities,2020,7,2020-07,11.29,3.25,185.43,166.62,166.62,185.43,UP
GLD,Gold,Commodities,2020,8,2020-08,-0.44,8.41,193.89,179.1,185.64,184.83,FLAT
GLD,Gold,Commodities,2020,9,2020-09,-4.29,3.97,185.05,174.79,185.05,177.12,DOWN
GLD,Gold,Commodities,2020,10,2020-10,-1.4,3.68,181.08,175.4,178.7,176.2,DOWN
GLD,Gold,Commodities,2020,11,2020-11,-6.32,6.14,183.19,166.67,177.91,166.67,DOWN
GLD,Gold,Commodities,2020,12,2020-12,4.81,3.86,178.36,170.18,170.18,178.36,UP
GLD,Gold,Commodities,2021,1,2021-01,-5.33,5.46,182.87,171.13,182.33,172.61,DOWN
GLD,Gold,Commodities,2021,2,2021-02,-7.13,5.2,174.23,161.81,174.23,161.81,DOWN
GLD,Gold,Commodities,2021,3,2021-03,-0.97,4.04,163.51,157.49,161.53,159.96,DOWN
GLD,Gold,Commodities,2021,4,2021-04,2.27,3.2,168.13,161.92,161.98,165.66,UP
GLD,Gold,Commodities,2021,5,2021-05,6.3,2.96,178.38,166.58,167.81,178.38,UP
GLD,Gold,Commodities,2021,6,2021-06,-6.9,4.57,178.77,164.83,177.9,165.63,DOWN
GLD,Gold,Commodities,2021,7,2021-07,2.18,2.38,171.17,166.2,166.2,169.82,UP
GLD,Gold,Commodities,2021,8,2021-08,0.05,4.29,170.19,161.72,169.61,169.69,FLAT
GLD,Gold,Commodities,2021,9,2021-09,-3.23,4.34,171.06,161.32,169.7,164.22,DOWN
GLD,Gold,Commodities,2021,10,2021-10,1.25,3.22,168.93,163.92,164.59,166.65,UP
GLD,Gold,Commodities,2021,11,2021-11,-1.21,3.87,174.5,165.5,167.52,165.5,DOWN
GLD,Gold,Commodities,2021,12,2021-12,2.89,2.53,170.96,165.24,166.16,170.96,UP
GLD,Gold,Commodities,2022,1,2022-01,-0.14,3.97,172.58,166.99,168.33,168.09,FLAT
GLD,Gold,Commodities,2022,2,2022-02,6.03,3.2,178.38,168.23,168.23,178.38,UP
GLD,Gold,Commodities,2022,3,2022-03,-0.53,6.26,191.51,178.89,181.62,180.65,DOWN
GLD,Gold,Commodities,2022,4,2022-04,-1.44,3.39,184.65,175.98,179.5,176.91,DOWN
GLD,Gold,Commodities,2022,5,2022-05,-1.43,4.13,175.8,168.79,173.63,171.14,DOWN
GLD,Gold,Commodities,2022,6,2022-06,-2.19,4.31,174.54,168.46,172.23,168.46,DOWN
GLD,Gold,Commodities,2022,7,2022-07,-2.51,4.08,168.32,158.04,168.32,164.1,DOWN
GLD,Gold,Commodities,2022,8,2022-08,-3.49,3.49,167.87,159.27,165.03,159.27,DOWN
GLD,Gold,Commodities,2022,9,2022-09,-2.03,4.39,160.63,151.23,157.87,154.67,DOWN
GLD,Gold,Commodities,2022,10,2022-10,-4.12,4.74,160.7,151.45,158.43,151.91,DOWN
GLD,Gold,Commodities,2022,11,2022-11,7.4,5.39,165.5,151.81,153.46,164.81,UP
GLD,Gold,Commodities,2022,12,2022-12,1.07,4.58,169.64,164.39,167.84,169.64,UP
GLD,Gold,Commodities,2023,1,2023-01,4.88,3.73,181.11,170.52,171.06,179.41,UP
GLD,Gold,Commodities,2023,2,2023-02,-6.54,4.05,181.67,168.35,181.67,169.78,DOWN
GLD,Gold,Commodities,2023,3,2023-03,7.3,5.75,185.74,168.54,170.76,183.22,UP
GLD,Gold,Commodities,2023,4,2023-04,0.14,3.89,189.72,184.25,184.54,184.8,FLAT
GLD,Gold,Commodities,2023,5,2023-05,-0.9,3.93,190.44,180.2,183.97,182.32,DOWN
GLD,Gold,Commodities,2023,6,2023-06,-2.99,3.27,183.76,177.09,183.76,178.27,DOWN
GLD,Gold,Commodities,2023,7,2023-07,2.17,3.01,183.67,177.31,178.47,182.35,UP
GLD,Gold,Commodities,2023,8,2023-08,-0.24,2.15,180.46,175.3,180.46,180.02,FLAT
GLD,Gold,Commodities,2023,9,2023-09,-4.81,2.4,180.11,171.45,180.11,171.45,DOWN
GLD,Gold,Commodities,2023,10,2023-10,8.51,4.44,186.15,168.83,169.65,184.09,UP
GLD,Gold,Commodities,2023,11,2023-11,2.86,3.19,189.54,179.51,183.51,188.75,UP
GLD,Gold,Commodities,2023,12,2023-12,-0.44,4.7,192.59,183.49,192.01,191.17,FLAT
GLD,Gold,Commodities,2024,1,2024-01,-1.19,2.69,190.72,185.84,190.72,188.45,DOWN
GLD,Gold,Commodities,2024,2,2024-02,-0.58,2.64,190.41,184.42,190.41,189.31,DOWN
GLD,Gold,Commodities,2024,3,2024-03,6.65,3.53,205.72,192.89,192.89,205.72,UP
GLD,Gold,Commodities,2024,4,2024-04,1.95,5.37,221.22,207.82,207.82,211.87,UP
GLD,Gold,Commodities,2024,5,2024-05,0.71,4.66,224.56,212.96,213.79,215.3,UP
GLD,Gold,Commodities,2024,6,2024-06,-1.02,5.57,219.43,211.6,217.22,215.01,DOWN
GLD,Gold,Commodities,2024,7,2024-07,5.09,4.77,228.29,215.56,215.57,226.55,UP
GLD,Gold,Commodities,2024,8,2024-08,2.44,4.23,233.39,220.55,225.77,231.29,UP
GLD,Gold,Commodities,2024,9,2024-09,5.55,3.81,246.98,230.29,230.29,243.06,UP
GLD,Gold,Commodities,2024,10,2024-10,3.22,3.39,257.5,241.05,245.61,253.51,UP
GLD,Gold,Commodities,2024,11,2024-11,-2.73,6.31,253.4,236.59,252.47,245.59,DOWN
GLD,Gold,Commodities,2024,12,2024-12,-0.54,4.0,250.96,239.26,243.44,242.13,DOWN
GLD,Gold,Commodities,2025,1,2025-01,5.35,3.61,258.56,243.19,245.42,258.56,UP
GLD,Gold,Commodities,2025,2,2025-02,1.28,4.22,272.21,259.94,259.94,263.27,UP
GLD,Gold,Commodities,2025,3,2025-03,8.02,3.49,288.14,266.04,266.74,288.14,UP
GLD,Gold,Commodities,2025,4,2025-04,5.63,8.46,315.59,273.71,287.57,303.77,UP
GLD,Gold,Commodities,2025,5,2025-05,2.06,7.89,315.48,293.16,297.46,303.6,UP
GLD,Gold,Commodities,2025,6,2025-06,-2.19,5.13,316.29,301.22,311.67,304.83,DOWN
GLD,Gold,Commodities,2025,7,2025-07,-1.49,3.8,316.1,300.96,307.55,302.96,DOWN
GLD,Gold,Commodities,2025,8,2025-08,2.9,3.45,318.07,305.27,309.11,318.07,UP
GLD,Gold,Commodities,2025,9,2025-09,9.18,3.92,355.47,325.59,325.59,355.47,UP
GLD,Gold,Commodities,2025,10,2025-10,3.4,9.62,403.15,354.79,356.03,368.12,UP
GLD,Gold,Commodities,2025,11,2025-11,5.18,5.3,387.88,362.32,368.78,387.88,UP
GLD,Gold,Commodities,2025,12,2025-12,1.68,5.59,416.74,385.42,389.75,396.31,UP
GLD,Gold,Commodities,2026,1,2026-01,11.72,13.22,495.9,398.28,398.28,444.95,UP
GLD,Gold,Commodities,2026,2,2026-02,13.26,12.13,483.75,427.13,427.13,483.75,UP
GLD,Gold,Commodities,2026,3,2026-03,-3.37,11.53,490.0,466.13,490.0,473.51,DOWN
SLV,Silver,Commodities,2015,1,2015-01,9.46,10.24,17.61,15.11,15.11,16.54,UP
SLV,Silver,Commodities,2015,2,2015-02,-3.64,7.22,16.63,15.54,16.47,15.87,DOWN
SLV,Silver,Commodities,2015,3,2015-03,1.72,6.29,16.3,14.84,15.66,15.93,UP
SLV,Silver,Commodities,2015,4,2015-04,-4.93,7.3,16.27,15.06,16.23,15.43,DOWN
SLV,Silver,Commodities,2015,5,2015-05,3.36,6.44,16.89,15.47,15.47,15.99,UP
SLV,Silver,Commodities,2015,6,2015-06,-6.06,3.8,16.07,15.03,16.0,15.03,DOWN
SLV,Silver,Commodities,2015,7,2015-07,-5.5,5.31,14.99,13.92,14.9,14.08,DOWN
SLV,Silver,Commodities,2015,8,2015-08,0.87,7.88,14.82,13.56,13.87,13.99,UP
SLV,Silver,Commodities,2015,9,2015-09,-0.5,6.54,14.49,13.77,13.94,13.87,DOWN
SLV,Silver,Commodities,2015,10,2015-10,6.47,6.94,15.42,13.9,13.9,14.8,UP
SLV,Silver,Commodities,2015,11,2015-11,-8.7,2.75,14.72,13.44,14.72,13.44,DOWN
SLV,Silver,Commodities,2015,12,2015-12,-2.37,7.41,13.87,13.06,13.51,13.19,DOWN
SLV,Silver,Commodities,2016,1,2016-01,3.03,6.08,13.82,13.17,13.19,13.59,UP
SLV,Silver,Commodities,2016,2,2016-02,3.88,7.11,14.99,13.62,13.67,14.2,UP
SLV,Silver,Commodities,2016,3,2016-03,3.6,6.79,15.16,14.17,14.17,14.68,UP
SLV,Silver,Commodities,2016,4,2016-04,18.41,6.99,16.98,14.2,14.34,16.98,UP
SLV,Silver,Commodities,2016,5,2016-05,-8.71,5.82,16.64,15.19,16.64,15.19,DOWN
SLV,Silver,Commodities,2016,6,2016-06,17.73,6.82,17.86,15.17,15.17,17.86,UP
SLV,Silver,Commodities,2016,7,2016-07,3.26,8.89,19.39,18.42,18.74,19.35,UP
SLV,Silver,Commodities,2016,8,2016-08,-8.8,5.53,19.6,17.62,19.43,17.72,DOWN
SLV,Silver,Commodities,2016,9,2016-09,1.45,7.45,19.05,17.86,17.94,18.2,UP
SLV,Silver,Commodities,2016,10,2016-10,-5.04,6.65,17.87,16.44,17.87,16.97,DOWN
SLV,Silver,Commodities,2016,11,2016-11,-10.05,8.19,17.56,15.52,17.41,15.66,DOWN
SLV,Silver,Commodities,2016,12,2016-12,-3.51,6.55,16.23,14.91,15.66,15.11,DOWN
SLV,Silver,Commodities,2017,1,2017-01,7.71,4.9,16.63,15.44,15.44,16.63,UP
SLV,Silver,Commodities,2017,2,2017-02,4.58,3.2,17.4,16.56,16.61,17.37,UP
SLV,Silver,Commodities,2017,3,2017-03,-1.09,5.99,17.44,15.99,17.44,17.25,DOWN
SLV,Silver,Commodities,2017,4,2017-04,-5.45,3.75,17.53,16.3,17.24,16.3,DOWN
SLV,Silver,Commodities,2017,5,2017-05,2.5,5.06,16.47,15.3,15.99,16.39,UP
SLV,Silver,Commodities,2017,6,2017-06,-4.09,3.65,16.76,15.54,16.38,15.71,DOWN
SLV,Silver,Commodities,2017,7,2017-07,3.92,5.35,15.9,14.73,15.3,15.9,UP
SLV,Silver,Commodities,2017,8,2017-08,5.45,5.97,16.65,15.33,15.79,16.65,UP
SLV,Silver,Commodities,2017,9,2017-09,-5.92,4.6,17.1,15.74,16.73,15.74,DOWN
SLV,Silver,Commodities,2017,10,2017-10,0.77,3.43,16.41,15.67,15.67,15.79,UP
SLV,Silver,Commodities,2017,11,2017-11,-4.14,5.56,16.31,15.51,16.18,15.51,DOWN
SLV,Silver,Commodities,2017,12,2017-12,2.96,4.25,15.99,14.85,15.53,15.99,UP
SLV,Silver,Commodities,2018,1,2018-01,0.86,4.8,16.56,15.97,16.21,16.35,UP
SLV,Silver,Commodities,2018,2,2018-02,-4.86,5.47,16.25,15.39,16.25,15.46,DOWN
SLV,Silver,Commodities,2018,3,2018-03,-0.84,4.66,15.78,15.28,15.54,15.41,DOWN
SLV,Silver,Commodities,2018,4,2018-04,-1.73,5.18,16.26,15.38,15.65,15.38,DOWN
SLV,Silver,Commodities,2018,5,2018-05,1.44,3.48,15.74,15.24,15.24,15.46,UP
SLV,Silver,Commodities,2018,6,2018-06,-1.88,4.85,16.17,15.07,15.44,15.15,DOWN
SLV,Silver,Commodities,2018,7,2018-07,-2.01,4.17,15.17,14.42,14.91,14.61,DOWN
SLV,Silver,Commodities,2018,8,2018-08,-5.73,5.91,14.52,13.57,14.48,13.65,DOWN
SLV,Silver,Commodities,2018,9,2018-09,3.16,4.51,13.73,13.23,13.31,13.73,UP
SLV,Silver,Commodities,2018,10,2018-10,-1.54,3.81,13.83,13.41,13.62,13.41,DOWN
SLV,Silver,Commodities,2018,11,2018-11,-3.69,5.1,13.86,13.15,13.83,13.32,DOWN
SLV,Silver,Commodities,2018,12,2018-12,7.64,3.74,14.52,13.49,13.49,14.52,UP
SLV,Silver,Commodities,2019,1,2019-01,3.37,3.91,15.05,14.36,14.56,15.05,UP
SLV,Silver,Commodities,2019,2,2019-02,-1.94,3.92,15.07,14.59,14.92,14.63,DOWN
SLV,Silver,Commodities,2019,3,2019-03,-0.14,5.18,14.56,14.07,14.2,14.18,FLAT
SLV,Silver,Commodities,2019,4,2019-04,-0.92,2.84,14.31,13.91,14.15,14.02,DOWN
SLV,Silver,Commodities,2019,5,2019-05,-0.73,3.78,13.98,13.46,13.75,13.65,DOWN
SLV,Silver,Commodities,2019,6,2019-06,3.32,4.04,14.46,13.78,13.87,14.33,UP
SLV,Silver,Commodities,2019,7,2019-07,7.26,5.4,15.52,14.05,14.18,15.21,UP
SLV,Silver,Commodities,2019,8,2019-08,11.8,6.04,17.17,15.19,15.34,17.15,UP
SLV,Silver,Commodities,2019,9,2019-09,-11.01,11.98,18.34,15.92,17.89,15.92,DOWN
SLV,Silver,Commodities,2019,10,2019-10,4.77,4.4,16.92,16.15,16.15,16.92,UP
SLV,Silver,Commodities,2019,11,2019-11,-5.91,4.87,16.92,15.7,16.92,15.92,DOWN
SLV,Silver,Commodities,2019,12,2019-12,5.57,4.81,16.74,15.48,15.8,16.68,UP
SLV,Silver,Commodities,2020,1,2020-01,0.06,5.59,17.17,16.32,16.81,16.82,FLAT
SLV,Silver,Commodities,2020,2,2020-02,-5.88,8.71,17.4,15.53,16.5,15.53,DOWN
SLV,Silver,Commodities,2020,3,2020-03,-16.13,19.69,16.3,11.21,15.56,13.05,DOWN
SLV,Silver,Commodities,2020,4,2020-04,7.37,8.42,14.65,13.02,13.02,13.98,UP
SLV,Silver,Commodities,2020,5,2020-05,19.68,7.23,16.66,13.77,13.92,16.66,UP
SLV,Silver,Commodities,2020,6,2020-06,-0.53,8.3,17.1,16.2,17.1,17.01,DOWN
SLV,Silver,Commodities,2020,7,2020-07,34.66,14.37,22.83,16.71,16.82,22.65,UP
SLV,Silver,Commodities,2020,8,2020-08,15.35,21.9,27.0,22.74,22.74,26.23,UP
SLV,Silver,Commodities,2020,9,2020-09,-17.21,12.81,26.14,21.17,26.14,21.64,DOWN
SLV,Silver,Commodities,2020,10,2020-10,-0.45,10.06,23.41,21.71,22.09,21.99,FLAT
SLV,Silver,Commodities,2020,11,2020-11,-6.07,10.24,23.79,21.05,22.41,21.05,DOWN
SLV,Silver,Commodities,2020,12,2020-12,10.18,9.4,24.76,22.16,22.3,24.57,UP
SLV,Silver,Commodities,2021,1,2021-01,-1.42,12.28,25.67,22.95,25.35,24.99,DOWN
SLV,Silver,Commodities,2021,2,2021-02,-7.85,14.09,26.76,24.48,26.76,24.66,DOWN
SLV,Silver,Commodities,2021,3,2021-03,-7.72,7.3,24.8,22.26,24.6,22.7,DOWN
SLV,Silver,Commodities,2021,4,2021-04,3.71,5.79,24.7,23.04,23.15,24.01,UP
SLV,Silver,Commodities,2021,5,2021-05,3.77,7.42,26.19,24.57,24.96,25.9,UP
SLV,Silver,Commodities,2021,6,2021-06,-6.27,6.56,26.15,23.85,25.84,24.22,DOWN
SLV,Silver,Commodities,2021,7,2021-07,-1.99,5.73,24.55,22.96,24.11,23.63,DOWN
SLV,Silver,Commodities,2021,8,2021-08,-5.91,6.97,23.68,21.35,23.53,22.14,DOWN
SLV,Silver,Commodities,2021,9,2021-09,-8.27,8.38,22.88,19.95,22.37,20.52,DOWN
SLV,Silver,Commodities,2021,10,2021-10,6.05,5.41,22.74,20.83,20.83,22.09,UP
SLV,Silver,Commodities,2021,11,2021-11,-5.26,5.78,23.42,21.06,22.23,21.06,DOWN
SLV,Silver,Commodities,2021,12,2021-12,4.57,5.11,21.51,20.3,20.57,21.51,UP
SLV,Silver,Commodities,2022,1,2022-01,-1.79,7.49,22.62,20.51,21.18,20.8,DOWN
SLV,Silver,Commodities,2022,2,2022-02,8.02,5.29,22.73,20.71,20.94,22.62,UP
SLV,Silver,Commodities,2022,3,2022-03,-2.8,7.87,24.45,22.88,23.54,22.88,DOWN
SLV,Silver,Commodities,2022,4,2022-04,-7.48,5.92,23.87,21.04,22.74,21.04,DOWN
SLV,Silver,Commodities,2022,5,2022-05,-4.94,8.53,21.28,19.12,20.87,19.84,DOWN
SLV,Silver,Commodities,2022,6,2022-06,-7.4,7.6,20.59,18.64,20.13,18.64,DOWN
SLV,Silver,Commodities,2022,7,2022-07,2.13,8.87,18.7,16.98,18.31,18.7,UP
SLV,Silver,Commodities,2022,8,2022-08,-11.76,7.49,19.17,16.58,18.79,16.58,DOWN
SLV,Silver,Commodities,2022,9,2022-09,6.84,9.64,18.17,16.38,16.38,17.5,UP
SLV,Silver,Commodities,2022,10,2022-10,-7.75,12.21,19.36,16.81,19.1,17.62,DOWN
SLV,Silver,Commodities,2022,11,2022-11,13.19,11.18,20.43,17.73,18.05,20.43,UP
SLV,Silver,Commodities,2022,12,2022-12,4.96,9.77,22.23,20.44,20.98,22.02,UP
SLV,Silver,Commodities,2023,1,2023-01,-1.0,6.43,22.33,21.39,22.05,21.83,DOWN
SLV,Silver,Commodities,2023,2,2023-02,-12.95,6.72,22.08,18.93,22.08,19.22,DOWN
SLV,Silver,Commodities,2023,3,2023-03,14.67,9.09,22.12,18.4,19.29,22.12,UP
SLV,Silver,Commodities,2023,4,2023-04,4.26,5.77,23.74,22.06,22.06,23.0,UP
SLV,Silver,Commodities,2023,5,2023-05,-5.59,7.32,23.94,20.86,22.89,21.61,DOWN
SLV,Silver,Commodities,2023,6,2023-06,-4.83,7.26,22.3,20.53,21.95,20.89,DOWN
SLV,Silver,Commodities,2023,7,2023-07,8.0,7.93,23.1,20.83,21.01,22.69,UP
SLV,Silver,Commodities,2023,8,2023-08,0.45,6.58,22.71,20.56,22.29,22.39,FLAT
SLV,Silver,Commodities,2023,9,2023-09,-8.25,5.12,22.17,20.34,22.17,20.34,DOWN
SLV,Silver,Commodities,2023,10,2023-10,8.03,7.86,21.4,19.25,19.42,20.98,UP
SLV,Silver,Commodities,2023,11,2023-11,10.3,6.35,23.13,20.34,20.97,23.13,UP
SLV,Silver,Commodities,2023,12,2023-12,-6.64,8.01,23.33,20.84,23.33,21.78,DOWN
SLV,Silver,Commodities,2024,1,2024-01,-3.42,5.59,21.65,20.22,21.65,20.91,DOWN
SLV,Silver,Commodities,2024,2,2024-02,-2.26,6.55,21.39,20.2,21.21,20.73,DOWN
SLV,Silver,Commodities,2024,3,2024-03,7.46,7.06,23.29,21.17,21.17,22.75,UP
SLV,Silver,Commodities,2024,4,2024-04,5.21,9.97,26.41,22.86,22.86,24.05,UP
SLV,Silver,Commodities,2024,5,2024-05,14.38,11.65,29.27,24.22,24.27,27.76,UP
SLV,Silver,Commodities,2024,6,2024-06,-4.73,11.87,28.53,26.31,27.89,26.57,DOWN
SLV,Silver,Commodities,2024,7,2024-07,-1.71,8.39,28.68,25.41,26.85,26.39,DOWN
SLV,Silver,Commodities,2024,8,2024-08,1.23,8.75,27.36,24.33,26.03,26.35,UP
SLV,Silver,Commodities,2024,9,2024-09,11.06,10.46,29.38,25.48,25.58,28.41,UP
SLV,Silver,Commodities,2024,10,2024-10,4.3,9.61,31.74,27.86,28.58,29.81,UP
SLV,Silver,Commodities,2024,11,2024-11,-5.48,8.36,29.75,27.45,29.54,27.92,DOWN
SLV,Silver,Commodities,2024,12,2024-12,-5.25,6.56,29.04,26.33,27.79,26.33,DOWN
SLV,Silver,Commodities,2025,1,2025-01,5.87,6.29,28.72,26.93,26.93,28.51,UP
SLV,Silver,Commodities,2025,2,2025-02,-1.26,5.12,29.95,28.31,28.67,28.31,DOWN
SLV,Silver,Commodities,2025,3,2025-03,7.79,6.21,31.32,28.75,28.75,30.99,UP
SLV,Silver,Commodities,2025,4,2025-04,-3.36,11.29,30.76,27.08,30.63,29.6,DOWN
SLV,Silver,Commodities,2025,5,2025-05,2.08,6.54,30.51,29.12,29.39,30.0,UP
SLV,Silver,Commodities,2025,6,2025-06,3.86,8.24,33.74,31.34,31.59,32.81,UP
SLV,Silver,Commodities,2025,7,2025-07,1.8,7.03,35.72,32.73,32.73,33.32,UP
SLV,Silver,Commodities,2025,8,2025-08,7.74,5.5,36.19,33.59,33.59,36.19,UP
SLV,Silver,Commodities,2025,9,2025-09,14.05,6.32,42.5,36.93,37.15,42.37,UP
SLV,Silver,Commodities,2025,10,2025-10,2.56,12.53,49.17,42.4,42.91,44.01,UP
SLV,Silver,Commodities,2025,11,2025-11,17.02,11.34,51.21,42.74,43.76,51.21,UP
SLV,Silver,Commodities,2025,12,2025-12,22.66,17.09,71.12,51.76,52.52,64.42,UP
SLV,Silver,Commodities,2026,1,2026-01,14.74,35.83,105.6,65.75,65.75,75.44,UP
SLV,Silver,Commodities,2026,2,2026-02,17.32,29.58,84.99,66.37,72.44,84.99,UP
SLV,Silver,Commodities,2026,3,2026-03,-6.9,19.48,81.57,74.27,81.57,75.94,DOWN
USO,Oil,Commodities,2015,1,2015-01,-10.41,16.4,159.12,132.48,159.12,142.56,DOWN
USO,Oil,Commodities,2015,2,2015-02,-2.79,15.51,158.32,144.24,148.96,144.8,DOWN
USO,Oil,Commodities,2015,3,2015-03,-8.08,13.42,152.08,127.68,146.56,134.72,DOWN
USO,Oil,Commodities,2015,4,2015-04,16.67,11.02,164.08,140.48,140.64,164.08,UP
USO,Oil,Commodities,2015,5,2015-05,-0.44,9.0,166.56,155.84,163.2,162.48,FLAT
USO,Oil,Commodities,2015,6,2015-06,-2.36,6.99,165.44,156.08,162.88,159.04,DOWN
USO,Oil,Commodities,2015,7,2015-07,-18.38,9.62,152.8,124.72,152.8,124.72,DOWN
USO,Oil,Commodities,2015,8,2015-08,5.23,16.82,127.12,99.92,120.8,127.12,UP
USO,Oil,Commodities,2015,9,2015-09,-0.88,12.85,122.88,115.04,118.48,117.44,DOWN
USO,Oil,Commodities,2015,10,2015-10,1.58,11.01,128.32,110.56,116.64,118.48,UP
USO,Oil,Commodities,2015,11,2015-11,-12.34,8.84,122.24,103.44,118.0,103.44,DOWN
USO,Oil,Commodities,2015,12,2015-12,-15.06,11.6,103.6,85.28,103.6,88.0,DOWN
USO,Oil,Commodities,2016,1,2016-01,-12.11,19.35,87.84,65.92,87.84,77.2,DOWN
USO,Oil,Commodities,2016,2,2016-02,-0.22,18.55,74.72,63.68,72.16,72.0,FLAT
USO,Oil,Commodities,2016,3,2016-03,6.01,13.01,84.72,73.2,73.2,77.6,UP
USO,Oil,Commodities,2016,4,2016-04,21.11,11.67,90.4,72.64,74.64,90.4,UP
USO,Oil,Commodities,2016,5,2016-05,7.42,8.21,96.24,85.44,88.4,94.96,UP
USO,Oil,Commodities,2016,6,2016-06,-3.02,10.56,99.44,89.12,95.44,92.56,DOWN
USO,Oil,Commodities,2016,7,2016-07,-17.15,11.07,94.24,77.36,94.24,78.08,DOWN
USO,Oil,Commodities,2016,8,2016-08,10.1,10.8,90.72,74.64,75.28,82.88,UP
USO,Oil,Commodities,2016,9,2016-09,8.65,11.4,87.68,79.84,80.48,87.44,UP
USO,Oil,Commodities,2016,10,2016-10,-5.14,7.93,93.36,84.24,88.8,84.24,DOWN
USO,Oil,Commodities,2016,11,2016-11,3.41,13.76,87.44,78.16,84.56,87.44,UP
USO,Oil,Commodities,2016,12,2016-12,3.44,7.09,94.0,88.72,90.64,93.76,UP
USO,Oil,Commodities,2017,1,2017-01,-1.05,7.42,93.6,88.56,91.52,90.56,DOWN
USO,Oil,Commodities,2017,2,2017-02,-0.26,4.78,92.32,89.52,91.84,91.6,FLAT
USO,Oil,Commodities,2017,3,2017-03,-6.67,7.43,91.2,80.08,91.2,85.12,DOWN
USO,Oil,Commodities,2017,4,2017-04,-2.94,6.07,89.36,81.92,84.4,81.92,DOWN
USO,Oil,Commodities,2017,5,2017-05,-1.87,9.85,85.12,75.68,81.2,79.68,DOWN
USO,Oil,Commodities,2017,6,2017-06,-4.14,8.68,79.76,69.68,79.28,76.0,DOWN
USO,Oil,Commodities,2017,7,2017-07,6.86,8.05,82.24,72.8,76.96,82.24,UP
USO,Oil,Commodities,2017,8,2017-08,-4.56,7.64,81.2,75.04,80.72,77.04,DOWN
USO,Oil,Commodities,2017,9,2017-09,7.86,5.99,84.4,77.36,77.36,83.44,UP
USO,Oil,Commodities,2017,10,2017-10,7.05,6.24,87.44,79.76,81.68,87.44,UP
USO,Oil,Commodities,2017,11,2017-11,5.23,6.03,94.32,87.2,87.2,91.76,UP
USO,Oil,Commodities,2017,12,2017-12,2.91,5.65,96.08,89.6,93.36,96.08,UP
USO,Oil,Commodities,2018,1,2018-01,7.54,4.82,105.92,96.56,96.56,103.84,UP
USO,Oil,Commodities,2018,2,2018-02,-6.57,7.68,105.92,94.88,105.92,98.96,DOWN
USO,Oil,Commodities,2018,3,2018-03,5.99,6.71,106.24,97.2,98.8,104.72,UP
USO,Oil,Commodities,2018,4,2018-04,8.32,7.45,111.36,100.08,101.92,110.4,UP
USO,Oil,Commodities,2018,5,2018-05,-0.44,7.05,117.36,108.08,108.88,108.4,FLAT
USO,Oil,Commodities,2018,6,2018-06,13.66,9.05,120.48,104.4,106.0,120.48,UP
USO,Oil,Commodities,2018,7,2018-07,-4.55,7.41,120.56,111.52,119.68,114.24,DOWN
USO,Oil,Commodities,2018,8,2018-08,4.4,6.65,118.0,108.08,112.72,117.68,UP
USO,Oil,Commodities,2018,9,2018-09,6.45,5.97,124.16,113.68,116.64,124.16,UP
USO,Oil,Commodities,2018,10,2018-10,-13.54,7.98,128.64,110.32,127.6,110.32,DOWN
USO,Oil,Commodities,2018,11,2018-11,-20.28,12.1,107.68,85.28,107.68,85.84,DOWN
USO,Oil,Commodities,2018,12,2018-12,-14.29,15.26,90.16,74.32,90.16,77.28,DOWN
USO,Oil,Commodities,2019,1,2019-01,15.23,8.75,91.2,78.8,78.8,90.8,UP
USO,Oil,Commodities,2019,2,2019-02,2.75,7.05,95.6,88.08,93.04,95.6,UP
USO,Oil,Commodities,2019,3,2019-03,7.2,5.43,100.0,93.28,93.28,100.0,UP
USO,Oil,Commodities,2019,4,2019-04,3.67,6.39,110.32,102.56,102.56,106.32,UP
USO,Oil,Commodities,2019,5,2019-05,-16.04,9.83,105.76,88.8,105.76,88.8,DOWN
USO,Oil,Commodities,2019,6,2019-06,9.55,10.33,98.32,85.12,87.92,96.32,UP
USO,Oil,Commodities,2019,7,2019-07,-1.95,8.7,100.4,92.48,98.24,96.32,DOWN
USO,Oil,Commodities,2019,8,2019-08,1.33,11.24,94.96,86.72,90.48,91.68,UP
USO,Oil,Commodities,2019,9,2019-09,1.07,15.78,102.64,89.76,89.76,90.72,UP
USO,Oil,Commodities,2019,10,2019-10,0.98,6.22,94.64,87.12,89.52,90.4,UP
USO,Oil,Commodities,2019,11,2019-11,-0.6,8.35,97.6,92.56,93.52,92.96,DOWN
USO,Oil,Commodities,2019,12,2019-12,9.77,4.33,103.28,93.36,93.36,102.48,UP
USO,Oil,Commodities,2020,1,2020-01,-15.38,7.08,105.44,86.72,102.48,86.72,DOWN
USO,Oil,Commodities,2020,2,2020-02,-9.91,9.95,90.24,75.6,83.92,75.6,DOWN
USO,Oil,Commodities,2020,3,2020-03,-57.56,40.38,79.36,33.68,79.36,33.68,DOWN
USO,Oil,Commodities,2020,4,2020-04,-45.43,44.41,47.2,17.04,35.04,19.12,DOWN
USO,Oil,Commodities,2020,5,2020-05,37.22,17.63,26.6,18.86,18.86,25.88,UP
USO,Oil,Commodities,2020,6,2020-06,7.02,12.9,28.98,26.22,26.22,28.06,UP
USO,Oil,Commodities,2020,7,2020-07,2.54,6.14,29.75,28.35,28.35,29.07,UP
USO,Oil,Commodities,2020,8,2020-08,4.23,4.9,30.93,29.34,29.34,30.58,UP
USO,Oil,Commodities,2020,9,2020-09,-7.58,11.42,30.61,26.75,30.61,28.29,DOWN
USO,Oil,Commodities,2020,10,2020-10,-8.22,12.06,29.14,25.25,27.51,25.25,DOWN
USO,Oil,Commodities,2020,11,2020-11,17.94,10.14,31.37,26.26,26.26,30.97,UP
USO,Oil,Commodities,2020,12,2020-12,7.81,5.39,33.48,30.62,30.62,33.01,UP
USO,Oil,Commodities,2021,1,2021-01,8.65,7.61,36.24,32.38,32.38,35.18,UP
USO,Oil,Commodities,2021,2,2021-02,14.37,7.54,42.5,36.12,36.12,41.31,UP
USO,Oil,Commodities,2021,3,2021-03,-0.17,14.56,44.6,39.37,40.6,40.53,FLAT
USO,Oil,Commodities,2021,4,2021-04,3.42,8.08,44.26,40.28,41.84,43.27,UP
USO,Oil,Commodities,2021,5,2021-05,3.27,8.03,45.55,42.48,43.98,45.42,UP
USO,Oil,Commodities,2021,6,2021-06,7.66,4.15,50.25,46.33,46.33,49.88,UP
USO,Oil,Commodities,2021,7,2021-07,0.08,10.3,51.15,45.84,50.62,50.66,FLAT
USO,Oil,Commodities,2021,8,2021-08,-2.32,10.13,49.18,43.43,49.18,48.04,DOWN
USO,Oil,Commodities,2021,9,2021-09,9.66,6.23,52.91,47.75,47.93,52.56,UP
USO,Oil,Commodities,2021,10,2021-10,7.3,6.27,58.45,53.26,53.26,57.15,UP
USO,Oil,Commodities,2021,11,2021-11,-16.72,14.4,57.97,47.91,57.53,47.91,DOWN
USO,Oil,Commodities,2021,12,2021-12,15.56,9.25,55.1,47.04,47.04,54.36,UP
USO,Oil,Commodities,2022,1,2022-01,13.95,6.07,62.48,54.83,54.83,62.48,UP
USO,Oil,Commodities,2022,2,2022-02,7.92,6.76,67.48,62.52,62.53,67.48,UP
USO,Oil,Commodities,2022,3,2022-03,3.2,23.25,85.43,68.28,71.82,74.12,UP
USO,Oil,Commodities,2022,4,2022-04,4.03,11.3,80.41,72.3,74.17,77.16,UP
USO,Oil,Commodities,2022,5,2022-05,9.05,12.16,85.47,74.53,78.38,85.47,UP
USO,Oil,Commodities,2022,6,2022-06,-6.07,10.5,91.99,78.98,85.54,80.35,DOWN
USO,Oil,Commodities,2022,7,2022-07,-4.43,14.87,81.67,72.81,81.67,78.05,DOWN
USO,Oil,Commodities,2022,8,2022-08,-2.69,11.14,78.69,71.24,75.13,73.11,DOWN
USO,Oil,Commodities,2022,9,2022-09,-7.99,12.16,72.73,63.2,70.95,65.28,DOWN
USO,Oil,Commodities,2022,10,2022-10,5.36,9.84,75.1,67.89,67.89,71.53,UP
USO,Oil,Commodities,2022,11,2022-11,-3.95,11.08,76.82,66.88,73.12,70.23,DOWN
USO,Oil,Commodities,2022,12,2022-12,-0.48,9.12,70.45,62.71,70.45,70.11,FLAT
USO,Oil,Commodities,2023,1,2023-01,2.48,9.4,71.55,64.3,67.64,69.32,UP
USO,Oil,Commodities,2023,2,2023-02,-0.22,8.95,69.87,64.4,67.36,67.21,FLAT
USO,Oil,Commodities,2023,3,2023-03,-2.39,10.66,70.49,58.66,68.07,66.44,DOWN
USO,Oil,Commodities,2023,4,2023-04,-3.94,9.76,72.43,65.36,70.27,67.5,DOWN
USO,Oil,Commodities,2023,5,2023-05,-8.9,10.86,66.55,60.31,66.55,60.63,DOWN
USO,Oil,Commodities,2023,6,2023-06,1.6,9.64,65.04,60.24,62.55,63.55,UP
USO,Oil,Commodities,2023,7,2023-07,15.43,6.12,73.17,63.39,63.39,73.17,UP
USO,Oil,Commodities,2023,8,2023-08,2.88,5.43,75.1,71.36,72.96,75.06,UP
USO,Oil,Commodities,2023,9,2023-09,5.12,5.3,82.9,76.92,76.92,80.86,UP
USO,Oil,Commodities,2023,10,2023-10,-5.5,10.91,81.68,73.99,79.39,75.02,DOWN
USO,Oil,Commodities,2023,11,2023-11,-6.17,10.33,76.18,68.05,74.75,70.14,DOWN
USO,Oil,Commodities,2023,12,2023-12,-3.74,8.99,70.21,64.25,69.24,66.65,DOWN
USO,Oil,Commodities,2024,1,2024-01,7.83,8.29,73.1,65.77,65.77,70.92,UP
USO,Oil,Commodities,2024,2,2024-02,6.21,6.85,73.85,67.51,69.07,73.36,UP
USO,Oil,Commodities,2024,3,2024-03,5.03,5.58,78.73,73.35,74.96,78.73,UP
USO,Oil,Commodities,2024,4,2024-04,-1.62,4.96,82.4,78.38,79.67,78.38,DOWN
USO,Oil,Commodities,2024,5,2024-05,-1.46,6.16,77.66,74.45,75.93,74.82,DOWN
USO,Oil,Commodities,2024,6,2024-06,10.8,7.25,79.92,71.09,71.83,79.59,UP
USO,Oil,Commodities,2024,7,2024-07,-4.66,7.03,81.54,74.46,81.54,77.74,DOWN
USO,Oil,Commodities,2024,8,2024-08,-2.56,9.6,78.63,72.45,76.29,74.34,DOWN
USO,Oil,Commodities,2024,9,2024-09,-1.65,9.7,73.29,66.96,71.09,69.92,DOWN
USO,Oil,Commodities,2024,10,2024-10,1.35,11.79,79.2,69.66,72.11,73.08,UP
USO,Oil,Commodities,2024,11,2024-11,-0.57,7.86,74.73,69.75,72.02,71.61,DOWN
USO,Oil,Commodities,2024,12,2024-12,6.35,5.65,75.55,70.24,71.04,75.55,UP
USO,Oil,Commodities,2025,1,2025-01,1.42,8.02,84.34,76.93,76.93,78.02,UP
USO,Oil,Commodities,2025,2,2025-02,-3.34,6.74,78.27,73.85,77.82,75.22,DOWN
USO,Oil,Commodities,2025,3,2025-03,5.47,6.85,77.33,70.89,73.32,77.33,UP
USO,Oil,Commodities,2025,4,2025-04,-17.54,14.3,77.74,63.34,77.08,63.56,DOWN
USO,Oil,Commodities,2025,5,2025-05,4.08,7.96,69.59,62.37,64.52,67.15,UP
USO,Oil,Commodities,2025,6,2025-06,5.12,14.73,83.12,69.34,69.55,73.11,UP
USO,Oil,Commodities,2025,7,2025-07,7.66,7.38,81.04,73.93,73.93,79.59,UP
USO,Oil,Commodities,2025,8,2025-08,-3.38,6.06,77.46,72.3,77.46,74.84,DOWN
USO,Oil,Commodities,2025,9,2025-09,-3.92,7.65,77.02,72.63,76.76,73.75,DOWN
USO,Oil,Commodities,2025,10,2025-10,-0.79,8.22,73.53,67.81,73.14,72.56,DOWN
USO,Oil,Commodities,2025,11,2025-11,-2.3,7.3,72.74,69.25,72.74,71.07,DOWN
USO,Oil,Commodities,2025,12,2025-12,-2.67,6.9,71.92,66.17,71.06,69.16,DOWN
USO,Oil,Commodities,2026,1,2026-01,15.31,8.8,79.52,67.79,68.96,79.52,UP
USO,Oil,Commodities,2026,2,2026-02,8.79,10.21,81.95,75.33,75.33,81.95,UP
USO,Oil,Commodities,2026,3,2026-03,24.75,19.92,108.77,87.19,87.19,108.77,UP
