ticker,ticker_name,group,regime,start_date,end_date,duration_days,start_price,end_price,period_return_pct,year
SPY,S&P 500,US,BULLISH,2015-02-11,2015-02-17,4,171.84,174.48,1.54,2015
SPY,S&P 500,US,BEARISH,2015-08-21,2015-09-03,10,165.81,163.9,-1.15,2015
SPY,S&P 500,US,BEARISH,2015-09-28,2015-10-01,4,158.4,161.87,2.19,2015
SPY,S&P 500,US,BULLISH,2015-10-07,2015-10-16,8,168.01,171.26,1.94,2015
SPY,S&P 500,US,BULLISH,2015-10-27,2015-10-29,3,174.07,175.94,1.08,2015
SPY,S&P 500,US,BULLISH,2015-11-02,2015-11-04,3,177.26,177.23,-0.01,2015
SPY,S&P 500,US,BEARISH,2016-01-07,2016-01-21,10,164.46,158.23,-3.79,2016
SPY,S&P 500,US,BULLISH,2016-02-22,2016-03-04,10,165.08,169.87,2.9,2016
SPY,S&P 500,US,BULLISH,2016-07-11,2016-07-21,9,182.74,185.2,1.34,2016
SPY,S&P 500,US,BULLISH,2016-11-15,2016-11-22,6,187.87,189.85,1.05,2016
SPY,S&P 500,US,BULLISH,2017-02-21,2017-02-23,3,204.74,204.7,-0.02,2017
SPY,S&P 500,US,BULLISH,2018-01-11,2018-01-26,11,243.7,252.93,3.79,2018
SPY,S&P 500,US,BEARISH,2018-02-05,2018-02-15,9,232.94,240.97,3.45,2018
SPY,S&P 500,US,BULLISH,2018-02-23,2018-02-27,3,242.45,242.2,-0.1,2018
SPY,S&P 500,US,BEARISH,2018-03-22,2018-04-03,8,233.64,231.07,-1.1,2018
SPY,S&P 500,US,BEARISH,2018-10-10,2018-10-24,11,248.83,237.23,-4.66,2018
SPY,S&P 500,US,BEARISH,2018-10-26,2018-10-31,4,237.23,241.97,2.0,2018
SPY,S&P 500,US,BULLISH,2018-11-07,2018-11-12,4,251.25,243.71,-3.0,2018
SPY,S&P 500,US,BEARISH,2018-11-20,2018-11-26,4,236.15,239.18,1.28,2018
SPY,S&P 500,US,BEARISH,2018-12-13,2018-12-31,12,237.27,224.76,-5.27,2018
SPY,S&P 500,US,BULLISH,2019-01-07,2019-01-22,11,228.77,236.4,3.33,2019
SPY,S&P 500,US,BULLISH,2019-02-22,2019-02-26,3,251.04,251.2,0.06,2019
SPY,S&P 500,US,BULLISH,2019-06-11,2019-06-20,8,260.96,267.25,2.41,2019
SPY,S&P 500,US,BEARISH,2019-08-05,2019-08-07,3,257.62,261.39,1.46,2019
SPY,S&P 500,US,BULLISH,2019-09-09,2019-09-12,4,270.67,273.48,1.04,2019
SPY,S&P 500,US,BEARISH,2020-02-25,2020-03-25,22,286.5,227.48,-20.6,2020
SPY,S&P 500,US,BULLISH,2020-04-01,2020-04-22,15,226.89,257.26,13.39,2020
SPY,S&P 500,US,BULLISH,2020-05-27,2020-06-10,11,279.78,294.04,5.1,2020
SPY,S&P 500,US,BULLISH,2020-07-09,2020-07-17,7,291.06,297.85,2.33,2020
SPY,S&P 500,US,BULLISH,2020-08-06,2020-08-14,7,309.53,311.85,0.75,2020
SPY,S&P 500,US,BULLISH,2020-08-25,2020-09-02,7,318.59,331.16,3.95,2020
SPY,S&P 500,US,BEARISH,2020-09-10,2020-09-14,3,309.12,313.35,1.37,2020
SPY,S&P 500,US,BEARISH,2020-09-16,2020-09-21,4,313.68,303.92,-3.11,2020
SPY,S&P 500,US,BULLISH,2020-10-07,2020-10-16,8,316.74,322.81,1.92,2020
SPY,S&P 500,US,BEARISH,2020-10-26,2020-11-02,6,315.47,306.93,-2.71,2020
SPY,S&P 500,US,BULLISH,2020-11-09,2020-11-18,8,329.57,331.17,0.49,2020
SPY,S&P 500,US,BULLISH,2020-12-04,2020-12-08,3,343.78,344.08,0.09,2020
SPY,S&P 500,US,BULLISH,2021-02-10,2021-02-16,4,364.13,366.2,0.57,2021
SPY,S&P 500,US,BULLISH,2021-04-05,2021-04-16,10,380.57,390.78,2.68,2021
SPY,S&P 500,US,BULLISH,2021-10-18,2021-10-29,10,421.52,432.89,2.7,2021
SPY,S&P 500,US,BEARISH,2022-01-18,2022-01-31,10,431.8,425.58,-1.44,2022
SPY,S&P 500,US,BULLISH,2022-02-08,2022-02-10,3,426.55,425.02,-0.36,2022
SPY,S&P 500,US,BEARISH,2022-02-18,2022-02-24,4,410.75,405.14,-1.37,2022
SPY,S&P 500,US,BULLISH,2022-03-18,2022-03-30,9,421.79,435.24,3.19,2022
SPY,S&P 500,US,BEARISH,2022-04-11,2022-04-18,5,417.42,415.57,-0.44,2022
SPY,S&P 500,US,BEARISH,2022-04-22,2022-05-12,15,404.25,372.27,-7.91,2022
SPY,S&P 500,US,BEARISH,2022-05-18,2022-05-20,3,371.82,369.7,-0.57,2022
SPY,S&P 500,US,BULLISH,2022-05-26,2022-05-31,3,384.58,391.81,1.88,2022
SPY,S&P 500,US,BULLISH,2022-06-02,2022-06-08,5,396.04,390.19,-1.48,2022
SPY,S&P 500,US,BEARISH,2022-06-10,2022-06-23,9,369.86,360.27,-2.59,2022
SPY,S&P 500,US,BULLISH,2022-07-27,2022-08-16,15,382.17,409.49,7.15,2022
SPY,S&P 500,US,BEARISH,2022-08-26,2022-09-09,10,386.24,387.47,0.32,2022
SPY,S&P 500,US,BEARISH,2022-09-21,2022-10-03,9,361.11,350.8,-2.86,2022
SPY,S&P 500,US,BULLISH,2022-10-21,2022-11-01,8,358.15,367.94,2.73,2022
SPY,S&P 500,US,BULLISH,2022-11-15,2022-11-23,7,381.3,385.06,0.99,2022
SPY,S&P 500,US,BEARISH,2022-12-15,2022-12-19,3,372.83,365.3,-2.02,2022
SPY,S&P 500,US,BEARISH,2022-12-27,2022-12-29,3,366.63,368.59,0.53,2022
SPY,S&P 500,US,BULLISH,2023-01-11,2023-01-17,4,380.2,382.36,0.57,2023
SPY,S&P 500,US,BULLISH,2023-01-20,2023-01-24,3,380.55,384.7,1.09,2023
SPY,S&P 500,US,BULLISH,2023-02-01,2023-02-03,3,394.89,396.38,0.38,2023
SPY,S&P 500,US,BEARISH,2023-02-28,2023-03-02,3,380.91,382.4,0.39,2023
SPY,S&P 500,US,BULLISH,2023-04-05,2023-04-13,6,393.31,398.97,1.44,2023
SPY,S&P 500,US,BULLISH,2023-06-07,2023-06-16,8,411.59,425.63,3.41,2023
SPY,S&P 500,US,BEARISH,2023-09-22,2023-10-04,9,418.34,412.74,-1.34,2023
SPY,S&P 500,US,BEARISH,2023-10-25,2023-10-31,5,405.83,406.46,0.16,2023
SPY,S&P 500,US,BULLISH,2023-11-03,2023-11-28,17,422.49,442.16,4.66,2023
SPY,S&P 500,US,BULLISH,2023-12-18,2023-12-27,7,460.58,465.01,0.96,2023
SPY,S&P 500,US,BULLISH,2024-05-14,2024-05-17,4,512.26,518.28,1.18,2024
SPY,S&P 500,US,BEARISH,2024-08-05,2024-08-07,3,508.1,509.36,0.25,2024
SPY,S&P 500,US,BULLISH,2024-08-16,2024-08-27,8,544.37,551.49,1.31,2024
SPY,S&P 500,US,BULLISH,2024-09-19,2024-09-25,5,560.74,561.53,0.14,2024
SPY,S&P 500,US,BULLISH,2025-01-23,2025-01-29,5,602.67,594.82,-1.3,2025
SPY,S&P 500,US,BEARISH,2025-03-03,2025-03-14,10,576.99,556.28,-3.59,2025
SPY,S&P 500,US,BEARISH,2025-04-03,2025-04-16,10,532.07,521.12,-2.06,2025
SPY,S&P 500,US,BULLISH,2025-04-30,2025-05-08,7,549.75,560.18,1.9,2025
SPY,S&P 500,US,BULLISH,2025-05-12,2025-05-22,9,577.96,578.06,0.02,2025
SPY,S&P 500,US,BULLISH,2025-07-02,2025-07-08,4,616.91,616.8,-0.02,2025
SPY,S&P 500,US,BULLISH,2025-10-24,2025-10-29,4,675.25,685.36,1.5,2025
SPY,S&P 500,US,BULLISH,2025-12-03,2025-12-08,4,681.88,681.62,-0.04,2025
QQQ,Nasdaq-100,US,BULLISH,2015-02-11,2015-02-26,11,96.48,100.25,3.91,2015
QQQ,Nasdaq-100,US,BULLISH,2015-07-14,2015-07-24,9,101.99,102.77,0.76,2015
QQQ,Nasdaq-100,US,BEARISH,2015-08-20,2015-09-03,11,99.05,95.64,-3.45,2015
QQQ,Nasdaq-100,US,BEARISH,2015-09-28,2015-10-01,4,92.72,94.78,2.23,2015
QQQ,Nasdaq-100,US,BULLISH,2015-10-09,2015-10-20,8,98.78,100.31,1.55,2015
QQQ,Nasdaq-100,US,BULLISH,2015-10-22,2015-11-05,11,101.73,106.37,4.56,2015
QQQ,Nasdaq-100,US,BEARISH,2016-01-07,2016-01-21,10,97.54,93.8,-3.83,2016
QQQ,Nasdaq-100,US,BEARISH,2016-02-05,2016-02-16,7,91.26,93.22,2.15,2016
QQQ,Nasdaq-100,US,BULLISH,2016-02-22,2016-03-04,10,96.06,98.28,2.31,2016
QQQ,Nasdaq-100,US,BEARISH,2016-04-27,2016-05-06,8,100.36,98.49,-1.86,2016
QQQ,Nasdaq-100,US,BULLISH,2016-05-26,2016-06-07,8,102.2,102.78,0.57,2016
QQQ,Nasdaq-100,US,BEARISH,2016-06-24,2016-06-28,3,97.55,97.71,0.16,2016
QQQ,Nasdaq-100,US,BULLISH,2016-07-11,2016-07-22,10,103.76,106.3,2.45,2016
QQQ,Nasdaq-100,US,BULLISH,2016-12-15,2016-12-20,4,112.9,113.37,0.42,2016
QQQ,Nasdaq-100,US,BULLISH,2017-02-14,2017-02-22,6,120.88,122.73,1.53,2017
QQQ,Nasdaq-100,US,BULLISH,2017-04-27,2017-05-05,7,127.93,129.62,1.32,2017
QQQ,Nasdaq-100,US,BULLISH,2017-06-01,2017-06-05,3,133.67,135.17,1.12,2017
QQQ,Nasdaq-100,US,BULLISH,2017-07-14,2017-07-25,8,134.3,136.46,1.6,2017
QQQ,Nasdaq-100,US,BULLISH,2017-11-03,2017-11-09,5,145.15,145.55,0.27,2017
QQQ,Nasdaq-100,US,BULLISH,2018-01-08,2018-01-29,15,154.26,161.43,4.64,2018
QQQ,Nasdaq-100,US,BEARISH,2018-02-05,2018-02-14,8,150.06,154.39,2.88,2018
QQQ,Nasdaq-100,US,BULLISH,2018-02-23,2018-02-28,4,159.6,158.69,-0.57,2018
QQQ,Nasdaq-100,US,BEARISH,2018-03-22,2018-04-06,11,154.75,148.89,-3.79,2018
QQQ,Nasdaq-100,US,BULLISH,2018-04-16,2018-04-18,3,154.56,158.21,2.36,2018
QQQ,Nasdaq-100,US,BULLISH,2018-05-08,2018-05-17,8,157.86,160.01,1.36,2018
QQQ,Nasdaq-100,US,BULLISH,2018-06-04,2018-06-06,3,165.68,167.17,0.9,2018
QQQ,Nasdaq-100,US,BULLISH,2018-06-11,2018-06-14,4,166.26,168.82,1.54,2018
QQQ,Nasdaq-100,US,BULLISH,2018-07-12,2018-07-19,6,170.95,170.54,-0.24,2018
QQQ,Nasdaq-100,US,BULLISH,2018-08-29,2018-09-04,4,177.89,177.04,-0.48,2018
QQQ,Nasdaq-100,US,BEARISH,2018-10-10,2018-10-19,8,163.88,165.12,0.75,2018
QQQ,Nasdaq-100,US,BEARISH,2018-10-26,2018-10-31,4,159.05,162.06,1.9,2018
QQQ,Nasdaq-100,US,BEARISH,2018-11-19,2018-11-26,5,154.66,155.45,0.51,2018
QQQ,Nasdaq-100,US,BEARISH,2018-12-14,2018-12-31,11,153.72,147.63,-3.96,2018
QQQ,Nasdaq-100,US,BULLISH,2019-01-07,2019-01-18,10,151.3,158.15,4.53,2019
QQQ,Nasdaq-100,US,BULLISH,2019-02-05,2019-02-07,3,163.68,161.0,-1.64,2019
QQQ,Nasdaq-100,US,BULLISH,2019-02-11,2019-02-13,3,161.17,163.66,1.55,2019
QQQ,Nasdaq-100,US,BULLISH,2019-03-20,2019-03-22,3,172.35,171.2,-0.67,2019
QQQ,Nasdaq-100,US,BULLISH,2019-04-05,2019-04-12,6,177.05,178.17,0.63,2019
QQQ,Nasdaq-100,US,BEARISH,2019-05-13,2019-05-15,3,171.22,175.54,2.53,2019
QQQ,Nasdaq-100,US,BEARISH,2019-05-30,2019-06-03,3,169.49,163.11,-3.76,2019
QQQ,Nasdaq-100,US,BULLISH,2019-06-11,2019-06-21,9,175.84,180.8,2.82,2019
QQQ,Nasdaq-100,US,BULLISH,2019-07-10,2019-07-15,4,185.03,186.56,0.83,2019
QQQ,Nasdaq-100,US,BEARISH,2019-08-05,2019-08-07,3,173.67,177.05,1.95,2019
QQQ,Nasdaq-100,US,BULLISH,2019-09-09,2019-09-12,4,183.72,185.68,1.07,2019
QQQ,Nasdaq-100,US,BULLISH,2019-10-15,2019-10-17,3,186.33,186.36,0.02,2019
QQQ,Nasdaq-100,US,BULLISH,2019-11-01,2019-11-07,5,191.48,192.98,0.78,2019
QQQ,Nasdaq-100,US,BULLISH,2019-12-16,2019-12-27,9,201.49,206.12,2.3,2019
QQQ,Nasdaq-100,US,BULLISH,2020-01-13,2020-01-15,3,213.2,212.45,-0.35,2020
QQQ,Nasdaq-100,US,BULLISH,2020-01-17,2020-01-23,4,215.55,216.71,0.54,2020
QQQ,Nasdaq-100,US,BULLISH,2020-02-10,2020-02-19,7,223.84,228.67,2.16,2020
QQQ,Nasdaq-100,US,BEARISH,2020-02-24,2020-03-25,23,213.63,176.28,-17.48,2020
QQQ,Nasdaq-100,US,BULLISH,2020-03-30,2020-04-27,20,185.7,208.44,12.25,2020
QQQ,Nasdaq-100,US,BULLISH,2020-05-05,2020-05-12,6,210.48,214.79,2.05,2020
QQQ,Nasdaq-100,US,BULLISH,2020-05-15,2020-05-21,5,215.9,221.32,2.51,2020
QQQ,Nasdaq-100,US,BULLISH,2020-05-27,2020-06-03,6,222.69,228.88,2.78,2020
QQQ,Nasdaq-100,US,BULLISH,2020-06-05,2020-06-10,4,231.78,238.09,2.72,2020
QQQ,Nasdaq-100,US,BULLISH,2020-07-02,2020-07-16,10,244.29,251.0,2.75,2020
QQQ,Nasdaq-100,US,BULLISH,2020-08-06,2020-08-13,6,266.04,263.94,-0.79,2020
QQQ,Nasdaq-100,US,BULLISH,2020-08-21,2020-09-02,9,273.04,293.28,7.41,2020
QQQ,Nasdaq-100,US,BEARISH,2020-09-10,2020-09-21,8,263.81,259.13,-1.77,2020
QQQ,Nasdaq-100,US,BULLISH,2020-10-07,2020-10-14,6,271.15,282.91,4.34,2020
QQQ,Nasdaq-100,US,BEARISH,2020-10-26,2020-11-03,7,271.68,266.05,-2.08,2020
QQQ,Nasdaq-100,US,BULLISH,2020-11-11,2020-11-17,5,280.68,283.11,0.87,2020
QQQ,Nasdaq-100,US,BULLISH,2020-12-01,2020-12-08,6,293.95,298.63,1.59,2020
QQQ,Nasdaq-100,US,BULLISH,2021-01-20,2021-01-22,3,314.2,315.8,0.51,2021
QQQ,Nasdaq-100,US,BULLISH,2021-02-10,2021-02-16,4,322.91,325.62,0.84,2021
QQQ,Nasdaq-100,US,BEARISH,2021-02-25,2021-03-10,10,303.58,301.69,-0.62,2021
QQQ,Nasdaq-100,US,BULLISH,2021-04-01,2021-04-16,11,315.37,332.32,5.37,2021
QQQ,Nasdaq-100,US,BEARISH,2021-05-10,2021-05-17,6,316.53,315.21,-0.41,2021
QQQ,Nasdaq-100,US,BULLISH,2021-07-02,2021-07-12,6,348.88,352.56,1.05,2021
QQQ,Nasdaq-100,US,BULLISH,2021-08-30,2021-09-03,5,369.91,371.18,0.34,2021
QQQ,Nasdaq-100,US,BEARISH,2021-09-28,2021-10-04,5,350.46,343.4,-2.01,2021
QQQ,Nasdaq-100,US,BULLISH,2021-10-18,2021-11-09,17,362.91,384.99,6.08,2021
QQQ,Nasdaq-100,US,BEARISH,2022-01-07,2022-01-31,16,370.4,354.01,-4.43,2022
QQQ,Nasdaq-100,US,BULLISH,2022-02-08,2022-02-10,3,350.18,349.51,-0.19,2022
QQQ,Nasdaq-100,US,BEARISH,2022-02-18,2022-02-25,5,333.01,337.16,1.25,2022
QQQ,Nasdaq-100,US,BEARISH,2022-03-11,2022-03-15,3,316.32,319.98,1.16,2022
QQQ,Nasdaq-100,US,BULLISH,2022-03-18,2022-04-04,12,342.74,360.55,5.2,2022
QQQ,Nasdaq-100,US,BEARISH,2022-04-11,2022-05-20,29,332.81,281.84,-15.32,2022
QQQ,Nasdaq-100,US,BULLISH,2022-06-02,2022-06-08,5,306.93,300.35,-2.14,2022
QQQ,Nasdaq-100,US,BEARISH,2022-06-10,2022-06-23,9,282.0,278.64,-1.19,2022
QQQ,Nasdaq-100,US,BULLISH,2022-07-19,2022-07-21,3,291.79,300.67,3.04,2022
QQQ,Nasdaq-100,US,BULLISH,2022-07-27,2022-08-16,15,300.12,325.03,8.3,2022
QQQ,Nasdaq-100,US,BEARISH,2022-08-26,2022-09-09,10,300.73,300.39,-0.11,2022
QQQ,Nasdaq-100,US,BEARISH,2022-09-21,2022-10-03,9,277.87,268.04,-3.54,2022
QQQ,Nasdaq-100,US,BEARISH,2022-10-18,2022-10-20,3,266.04,263.71,-0.87,2022
QQQ,Nasdaq-100,US,BULLISH,2022-10-24,2022-10-26,3,272.87,272.36,-0.19,2022
QQQ,Nasdaq-100,US,BEARISH,2022-11-03,2022-11-09,5,255.27,258.04,1.09,2022
QQQ,Nasdaq-100,US,BULLISH,2022-11-15,2022-11-23,7,283.59,283.03,-0.2,2022
QQQ,Nasdaq-100,US,BEARISH,2022-12-15,2022-12-20,4,271.34,264.77,-2.42,2022
QQQ,Nasdaq-100,US,BEARISH,2022-12-22,2023-01-03,7,262.04,259.8,-0.85,2022
QQQ,Nasdaq-100,US,BULLISH,2023-01-11,2023-02-08,20,272.63,298.98,9.66,2023
QQQ,Nasdaq-100,US,BEARISH,2023-02-28,2023-03-02,3,288.36,288.41,0.02,2023
QQQ,Nasdaq-100,US,BULLISH,2023-03-23,2023-04-03,8,304.74,314.97,3.36,2023
QQQ,Nasdaq-100,US,BULLISH,2023-05-17,2023-05-23,5,325.76,327.96,0.68,2023
QQQ,Nasdaq-100,US,BULLISH,2023-05-25,2023-06-20,17,334.22,361.46,8.15,2023
QQQ,Nasdaq-100,US,BULLISH,2023-07-13,2023-07-19,5,373.52,379.93,1.71,2023
QQQ,Nasdaq-100,US,BEARISH,2023-08-11,2023-08-21,7,360.8,358.5,-0.64,2023
QQQ,Nasdaq-100,US,BULLISH,2023-08-30,2023-09-06,5,371.27,369.18,-0.56,2023
QQQ,Nasdaq-100,US,BEARISH,2023-09-21,2023-09-29,7,353.06,353.46,0.11,2023
QQQ,Nasdaq-100,US,BULLISH,2023-10-10,2023-10-12,3,363.65,364.97,0.36,2023
QQQ,Nasdaq-100,US,BEARISH,2023-10-25,2023-10-31,5,345.64,346.16,0.15,2023
QQQ,Nasdaq-100,US,BULLISH,2023-11-03,2023-11-24,15,362.78,384.29,5.93,2023
QQQ,Nasdaq-100,US,BULLISH,2023-12-13,2023-12-27,10,398.32,407.0,2.18,2023
QQQ,Nasdaq-100,US,BULLISH,2024-01-18,2024-01-30,9,408.48,420.65,2.98,2024
QQQ,Nasdaq-100,US,BEARISH,2024-04-19,2024-04-23,3,410.66,420.98,2.51,2024
QQQ,Nasdaq-100,US,BULLISH,2024-05-03,2024-05-09,5,431.29,436.78,1.27,2024
QQQ,Nasdaq-100,US,BULLISH,2024-05-14,2024-05-22,7,441.64,451.33,2.19,2024
QQQ,Nasdaq-100,US,BULLISH,2024-06-12,2024-06-21,7,469.59,475.56,1.27,2024
QQQ,Nasdaq-100,US,BULLISH,2024-07-05,2024-07-10,4,492.17,498.92,1.37,2024
QQQ,Nasdaq-100,US,BEARISH,2024-07-19,2024-07-30,8,471.42,453.85,-3.73,2024
QQQ,Nasdaq-100,US,BEARISH,2024-08-01,2024-08-07,5,455.96,431.27,-5.41,2024
QQQ,Nasdaq-100,US,BULLISH,2024-08-15,2024-08-27,9,470.6,472.93,0.49,2024
QQQ,Nasdaq-100,US,BEARISH,2024-09-03,2024-09-10,6,458.1,454.97,-0.68,2024
QQQ,Nasdaq-100,US,BULLISH,2024-09-19,2024-09-26,6,479.47,486.22,1.41,2024
QQQ,Nasdaq-100,US,BULLISH,2024-11-06,2024-11-11,4,502.22,510.42,1.63,2024
QQQ,Nasdaq-100,US,BULLISH,2024-12-02,2024-12-09,6,511.86,518.91,1.38,2024
QQQ,Nasdaq-100,US,BULLISH,2024-12-11,2024-12-17,5,526.4,532.24,1.11,2024
QQQ,Nasdaq-100,US,BEARISH,2025-01-10,2025-01-14,3,504.63,502.53,-0.42,2025
QQQ,Nasdaq-100,US,BEARISH,2025-02-27,2025-03-14,12,497.75,477.24,-4.12,2025
QQQ,Nasdaq-100,US,BEARISH,2025-04-03,2025-04-11,7,449.05,452.78,0.83,2025
QQQ,Nasdaq-100,US,BULLISH,2025-04-25,2025-05-23,21,470.88,507.43,7.76,2025
QQQ,Nasdaq-100,US,BULLISH,2025-07-02,2025-07-09,5,549.45,554.89,0.99,2025
QQQ,Nasdaq-100,US,BULLISH,2025-09-15,2025-09-23,7,590.23,597.43,1.22,2025
QQQ,Nasdaq-100,US,BULLISH,2025-10-24,2025-11-03,7,616.31,631.27,2.43,2025
QQQ,Nasdaq-100,US,BEARISH,2025-11-14,2025-11-21,6,608.08,589.31,-3.09,2025
QQQ,Nasdaq-100,US,BULLISH,2025-12-02,2025-12-10,7,621.2,626.8,0.9,2025
QQQ,Nasdaq-100,US,BEARISH,2026-02-10,2026-02-17,5,611.47,601.3,-1.66,2026
^AXJO,ASX 200,Australia,BULLISH,2015-01-29,2015-02-16,13,5569.5,5888.7,5.73,2015
^AXJO,ASX 200,Australia,BEARISH,2015-05-07,2015-05-12,4,5645.7,5674.7,0.51,2015
^AXJO,ASX 200,Australia,BEARISH,2015-08-12,2015-08-26,11,5382.1,5172.8,-3.89,2015
^AXJO,ASX 200,Australia,BEARISH,2015-09-01,2015-09-04,4,5096.4,5040.6,-1.09,2015
^AXJO,ASX 200,Australia,BEARISH,2015-11-09,2015-11-11,3,5119.5,5122.6,0.06,2015
^AXJO,ASX 200,Australia,BEARISH,2015-12-10,2015-12-16,5,5037.7,5028.4,-0.18,2015
^AXJO,ASX 200,Australia,BULLISH,2015-12-24,2016-01-04,5,5207.6,5270.5,1.21,2015
^AXJO,ASX 200,Australia,BEARISH,2016-01-11,2016-01-20,8,4932.2,4841.5,-1.84,2016
^AXJO,ASX 200,Australia,BEARISH,2016-02-09,2016-02-15,5,4832.1,4843.5,0.24,2016
^AXJO,ASX 200,Australia,BULLISH,2016-03-09,2016-03-15,5,5157.2,5111.4,-0.89,2016
^AXJO,ASX 200,Australia,BEARISH,2016-04-04,2016-04-11,6,4995.3,4931.5,-1.28,2016
^AXJO,ASX 200,Australia,BULLISH,2016-04-19,2016-04-28,7,5188.8,5225.4,0.71,2016
^AXJO,ASX 200,Australia,BEARISH,2016-06-14,2016-06-16,3,5203.3,5146.0,-1.1,2016
^AXJO,ASX 200,Australia,BULLISH,2016-07-11,2016-07-26,12,5337.1,5537.5,3.75,2016
^AXJO,ASX 200,Australia,BEARISH,2016-09-09,2016-09-15,5,5339.2,5239.9,-1.86,2016
^AXJO,ASX 200,Australia,BULLISH,2016-09-26,2016-09-29,4,5431.4,5471.3,0.73,2016
^AXJO,ASX 200,Australia,BEARISH,2016-11-02,2016-11-04,3,5229.0,5180.8,-0.92,2016
^AXJO,ASX 200,Australia,BULLISH,2017-01-03,2017-01-05,3,5733.2,5753.3,0.35,2017
^AXJO,ASX 200,Australia,BULLISH,2017-02-16,2017-02-21,4,5816.3,5791.0,-0.43,2017
^AXJO,ASX 200,Australia,BULLISH,2017-10-17,2017-10-20,4,5889.6,5907.0,0.3,2017
^AXJO,ASX 200,Australia,BULLISH,2018-05-02,2018-05-10,7,6050.2,6118.7,1.13,2018
^AXJO,ASX 200,Australia,BEARISH,2018-10-11,2018-10-26,12,5883.8,5665.2,-3.72,2018
^AXJO,ASX 200,Australia,BULLISH,2018-11-08,2018-11-12,3,5928.2,5941.3,0.22,2018
^AXJO,ASX 200,Australia,BEARISH,2018-11-20,2018-11-26,5,5671.8,5671.6,-0.0,2018
^AXJO,ASX 200,Australia,BULLISH,2019-01-08,2019-01-11,4,5722.4,5774.6,0.91,2019
^AXJO,ASX 200,Australia,BULLISH,2019-01-16,2019-01-21,4,5835.2,5890.4,0.95,2019
^AXJO,ASX 200,Australia,BULLISH,2019-02-12,2019-02-18,5,6079.1,6089.8,0.18,2019
^AXJO,ASX 200,Australia,BULLISH,2019-05-20,2019-05-23,4,6476.1,6491.8,0.24,2019
^AXJO,ASX 200,Australia,BULLISH,2019-06-18,2019-06-24,5,6570.0,6665.4,1.45,2019
^AXJO,ASX 200,Australia,BEARISH,2019-08-06,2019-08-16,9,6478.1,6405.5,-1.12,2019
^AXJO,ASX 200,Australia,BULLISH,2020-01-15,2020-01-23,7,6994.8,7088.0,1.33,2020
^AXJO,ASX 200,Australia,BEARISH,2020-02-26,2020-03-27,23,6708.1,4842.4,-27.81,2020
^AXJO,ASX 200,Australia,BULLISH,2020-04-01,2020-04-21,13,5258.6,5221.3,-0.71,2020
^AXJO,ASX 200,Australia,BULLISH,2020-05-26,2020-06-11,12,5780.0,5960.6,3.12,2020
^AXJO,ASX 200,Australia,BEARISH,2020-09-09,2020-09-11,3,5878.6,5859.4,-0.33,2020
^AXJO,ASX 200,Australia,BULLISH,2020-10-12,2020-10-20,7,6132.0,6184.6,0.86,2020
^AXJO,ASX 200,Australia,BEARISH,2020-10-29,2020-11-02,3,5960.3,5951.3,-0.15,2020
^AXJO,ASX 200,Australia,BULLISH,2020-11-10,2020-11-27,14,6340.5,6601.1,4.11,2020
^AXJO,ASX 200,Australia,BULLISH,2021-02-11,2021-02-15,3,6850.1,6868.9,0.27,2021
^AXJO,ASX 200,Australia,BULLISH,2021-04-14,2021-04-19,4,7023.1,7065.6,0.61,2021
^AXJO,ASX 200,Australia,BULLISH,2021-06-02,2021-06-07,4,7217.8,7281.9,0.89,2021
^AXJO,ASX 200,Australia,BEARISH,2022-01-21,2022-02-04,10,7175.8,7120.2,-0.77,2022
^AXJO,ASX 200,Australia,BULLISH,2022-02-09,2022-02-14,4,7268.3,7243.9,-0.34,2022
^AXJO,ASX 200,Australia,BULLISH,2022-03-21,2022-03-31,9,7278.5,7499.6,3.04,2022
^AXJO,ASX 200,Australia,BEARISH,2022-05-06,2022-05-10,3,7205.6,7051.2,-2.14,2022
^AXJO,ASX 200,Australia,BEARISH,2022-05-12,2022-05-16,3,6941.0,7093.0,2.19,2022
^AXJO,ASX 200,Australia,BEARISH,2022-06-10,2022-06-27,11,6932.0,6706.0,-3.26,2022
^AXJO,ASX 200,Australia,BULLISH,2022-07-26,2022-08-03,7,6807.3,6975.9,2.48,2022
^AXJO,ASX 200,Australia,BULLISH,2022-08-05,2022-08-09,3,7015.6,7029.8,0.2,2022
^AXJO,ASX 200,Australia,BEARISH,2022-09-23,2022-10-03,7,6574.7,6456.9,-1.79,2022
^AXJO,ASX 200,Australia,BULLISH,2022-11-22,2022-11-24,3,7181.3,7241.8,0.84,2022
^AXJO,ASX 200,Australia,BULLISH,2023-01-13,2023-01-25,9,7328.1,7468.3,1.91,2023
^AXJO,ASX 200,Australia,BEARISH,2023-03-16,2023-03-23,6,6965.5,6968.6,0.04,2023
^AXJO,ASX 200,Australia,BULLISH,2023-04-03,2023-04-17,9,7223.0,7381.5,2.19,2023
^AXJO,ASX 200,Australia,BULLISH,2023-07-21,2023-07-26,4,7313.9,7402.0,1.2,2023
^AXJO,ASX 200,Australia,BEARISH,2023-10-25,2023-11-01,6,6854.3,6838.3,-0.23,2023
^AXJO,ASX 200,Australia,BULLISH,2023-12-11,2024-01-02,14,7199.0,7627.8,5.96,2023
^AXJO,ASX 200,Australia,BULLISH,2024-07-15,2024-07-17,3,8017.6,8057.9,0.5,2024
^AXJO,ASX 200,Australia,BEARISH,2024-08-05,2024-08-07,3,7649.6,7699.8,0.66,2024
^AXJO,ASX 200,Australia,BULLISH,2024-08-19,2024-08-27,7,7980.4,8071.2,1.14,2024
^AXJO,ASX 200,Australia,BEARISH,2025-02-26,2025-03-05,6,8240.7,8141.1,-1.21,2025
^AXJO,ASX 200,Australia,BEARISH,2025-03-07,2025-03-19,9,7948.2,7828.3,-1.51,2025
^AXJO,ASX 200,Australia,BEARISH,2025-04-04,2025-04-11,6,7667.8,7646.5,-0.28,2025
^AXJO,ASX 200,Australia,BULLISH,2025-04-23,2025-05-09,12,7920.5,8231.2,3.92,2025
^AXJO,ASX 200,Australia,BEARISH,2025-11-18,2025-11-25,6,8469.1,8537.0,0.8,2025
EWA,Australia ETF,Australia,BULLISH,2015-02-05,2015-02-10,4,14.55,14.43,-0.82,2015
EWA,Australia ETF,Australia,BULLISH,2015-02-12,2015-02-17,3,14.3,14.7,2.77,2015
EWA,Australia ETF,Australia,BULLISH,2015-02-24,2015-02-27,4,14.89,14.89,0.0,2015
EWA,Australia ETF,Australia,BEARISH,2015-03-13,2015-03-17,3,14.24,14.33,0.57,2015
EWA,Australia ETF,Australia,BULLISH,2015-03-20,2015-03-25,4,15.04,14.99,-0.38,2015
EWA,Australia ETF,Australia,BEARISH,2015-05-07,2015-05-12,4,14.26,14.5,1.63,2015
EWA,Australia ETF,Australia,BEARISH,2015-05-28,2015-06-02,4,14.12,14.12,0.0,2015
EWA,Australia ETF,Australia,BEARISH,2015-06-04,2015-06-10,5,13.58,13.81,1.67,2015
EWA,Australia ETF,Australia,BULLISH,2015-06-18,2015-06-23,4,14.02,14.21,1.3,2015
EWA,Australia ETF,Australia,BEARISH,2015-07-06,2015-07-13,6,13.38,13.33,-0.38,2015
EWA,Australia ETF,Australia,BEARISH,2015-08-11,2015-09-04,19,12.84,11.29,-12.04,2015
EWA,Australia ETF,Australia,BEARISH,2015-09-28,2015-10-01,4,11.4,11.63,2.03,2015
EWA,Australia ETF,Australia,BULLISH,2015-10-06,2015-10-19,10,12.15,12.49,2.75,2015
EWA,Australia ETF,Australia,BEARISH,2015-11-05,2015-11-11,5,12.11,11.81,-2.5,2015
EWA,Australia ETF,Australia,BEARISH,2015-11-13,2015-11-17,3,11.66,11.88,1.93,2015
EWA,Australia ETF,Australia,BULLISH,2015-11-20,2015-12-03,9,12.46,12.43,-0.26,2015
EWA,Australia ETF,Australia,BEARISH,2015-12-11,2015-12-18,6,11.65,11.93,2.43,2015
EWA,Australia ETF,Australia,BULLISH,2015-12-23,2016-01-04,7,12.39,12.38,-0.11,2015
EWA,Australia ETF,Australia,BEARISH,2016-01-07,2016-01-21,10,11.34,11.19,-1.34,2016
EWA,Australia ETF,Australia,BULLISH,2016-02-22,2016-02-26,5,11.99,11.45,-4.47,2016
EWA,Australia ETF,Australia,BULLISH,2016-03-01,2016-03-18,14,11.81,13.13,11.15,2016
EWA,Australia ETF,Australia,BEARISH,2016-04-01,2016-04-11,7,12.71,12.32,-3.07,2016
EWA,Australia ETF,Australia,BULLISH,2016-04-15,2016-04-26,8,13.16,13.44,2.11,2016
EWA,Australia ETF,Australia,BEARISH,2016-05-04,2016-05-09,4,12.92,12.82,-0.77,2016
EWA,Australia ETF,Australia,BULLISH,2016-07-11,2016-07-22,10,13.37,13.64,2.06,2016
EWA,Australia ETF,Australia,BEARISH,2016-09-09,2016-09-14,4,13.27,13.05,-1.67,2016
EWA,Australia ETF,Australia,BULLISH,2016-09-27,2016-10-04,6,13.92,13.95,0.19,2016
EWA,Australia ETF,Australia,BEARISH,2016-11-01,2016-11-04,4,13.56,13.36,-1.49,2016
EWA,Australia ETF,Australia,BULLISH,2017-01-04,2017-01-17,9,14.37,14.74,2.54,2017
EWA,Australia ETF,Australia,BULLISH,2017-02-13,2017-02-23,8,15.14,15.42,1.87,2017
EWA,Australia ETF,Australia,BULLISH,2017-07-18,2017-07-27,8,15.67,16.03,2.29,2017
EWA,Australia ETF,Australia,BULLISH,2017-10-18,2017-10-23,4,16.25,16.18,-0.43,2017
EWA,Australia ETF,Australia,BULLISH,2017-12-21,2017-12-27,4,16.49,16.66,1.01,2017
EWA,Australia ETF,Australia,BULLISH,2018-01-02,2018-01-08,5,16.83,17.01,1.07,2018
EWA,Australia ETF,Australia,BEARISH,2018-02-05,2018-02-14,8,16.4,16.59,1.19,2018
EWA,Australia ETF,Australia,BEARISH,2018-03-22,2018-04-03,8,15.99,15.79,-1.22,2018
EWA,Australia ETF,Australia,BEARISH,2018-09-04,2018-09-14,9,16.36,16.08,-1.71,2018
EWA,Australia ETF,Australia,BEARISH,2018-10-04,2018-10-18,11,15.87,15.23,-4.03,2018
EWA,Australia ETF,Australia,BULLISH,2018-11-06,2018-11-12,5,15.56,15.49,-0.47,2018
EWA,Australia ETF,Australia,BEARISH,2018-11-20,2018-11-23,3,14.88,15.14,1.73,2018
EWA,Australia ETF,Australia,BEARISH,2018-12-13,2018-12-24,8,15.0,14.07,-6.17,2018
EWA,Australia ETF,Australia,BULLISH,2019-01-07,2019-01-18,10,15.04,15.72,4.52,2019
EWA,Australia ETF,Australia,BULLISH,2019-02-05,2019-02-07,3,16.1,15.9,-1.19,2019
EWA,Australia ETF,Australia,BULLISH,2019-06-27,2019-07-01,3,17.61,17.54,-0.4,2019
EWA,Australia ETF,Australia,BEARISH,2019-08-05,2019-08-16,10,16.67,16.55,-0.75,2019
EWA,Australia ETF,Australia,BULLISH,2019-09-05,2019-09-17,9,17.2,17.64,2.54,2019
EWA,Australia ETF,Australia,BULLISH,2019-10-21,2019-10-24,4,17.55,17.64,0.53,2019
EWA,Australia ETF,Australia,BULLISH,2020-01-16,2020-01-23,5,18.72,18.64,-0.42,2020
EWA,Australia ETF,Australia,BEARISH,2020-02-24,2020-03-25,23,17.31,11.92,-31.14,2020
EWA,Australia ETF,Australia,BULLISH,2020-04-01,2020-04-20,13,11.94,12.91,8.13,2020
EWA,Australia ETF,Australia,BULLISH,2020-05-26,2020-06-10,12,14.44,16.15,11.84,2020
EWA,Australia ETF,Australia,BULLISH,2020-07-21,2020-07-23,3,16.53,16.27,-1.56,2020
EWA,Australia ETF,Australia,BULLISH,2020-10-07,2020-10-16,8,16.46,16.75,1.77,2020
EWA,Australia ETF,Australia,BEARISH,2020-10-28,2020-11-02,4,15.97,16.05,0.51,2020
EWA,Australia ETF,Australia,BULLISH,2020-11-09,2020-11-27,14,17.82,18.81,5.53,2020
EWA,Australia ETF,Australia,BULLISH,2020-12-02,2020-12-08,5,18.78,19.11,1.76,2020
EWA,Australia ETF,Australia,BULLISH,2020-12-14,2020-12-17,4,19.23,19.77,2.84,2020
EWA,Australia ETF,Australia,BULLISH,2021-01-06,2021-01-08,3,20.11,20.21,0.53,2021
EWA,Australia ETF,Australia,BULLISH,2021-04-07,2021-04-09,3,20.61,20.78,0.83,2021
EWA,Australia ETF,Australia,BULLISH,2021-04-14,2021-04-16,3,20.96,21.38,1.98,2021
EWA,Australia ETF,Australia,BULLISH,2021-06-03,2021-06-08,4,21.93,22.28,1.6,2021
EWA,Australia ETF,Australia,BEARISH,2021-06-28,2021-06-30,3,21.61,21.45,-0.73,2021
EWA,Australia ETF,Australia,BULLISH,2021-09-02,2021-09-07,3,21.79,21.79,0.0,2021
EWA,Australia ETF,Australia,BEARISH,2021-09-17,2021-09-22,4,21.0,20.83,-0.83,2021
EWA,Australia ETF,Australia,BEARISH,2021-09-28,2021-09-30,3,20.42,20.49,0.36,2021
EWA,Australia ETF,Australia,BULLISH,2021-10-12,2021-10-28,13,21.17,22.17,4.72,2021
EWA,Australia ETF,Australia,BEARISH,2021-11-26,2021-12-03,6,20.28,20.07,-1.02,2021
EWA,Australia ETF,Australia,BULLISH,2021-12-28,2021-12-30,3,21.28,21.39,0.47,2021
EWA,Australia ETF,Australia,BEARISH,2022-01-19,2022-02-03,12,20.79,19.69,-5.27,2022
EWA,Australia ETF,Australia,BULLISH,2022-02-09,2022-02-22,9,20.63,20.63,0.0,2022
EWA,Australia ETF,Australia,BULLISH,2022-03-17,2022-04-04,13,21.7,22.99,5.95,2022
EWA,Australia ETF,Australia,BEARISH,2022-04-22,2022-05-16,17,21.63,20.29,-6.21,2022
EWA,Australia ETF,Australia,BULLISH,2022-05-23,2022-05-31,6,20.83,21.11,1.36,2022
EWA,Australia ETF,Australia,BULLISH,2022-06-02,2022-06-06,3,21.68,21.33,-1.58,2022
EWA,Australia ETF,Australia,BEARISH,2022-06-10,2022-06-27,11,19.74,19.02,-3.66,2022
EWA,Australia ETF,Australia,BEARISH,2022-07-11,2022-07-14,4,18.31,18.23,-0.43,2022
EWA,Australia ETF,Australia,BULLISH,2022-07-25,2022-08-04,9,19.43,19.89,2.36,2022
EWA,Australia ETF,Australia,BEARISH,2022-08-30,2022-09-08,7,19.45,19.11,-1.77,2022
EWA,Australia ETF,Australia,BEARISH,2022-09-21,2022-10-03,9,18.32,17.8,-2.84,2022
EWA,Australia ETF,Australia,BULLISH,2022-10-25,2022-11-02,7,18.21,18.2,-0.05,2022
EWA,Australia ETF,Australia,BULLISH,2022-11-04,2022-11-08,3,18.82,18.96,0.75,2022
EWA,Australia ETF,Australia,BULLISH,2022-11-10,2022-11-25,11,19.7,20.53,4.21,2022
EWA,Australia ETF,Australia,BULLISH,2022-11-30,2022-12-02,3,20.9,20.86,-0.21,2022
EWA,Australia ETF,Australia,BULLISH,2023-01-09,2023-01-27,14,20.68,22.42,8.39,2023
EWA,Australia ETF,Australia,BULLISH,2023-01-31,2023-02-02,3,22.35,22.42,0.32,2023
EWA,Australia ETF,Australia,BEARISH,2023-02-15,2023-03-02,11,21.52,20.76,-3.51,2023
EWA,Australia ETF,Australia,BEARISH,2023-03-15,2023-03-20,4,19.63,19.94,1.56,2023
EWA,Australia ETF,Australia,BULLISH,2023-03-29,2023-04-13,11,20.28,21.29,5.01,2023
EWA,Australia ETF,Australia,BULLISH,2023-06-13,2023-06-22,7,20.81,20.8,-0.04,2023
EWA,Australia ETF,Australia,BULLISH,2023-07-19,2023-07-25,5,21.23,21.43,0.91,2023
EWA,Australia ETF,Australia,BEARISH,2023-08-08,2023-08-25,14,20.52,19.71,-3.97,2023
EWA,Australia ETF,Australia,BEARISH,2023-09-28,2023-10-04,5,19.81,19.14,-3.37,2023
EWA,Australia ETF,Australia,BEARISH,2023-10-20,2023-10-25,4,18.89,18.91,0.1,2023
EWA,Australia ETF,Australia,BULLISH,2023-11-08,2023-11-15,6,19.71,20.32,3.11,2023
EWA,Australia ETF,Australia,BULLISH,2023-11-21,2023-11-28,5,20.45,20.61,0.81,2023
EWA,Australia ETF,Australia,BULLISH,2023-12-13,2024-01-02,13,21.63,22.56,4.32,2023
EWA,Australia ETF,Australia,BEARISH,2024-01-10,2024-01-18,6,22.12,21.54,-2.62,2024
EWA,Australia ETF,Australia,BULLISH,2024-03-06,2024-03-08,3,22.77,23.14,1.64,2024
EWA,Australia ETF,Australia,BEARISH,2024-04-12,2024-04-23,8,22.33,22.29,-0.17,2024
EWA,Australia ETF,Australia,BULLISH,2024-05-03,2024-05-10,6,22.57,22.87,1.32,2024
EWA,Australia ETF,Australia,BULLISH,2024-05-14,2024-05-17,4,23.04,23.58,2.35,2024
EWA,Australia ETF,Australia,BULLISH,2024-07-11,2024-07-17,5,24.06,24.2,0.59,2024
EWA,Australia ETF,Australia,BEARISH,2024-07-25,2024-07-30,4,23.17,23.49,1.4,2024
EWA,Australia ETF,Australia,BEARISH,2024-08-02,2024-08-07,4,22.87,22.44,-1.92,2024
EWA,Australia ETF,Australia,BULLISH,2024-08-16,2024-08-30,11,23.76,24.64,3.69,2024
EWA,Australia ETF,Australia,BULLISH,2024-09-19,2024-09-27,7,25.54,25.76,0.86,2024
EWA,Australia ETF,Australia,BEARISH,2024-10-30,2024-11-01,3,24.36,24.24,-0.51,2024
EWA,Australia ETF,Australia,BEARISH,2024-12-12,2024-12-26,10,24.0,23.55,-1.86,2024
EWA,Australia ETF,Australia,BEARISH,2025-02-27,2025-03-04,4,23.31,23.16,-0.62,2025
EWA,Australia ETF,Australia,BEARISH,2025-03-10,2025-03-13,4,22.68,22.29,-1.71,2025
EWA,Australia ETF,Australia,BEARISH,2025-04-04,2025-04-10,5,20.48,21.64,5.67,2025
EWA,Australia ETF,Australia,BULLISH,2025-04-21,2025-05-07,13,22.74,24.1,6.01,2025
EWA,Australia ETF,Australia,BULLISH,2025-06-05,2025-06-12,6,25.53,25.8,1.06,2025
EWA,Australia ETF,Australia,BEARISH,2025-11-13,2025-11-25,9,25.5,25.19,-1.23,2025
EWA,Australia ETF,Australia,BULLISH,2025-12-04,2025-12-11,6,25.85,26.19,1.33,2025
EWA,Australia ETF,Australia,BULLISH,2026-01-22,2026-02-04,10,27.07,28.35,4.73,2026
EWA,Australia ETF,Australia,BULLISH,2026-02-13,2026-02-23,6,29.16,29.45,0.99,2026
GLD,Gold,Commodities,BULLISH,2015-01-16,2015-01-28,8,122.52,123.42,0.73,2015
GLD,Gold,Commodities,BEARISH,2015-02-06,2015-02-11,4,118.64,117.07,-1.32,2015
GLD,Gold,Commodities,BEARISH,2015-02-13,2015-02-20,5,117.98,115.28,-2.29,2015
GLD,Gold,Commodities,BEARISH,2015-03-10,2015-03-17,6,111.42,110.21,-1.09,2015
GLD,Gold,Commodities,BULLISH,2015-03-25,2015-03-27,3,114.73,115.06,0.29,2015
GLD,Gold,Commodities,BEARISH,2015-07-20,2015-07-31,10,105.7,104.93,-0.73,2015
GLD,Gold,Commodities,BULLISH,2015-08-19,2015-08-24,4,108.55,110.53,1.82,2015
GLD,Gold,Commodities,BULLISH,2015-10-13,2015-10-16,4,111.86,112.49,0.56,2015
GLD,Gold,Commodities,BEARISH,2015-11-02,2015-11-18,13,108.59,102.43,-5.67,2015
GLD,Gold,Commodities,BULLISH,2016-01-29,2016-02-19,15,106.95,117.58,9.94,2016
GLD,Gold,Commodities,BULLISH,2016-04-28,2016-05-02,3,121.29,123.24,1.61,2016
GLD,Gold,Commodities,BEARISH,2016-05-24,2016-06-02,7,117.3,115.67,-1.39,2016
GLD,Gold,Commodities,BULLISH,2016-06-09,2016-06-20,8,121.25,123.21,1.62,2016
GLD,Gold,Commodities,BULLISH,2016-06-30,2016-07-08,6,126.47,130.52,3.2,2016
GLD,Gold,Commodities,BEARISH,2016-10-04,2016-10-17,10,120.97,119.68,-1.07,2016
GLD,Gold,Commodities,BEARISH,2016-11-11,2016-11-25,10,117.1,112.61,-3.83,2016
GLD,Gold,Commodities,BEARISH,2016-11-30,2016-12-07,6,111.75,111.83,0.07,2016
GLD,Gold,Commodities,BEARISH,2016-12-20,2016-12-22,3,107.79,107.59,-0.19,2016
GLD,Gold,Commodities,BULLISH,2017-01-05,2017-01-19,10,112.58,114.77,1.95,2017
GLD,Gold,Commodities,BULLISH,2017-02-08,2017-02-10,3,118.19,117.6,-0.5,2017
GLD,Gold,Commodities,BEARISH,2017-03-09,2017-03-14,4,114.47,114.12,-0.31,2017
GLD,Gold,Commodities,BULLISH,2017-03-22,2017-03-28,5,118.83,119.04,0.18,2017
GLD,Gold,Commodities,BEARISH,2017-05-03,2017-05-12,8,117.98,116.83,-0.97,2017
GLD,Gold,Commodities,BULLISH,2017-07-26,2017-07-28,3,119.88,120.69,0.68,2017
GLD,Gold,Commodities,BULLISH,2017-09-01,2017-09-08,5,126.06,127.97,1.52,2017
GLD,Gold,Commodities,BEARISH,2017-12-07,2017-12-12,4,118.49,118.15,-0.29,2017
GLD,Gold,Commodities,BULLISH,2017-12-26,2018-01-09,10,121.77,124.73,2.43,2017
GLD,Gold,Commodities,BULLISH,2019-06-03,2019-06-13,9,125.11,126.6,1.19,2019
GLD,Gold,Commodities,BULLISH,2019-06-20,2019-07-03,10,131.11,133.63,1.92,2019
GLD,Gold,Commodities,BULLISH,2019-08-06,2019-08-16,9,138.91,142.78,2.79,2019
GLD,Gold,Commodities,BULLISH,2020-01-02,2020-01-10,7,143.95,146.91,2.06,2020
GLD,Gold,Commodities,BULLISH,2020-02-19,2020-02-27,7,151.79,154.0,1.46,2020
GLD,Gold,Commodities,BEARISH,2020-03-12,2020-03-23,8,147.79,146.3,-1.01,2020
GLD,Gold,Commodities,BULLISH,2020-03-26,2020-04-06,8,153.24,156.88,2.38,2020
GLD,Gold,Commodities,BULLISH,2020-04-09,2020-04-20,7,158.69,159.7,0.64,2020
GLD,Gold,Commodities,BULLISH,2020-06-19,2020-06-23,3,164.03,166.48,1.49,2020
GLD,Gold,Commodities,BULLISH,2020-07-22,2020-08-10,14,175.63,190.15,8.27,2020
GLD,Gold,Commodities,BEARISH,2020-08-19,2020-08-24,4,182.24,181.0,-0.68,2020
GLD,Gold,Commodities,BEARISH,2020-09-23,2020-09-28,4,174.79,176.7,1.09,2020
GLD,Gold,Commodities,BEARISH,2020-11-24,2020-12-01,5,169.59,170.18,0.35,2020
GLD,Gold,Commodities,BEARISH,2021-01-15,2021-01-20,3,171.13,175.39,2.49,2021
GLD,Gold,Commodities,BEARISH,2021-02-16,2021-02-18,3,168.24,166.32,-1.14,2021
GLD,Gold,Commodities,BEARISH,2021-02-25,2021-03-10,10,165.82,161.66,-2.51,2021
GLD,Gold,Commodities,BULLISH,2021-05-07,2021-05-11,3,171.59,172.14,0.32,2021
GLD,Gold,Commodities,BULLISH,2021-05-14,2021-05-20,5,172.69,175.96,1.89,2021
GLD,Gold,Commodities,BULLISH,2021-05-25,2021-05-28,4,177.95,178.38,0.24,2021
GLD,Gold,Commodities,BEARISH,2021-06-16,2021-06-30,11,171.11,165.63,-3.2,2021
GLD,Gold,Commodities,BEARISH,2021-08-09,2021-08-12,4,161.72,164.04,1.43,2021
GLD,Gold,Commodities,BEARISH,2021-09-16,2021-09-20,3,164.03,164.94,0.55,2021
GLD,Gold,Commodities,BULLISH,2021-11-11,2021-11-18,6,174.12,173.94,-0.1,2021
GLD,Gold,Commodities,BEARISH,2021-11-24,2021-12-06,8,167.12,166.22,-0.54,2021
GLD,Gold,Commodities,BULLISH,2022-02-16,2022-02-25,7,174.86,176.55,0.97,2022
GLD,Gold,Commodities,BULLISH,2022-03-01,2022-03-11,9,181.62,185.09,1.91,2022
GLD,Gold,Commodities,BEARISH,2022-04-27,2022-05-05,7,175.98,175.13,-0.48,2022
GLD,Gold,Commodities,BEARISH,2022-07-05,2022-07-19,11,164.75,159.54,-3.16,2022
GLD,Gold,Commodities,BULLISH,2022-08-08,2022-08-10,3,166.69,166.78,0.05,2022
GLD,Gold,Commodities,BEARISH,2022-09-23,2022-09-27,3,153.01,151.54,-0.96,2022
GLD,Gold,Commodities,BEARISH,2022-10-17,2022-10-20,4,153.42,151.45,-1.28,2022
GLD,Gold,Commodities,BULLISH,2022-11-10,2022-11-21,8,163.48,161.88,-0.98,2022
GLD,Gold,Commodities,BULLISH,2023-01-09,2023-01-25,12,174.1,181.11,4.03,2023
GLD,Gold,Commodities,BEARISH,2023-02-03,2023-02-16,10,173.46,170.75,-1.56,2023
GLD,Gold,Commodities,BULLISH,2023-03-10,2023-03-24,11,173.87,183.65,5.62,2023
GLD,Gold,Commodities,BEARISH,2023-05-24,2023-05-26,3,181.95,180.92,-0.57,2023
GLD,Gold,Commodities,BEARISH,2023-09-29,2023-10-06,6,171.45,169.7,-1.02,2023
GLD,Gold,Commodities,BULLISH,2023-10-13,2023-10-31,13,178.83,184.09,2.94,2023
GLD,Gold,Commodities,BULLISH,2023-11-27,2023-12-01,5,186.77,192.01,2.81,2023
GLD,Gold,Commodities,BULLISH,2024-03-01,2024-03-15,11,192.89,199.71,3.54,2024
GLD,Gold,Commodities,BULLISH,2024-04-01,2024-04-18,14,207.82,220.34,6.02,2024
GLD,Gold,Commodities,BULLISH,2024-05-15,2024-05-22,6,220.89,220.11,-0.35,2024
GLD,Gold,Commodities,BULLISH,2024-07-11,2024-07-18,6,223.25,225.78,1.13,2024
GLD,Gold,Commodities,BULLISH,2024-08-19,2024-08-21,3,231.61,232.15,0.23,2024
GLD,Gold,Commodities,BULLISH,2024-09-20,2024-09-26,5,242.21,246.98,1.97,2024
GLD,Gold,Commodities,BULLISH,2024-10-22,2024-10-30,7,253.93,257.5,1.41,2024
GLD,Gold,Commodities,BEARISH,2024-11-11,2024-11-19,7,242.14,243.25,0.46,2024
GLD,Gold,Commodities,BULLISH,2025-01-21,2025-01-24,4,253.13,255.65,1.0,2025
GLD,Gold,Commodities,BULLISH,2025-01-30,2025-02-13,11,258.05,270.31,4.75,2025
GLD,Gold,Commodities,BULLISH,2025-03-13,2025-03-25,9,275.13,278.47,1.21,2025
GLD,Gold,Commodities,BULLISH,2025-04-15,2025-04-29,10,297.78,306.06,2.78,2025
GLD,Gold,Commodities,BULLISH,2025-08-29,2025-09-16,12,318.07,339.59,6.77,2025
GLD,Gold,Commodities,BULLISH,2025-09-26,2025-10-20,17,346.74,403.15,16.27,2025
GLD,Gold,Commodities,BEARISH,2025-10-28,2025-11-04,6,364.38,362.32,-0.57,2025
GLD,Gold,Commodities,BULLISH,2025-11-10,2025-11-13,4,378.38,382.87,1.19,2025
GLD,Gold,Commodities,BULLISH,2025-12-01,2025-12-05,5,389.75,386.44,-0.85,2025
GLD,Gold,Commodities,BULLISH,2025-12-19,2025-12-26,5,399.02,416.74,4.44,2025
GLD,Gold,Commodities,BULLISH,2026-01-13,2026-01-30,13,421.63,444.95,5.53,2026
GLD,Gold,Commodities,BULLISH,2026-02-27,2026-03-03,3,483.75,468.14,-3.23,2026
SLV,Silver,Commodities,BULLISH,2015-01-16,2015-01-28,8,16.95,17.23,1.65,2015
SLV,Silver,Commodities,BEARISH,2015-02-03,2015-02-11,7,16.55,16.08,-2.84,2015
SLV,Silver,Commodities,BEARISH,2015-02-17,2015-02-20,4,15.83,15.54,-1.83,2015
SLV,Silver,Commodities,BEARISH,2015-03-09,2015-03-17,7,15.1,14.9,-1.32,2015
SLV,Silver,Commodities,BULLISH,2015-03-20,2015-04-02,10,16.0,16.02,0.13,2015
SLV,Silver,Commodities,BEARISH,2015-04-09,2015-04-13,3,15.51,15.6,0.58,2015
SLV,Silver,Commodities,BEARISH,2015-04-20,2015-04-22,3,15.29,15.11,-1.18,2015
SLV,Silver,Commodities,BULLISH,2015-05-13,2015-05-22,8,16.35,16.34,-0.06,2015
SLV,Silver,Commodities,BEARISH,2015-05-29,2015-06-16,13,15.99,15.32,-4.19,2015
SLV,Silver,Commodities,BEARISH,2015-07-15,2015-07-20,4,14.43,14.05,-2.63,2015
SLV,Silver,Commodities,BEARISH,2015-07-23,2015-07-28,4,14.0,14.02,0.14,2015
SLV,Silver,Commodities,BULLISH,2015-08-10,2015-08-17,6,14.54,14.63,0.62,2015
SLV,Silver,Commodities,BULLISH,2015-08-19,2015-08-21,3,14.57,14.61,0.27,2015
SLV,Silver,Commodities,BEARISH,2015-08-25,2015-08-31,5,13.99,13.99,0.0,2015
SLV,Silver,Commodities,BEARISH,2015-09-02,2015-09-04,3,14.02,13.92,-0.71,2015
SLV,Silver,Commodities,BULLISH,2015-10-06,2015-10-16,9,15.07,15.28,1.39,2015
SLV,Silver,Commodities,BEARISH,2015-11-03,2015-11-23,15,14.58,13.45,-7.75,2015
SLV,Silver,Commodities,BULLISH,2016-02-03,2016-02-19,12,13.95,14.64,4.95,2016
SLV,Silver,Commodities,BEARISH,2016-04-01,2016-04-06,4,14.34,14.34,0.0,2016
SLV,Silver,Commodities,BULLISH,2016-04-11,2016-05-02,16,15.14,16.64,9.91,2016
SLV,Silver,Commodities,BEARISH,2016-05-19,2016-06-02,10,15.67,15.22,-2.87,2016
SLV,Silver,Commodities,BULLISH,2016-06-08,2016-06-21,10,16.21,16.38,1.05,2016
SLV,Silver,Commodities,BULLISH,2016-06-29,2016-07-15,12,17.37,19.08,9.84,2016
SLV,Silver,Commodities,BEARISH,2016-08-12,2016-08-17,4,18.72,18.68,-0.21,2016
SLV,Silver,Commodities,BEARISH,2016-08-22,2016-09-01,9,17.97,17.94,-0.17,2016
SLV,Silver,Commodities,BULLISH,2016-09-06,2016-09-08,3,19.05,18.62,-2.26,2016
SLV,Silver,Commodities,BEARISH,2016-10-04,2016-10-17,10,16.94,16.57,-2.18,2016
SLV,Silver,Commodities,BULLISH,2016-11-01,2016-11-10,8,17.41,17.56,0.86,2016
SLV,Silver,Commodities,BEARISH,2016-11-14,2016-11-28,10,16.0,15.77,-1.44,2016
SLV,Silver,Commodities,BEARISH,2016-12-15,2016-12-29,10,15.18,15.32,0.92,2016
SLV,Silver,Commodities,BULLISH,2017-01-05,2017-01-19,10,15.76,16.12,2.28,2017
SLV,Silver,Commodities,BULLISH,2017-02-06,2017-02-13,6,16.82,16.89,0.42,2017
SLV,Silver,Commodities,BEARISH,2017-03-08,2017-03-15,6,16.32,16.43,0.67,2017
SLV,Silver,Commodities,BULLISH,2017-03-23,2017-04-06,11,16.67,17.26,3.54,2017
SLV,Silver,Commodities,BEARISH,2017-04-26,2017-05-12,13,16.57,15.57,-6.04,2017
SLV,Silver,Commodities,BULLISH,2017-05-22,2017-05-30,6,16.23,16.47,1.48,2017
SLV,Silver,Commodities,BULLISH,2017-06-02,2017-06-07,4,16.59,16.65,0.36,2017
SLV,Silver,Commodities,BEARISH,2017-06-15,2017-06-23,7,15.88,15.79,-0.57,2017
SLV,Silver,Commodities,BEARISH,2017-07-07,2017-07-17,7,14.73,15.22,3.33,2017
SLV,Silver,Commodities,BULLISH,2017-07-21,2017-07-31,7,15.6,15.9,1.92,2017
SLV,Silver,Commodities,BULLISH,2017-08-18,2017-08-22,3,16.1,16.07,-0.19,2017
SLV,Silver,Commodities,BULLISH,2017-08-31,2017-09-11,7,16.65,16.77,0.72,2017
SLV,Silver,Commodities,BEARISH,2017-09-19,2017-10-04,12,16.36,15.69,-4.1,2017
SLV,Silver,Commodities,BEARISH,2017-11-30,2017-12-14,11,15.51,15.02,-3.16,2017
SLV,Silver,Commodities,BULLISH,2017-12-26,2018-01-09,10,15.59,16.03,2.82,2017
SLV,Silver,Commodities,BEARISH,2018-02-07,2018-02-13,5,15.41,15.62,1.36,2018
SLV,Silver,Commodities,BULLISH,2018-04-18,2018-04-20,3,16.18,16.13,-0.31,2018
SLV,Silver,Commodities,BEARISH,2018-05-01,2018-05-04,4,15.24,15.54,1.97,2018
SLV,Silver,Commodities,BEARISH,2018-06-25,2018-06-28,4,15.37,15.07,-1.95,2018
SLV,Silver,Commodities,BEARISH,2018-07-19,2018-07-24,4,14.42,14.58,1.11,2018
SLV,Silver,Commodities,BEARISH,2018-08-13,2018-08-24,10,14.1,13.92,-1.28,2018
SLV,Silver,Commodities,BEARISH,2018-09-04,2018-09-06,3,13.31,13.31,0.0,2018
SLV,Silver,Commodities,BEARISH,2018-09-10,2018-09-14,5,13.31,13.23,-0.6,2018
SLV,Silver,Commodities,BEARISH,2018-11-09,2018-11-13,3,13.32,13.15,-1.28,2018
SLV,Silver,Commodities,BULLISH,2018-12-26,2019-01-10,11,14.11,14.6,3.47,2018
SLV,Silver,Commodities,BEARISH,2019-03-01,2019-03-12,8,14.2,14.48,1.97,2019
SLV,Silver,Commodities,BEARISH,2019-05-17,2019-05-21,3,13.52,13.53,0.07,2019
SLV,Silver,Commodities,BULLISH,2019-06-24,2019-06-26,3,14.46,14.32,-0.97,2019
SLV,Silver,Commodities,BULLISH,2019-07-17,2019-07-30,10,14.94,15.5,3.75,2019
SLV,Silver,Commodities,BULLISH,2019-08-08,2019-08-12,3,15.89,15.98,0.57,2019
SLV,Silver,Commodities,BULLISH,2019-08-14,2019-08-20,5,16.08,16.05,-0.19,2019
SLV,Silver,Commodities,BULLISH,2019-08-26,2019-09-06,9,16.52,16.87,2.12,2019
SLV,Silver,Commodities,BEARISH,2019-09-17,2019-09-19,3,16.86,16.62,-1.42,2019
SLV,Silver,Commodities,BEARISH,2019-11-07,2019-11-18,8,16.0,15.92,-0.5,2019
SLV,Silver,Commodities,BULLISH,2019-12-20,2020-01-08,12,16.04,16.93,5.55,2019
SLV,Silver,Commodities,BULLISH,2020-02-18,2020-02-24,5,17.01,17.4,2.29,2020
SLV,Silver,Commodities,BEARISH,2020-02-28,2020-03-26,20,15.53,13.53,-12.88,2020
SLV,Silver,Commodities,BULLISH,2020-03-30,2020-04-20,15,13.16,14.26,8.36,2020
SLV,Silver,Commodities,BULLISH,2020-05-14,2020-06-02,13,14.81,16.84,13.71,2020
SLV,Silver,Commodities,BULLISH,2020-06-30,2020-08-10,29,17.01,27.0,58.73,2020
SLV,Silver,Commodities,BULLISH,2020-08-12,2020-08-18,5,23.42,25.88,10.5,2020
SLV,Silver,Commodities,BEARISH,2020-08-20,2020-08-24,3,25.61,24.6,-3.94,2020
SLV,Silver,Commodities,BEARISH,2020-09-21,2020-10-02,10,23.03,22.13,-3.91,2020
SLV,Silver,Commodities,BULLISH,2020-10-20,2020-10-22,3,23.02,22.96,-0.26,2020
SLV,Silver,Commodities,BULLISH,2020-11-11,2020-11-13,3,22.52,22.9,1.69,2020
SLV,Silver,Commodities,BEARISH,2020-11-24,2020-12-01,5,21.63,22.3,3.1,2020
SLV,Silver,Commodities,BULLISH,2020-12-16,2020-12-21,4,23.62,24.38,3.22,2020
SLV,Silver,Commodities,BULLISH,2020-12-23,2021-01-07,10,23.8,25.26,6.13,2020
SLV,Silver,Commodities,BEARISH,2021-01-13,2021-01-22,7,23.44,23.66,0.94,2021
SLV,Silver,Commodities,BULLISH,2021-01-28,2021-02-03,5,24.72,24.93,0.85,2021
SLV,Silver,Commodities,BULLISH,2021-02-05,2021-02-10,4,24.95,25.07,0.48,2021
SLV,Silver,Commodities,BEARISH,2021-03-03,2021-03-11,7,24.28,24.25,-0.12,2021
SLV,Silver,Commodities,BEARISH,2021-03-23,2021-04-05,9,23.22,23.09,-0.56,2021
SLV,Silver,Commodities,BULLISH,2021-04-14,2021-04-19,4,23.59,23.98,1.65,2021
SLV,Silver,Commodities,BULLISH,2021-04-23,2021-04-28,4,24.14,24.4,1.08,2021
SLV,Silver,Commodities,BULLISH,2021-05-06,2021-05-11,4,25.37,25.67,1.18,2021
SLV,Silver,Commodities,BULLISH,2021-05-13,2021-05-19,5,25.16,25.73,2.27,2021
SLV,Silver,Commodities,BEARISH,2021-06-16,2021-06-30,11,25.26,24.22,-4.12,2021
SLV,Silver,Commodities,BEARISH,2021-07-19,2021-07-21,3,23.29,23.42,0.56,2021
SLV,Silver,Commodities,BEARISH,2021-07-23,2021-07-28,4,23.35,23.17,-0.77,2021
SLV,Silver,Commodities,BEARISH,2021-08-06,2021-08-20,11,22.52,21.35,-5.2,2021
SLV,Silver,Commodities,BEARISH,2021-09-16,2021-09-30,11,21.25,20.52,-3.44,2021
SLV,Silver,Commodities,BULLISH,2021-10-13,2021-10-15,3,21.33,21.58,1.17,2021
SLV,Silver,Commodities,BULLISH,2021-10-19,2021-10-27,7,21.89,22.29,1.83,2021
SLV,Silver,Commodities,BULLISH,2021-11-11,2021-11-18,6,23.35,22.96,-1.67,2021
SLV,Silver,Commodities,BEARISH,2021-11-24,2021-12-10,12,21.79,20.5,-5.92,2021
SLV,Silver,Commodities,BULLISH,2021-12-23,2021-12-31,6,21.16,21.51,1.65,2021
SLV,Silver,Commodities,BULLISH,2022-01-19,2022-01-26,6,22.37,21.72,-2.91,2022
SLV,Silver,Commodities,BEARISH,2022-02-01,2022-02-07,5,20.94,21.27,1.58,2022
SLV,Silver,Commodities,BULLISH,2022-02-11,2022-03-11,20,21.83,23.87,9.34,2022
SLV,Silver,Commodities,BULLISH,2022-04-13,2022-04-18,3,23.75,23.87,0.51,2022
SLV,Silver,Commodities,BEARISH,2022-04-25,2022-05-18,18,21.83,19.73,-9.62,2022
SLV,Silver,Commodities,BEARISH,2022-06-30,2022-07-18,12,18.64,17.22,-7.62,2022
SLV,Silver,Commodities,BULLISH,2022-07-28,2022-08-10,10,18.43,18.95,2.82,2022
SLV,Silver,Commodities,BEARISH,2022-08-18,2022-09-08,15,18.04,17.03,-5.6,2022
SLV,Silver,Commodities,BULLISH,2022-09-12,2022-09-22,9,18.17,18.09,-0.44,2022
SLV,Silver,Commodities,BEARISH,2022-09-26,2022-09-28,3,16.92,17.45,3.13,2022
SLV,Silver,Commodities,BULLISH,2022-10-03,2022-10-11,7,19.1,17.68,-7.43,2022
SLV,Silver,Commodities,BEARISH,2022-10-14,2022-10-21,6,16.81,17.76,5.65,2022
SLV,Silver,Commodities,BULLISH,2022-11-01,2022-11-17,13,18.05,19.29,6.87,2022
SLV,Silver,Commodities,BULLISH,2022-12-01,2022-12-14,10,20.98,21.99,4.81,2022
SLV,Silver,Commodities,BULLISH,2022-12-19,2022-12-21,3,21.12,22.07,4.5,2022
SLV,Silver,Commodities,BULLISH,2022-12-30,2023-01-04,3,22.02,21.89,-0.59,2022
SLV,Silver,Commodities,BEARISH,2023-02-03,2023-02-16,10,20.57,19.84,-3.55,2023
SLV,Silver,Commodities,BEARISH,2023-02-22,2023-03-02,7,19.75,19.24,-2.58,2023
SLV,Silver,Commodities,BEARISH,2023-03-06,2023-03-09,4,19.32,18.44,-4.55,2023
SLV,Silver,Commodities,BULLISH,2023-03-13,2023-04-18,26,20.0,23.15,15.75,2023
SLV,Silver,Commodities,BEARISH,2023-05-11,2023-05-25,11,22.2,20.86,-6.04,2023
SLV,Silver,Commodities,BULLISH,2023-06-08,2023-06-12,3,22.3,22.08,-0.99,2023
SLV,Silver,Commodities,BEARISH,2023-06-21,2023-07-03,9,20.84,21.01,0.82,2023
SLV,Silver,Commodities,BULLISH,2023-07-12,2023-07-26,11,22.15,22.91,3.43,2023
SLV,Silver,Commodities,BEARISH,2023-08-01,2023-08-18,14,22.29,20.87,-6.37,2023
SLV,Silver,Commodities,BULLISH,2023-08-23,2023-09-01,8,22.29,22.17,-0.54,2023
SLV,Silver,Commodities,BEARISH,2023-09-07,2023-09-18,8,21.05,21.3,1.19,2023
SLV,Silver,Commodities,BEARISH,2023-09-29,2023-10-10,8,20.34,19.98,-1.77,2023
SLV,Silver,Commodities,BULLISH,2023-10-16,2023-10-26,9,20.68,20.85,0.82,2023
SLV,Silver,Commodities,BULLISH,2023-11-21,2023-12-04,9,21.77,22.46,3.17,2023
SLV,Silver,Commodities,BEARISH,2023-12-08,2023-12-15,6,21.1,21.83,3.46,2023
SLV,Silver,Commodities,BULLISH,2023-12-22,2023-12-27,3,22.12,22.23,0.5,2023
SLV,Silver,Commodities,BEARISH,2024-01-03,2024-01-17,10,21.06,20.65,-1.95,2024
SLV,Silver,Commodities,BULLISH,2024-03-06,2024-03-20,11,22.1,23.29,5.38,2024
SLV,Silver,Commodities,BULLISH,2024-04-02,2024-04-19,14,23.84,26.2,9.9,2024
SLV,Silver,Commodities,BEARISH,2024-04-29,2024-05-03,5,24.83,24.22,-2.46,2024
SLV,Silver,Commodities,BULLISH,2024-05-09,2024-05-30,15,25.86,28.42,9.9,2024
SLV,Silver,Commodities,BEARISH,2024-06-03,2024-06-05,3,27.89,27.4,-1.76,2024
SLV,Silver,Commodities,BEARISH,2024-06-11,2024-06-13,3,26.71,26.43,-1.05,2024
SLV,Silver,Commodities,BULLISH,2024-07-08,2024-07-16,7,28.13,28.61,1.71,2024
SLV,Silver,Commodities,BEARISH,2024-07-19,2024-08-01,10,26.69,26.03,-2.47,2024
SLV,Silver,Commodities,BEARISH,2024-08-05,2024-08-07,3,24.86,24.33,-2.13,2024
SLV,Silver,Commodities,BULLISH,2024-08-19,2024-08-29,9,26.83,26.81,-0.07,2024
SLV,Silver,Commodities,BEARISH,2024-09-06,2024-09-11,4,25.48,26.12,2.51,2024
SLV,Silver,Commodities,BULLISH,2024-09-13,2024-09-26,10,28.02,29.26,4.43,2024
SLV,Silver,Commodities,BULLISH,2024-10-02,2024-10-07,4,29.0,28.93,-0.24,2024
SLV,Silver,Commodities,BEARISH,2024-10-08,2024-10-10,3,28.01,28.38,1.32,2024
SLV,Silver,Commodities,BULLISH,2024-10-18,2024-10-31,10,30.64,29.81,-2.71,2024
SLV,Silver,Commodities,BEARISH,2024-11-01,2024-11-19,13,29.54,28.5,-3.52,2024
SLV,Silver,Commodities,BEARISH,2024-12-18,2025-01-02,10,26.85,26.93,0.3,2024
SLV,Silver,Commodities,BULLISH,2025-02-03,2025-02-12,8,28.67,29.34,2.34,2025
SLV,Silver,Commodities,BULLISH,2025-03-11,2025-03-19,7,29.96,30.75,2.64,2025
SLV,Silver,Commodities,BEARISH,2025-04-03,2025-04-16,10,28.89,29.76,3.01,2025
SLV,Silver,Commodities,BULLISH,2025-04-21,2025-04-28,6,29.79,30.19,1.34,2025
SLV,Silver,Commodities,BULLISH,2025-06-02,2025-06-18,13,31.59,33.27,5.32,2025
SLV,Silver,Commodities,BULLISH,2025-07-11,2025-07-24,10,35.03,35.49,1.31,2025
SLV,Silver,Commodities,BEARISH,2025-08-04,2025-08-06,3,33.98,34.35,1.09,2025
SLV,Silver,Commodities,BULLISH,2025-08-29,2025-09-16,12,36.19,38.6,6.66,2025
SLV,Silver,Commodities,BULLISH,2025-09-19,2025-10-20,22,39.04,47.72,22.23,2025
SLV,Silver,Commodities,BEARISH,2025-10-24,2025-11-03,7,43.99,43.76,-0.52,2025
SLV,Silver,Commodities,BULLISH,2025-11-10,2025-11-21,10,45.79,45.3,-1.07,2025
SLV,Silver,Commodities,BULLISH,2025-11-28,2026-01-29,42,51.21,105.57,106.15,2025
SLV,Silver,Commodities,BEARISH,2026-01-30,2026-02-19,14,75.44,71.01,-5.87,2026
SLV,Silver,Commodities,BULLISH,2026-02-20,2026-03-05,10,76.62,74.27,-3.07,2026
USO,Oil,Commodities,BEARISH,2015-01-22,2015-01-26,3,139.28,134.96,-3.1,2015
USO,Oil,Commodities,BULLISH,2015-02-05,2015-02-17,8,152.24,158.32,3.99,2015
USO,Oil,Commodities,BEARISH,2015-02-27,2015-03-03,3,144.8,147.92,2.15,2015
USO,Oil,Commodities,BEARISH,2015-03-11,2015-03-24,10,142.16,134.32,-5.51,2015
USO,Oil,Commodities,BULLISH,2015-03-30,2015-04-09,8,137.84,144.24,4.64,2015
USO,Oil,Commodities,BULLISH,2015-04-13,2015-04-20,6,148.0,159.12,7.51,2015
USO,Oil,Commodities,BULLISH,2015-04-22,2015-04-28,5,154.88,156.8,1.24,2015
USO,Oil,Commodities,BULLISH,2015-05-08,2015-05-12,3,163.36,165.92,1.57,2015
USO,Oil,Commodities,BEARISH,2015-05-26,2015-05-28,3,157.52,156.48,-0.66,2015
USO,Oil,Commodities,BEARISH,2015-07-01,2015-08-26,40,152.8,102.16,-33.14,2015
USO,Oil,Commodities,BULLISH,2015-08-28,2015-09-11,10,119.04,117.2,-1.55,2015
USO,Oil,Commodities,BULLISH,2015-10-06,2015-10-13,6,125.92,120.48,-4.32,2015
USO,Oil,Commodities,BEARISH,2015-10-20,2015-10-27,6,117.84,110.56,-6.18,2015
USO,Oil,Commodities,BEARISH,2015-11-11,2015-11-24,10,110.08,106.56,-3.2,2015
USO,Oil,Commodities,BEARISH,2015-12-04,2015-12-22,13,99.68,86.16,-13.56,2015
USO,Oil,Commodities,BEARISH,2016-01-06,2016-01-26,14,80.88,71.76,-11.28,2016
USO,Oil,Commodities,BEARISH,2016-02-09,2016-02-16,5,65.44,66.48,1.59,2016
USO,Oil,Commodities,BULLISH,2016-02-24,2016-03-22,20,68.72,84.32,22.7,2016
USO,Oil,Commodities,BEARISH,2016-03-31,2016-04-07,6,77.6,76.08,-1.96,2016
USO,Oil,Commodities,BULLISH,2016-04-12,2016-04-22,9,85.12,86.08,1.13,2016
USO,Oil,Commodities,BULLISH,2016-04-27,2016-05-02,4,89.12,88.4,-0.81,2016
USO,Oil,Commodities,BULLISH,2016-05-16,2016-05-27,10,94.08,95.84,1.87,2016
USO,Oil,Commodities,BEARISH,2016-07-05,2016-07-11,5,89.44,85.2,-4.74,2016
USO,Oil,Commodities,BEARISH,2016-07-13,2016-08-05,18,86.0,78.88,-8.28,2016
USO,Oil,Commodities,BULLISH,2016-08-11,2016-08-26,12,81.68,87.6,7.25,2016
USO,Oil,Commodities,BEARISH,2016-08-31,2016-09-07,5,82.88,84.16,1.54,2016
USO,Oil,Commodities,BULLISH,2016-09-28,2016-10-14,13,85.2,91.52,7.42,2016
USO,Oil,Commodities,BEARISH,2016-10-28,2016-11-14,12,88.08,78.96,-10.35,2016
USO,Oil,Commodities,BULLISH,2016-11-18,2016-11-23,4,82.56,85.36,3.39,2016
USO,Oil,Commodities,BULLISH,2016-11-30,2016-12-14,11,87.44,90.56,3.57,2016
USO,Oil,Commodities,BEARISH,2017-03-08,2017-03-23,12,85.36,80.08,-6.19,2017
USO,Oil,Commodities,BULLISH,2017-04-04,2017-04-18,10,85.68,88.32,3.08,2017
USO,Oil,Commodities,BEARISH,2017-04-21,2017-05-10,14,82.56,78.88,-4.46,2017
USO,Oil,Commodities,BULLISH,2017-05-18,2017-05-24,5,82.08,84.8,3.31,2017
USO,Oil,Commodities,BEARISH,2017-06-02,2017-06-27,18,78.88,72.8,-7.71,2017
USO,Oil,Commodities,BULLISH,2017-07-03,2017-07-11,6,76.96,74.16,-3.64,2017
USO,Oil,Commodities,BULLISH,2017-07-24,2017-08-07,11,76.0,80.8,6.32,2017
USO,Oil,Commodities,BEARISH,2017-08-14,2017-08-17,4,77.76,76.96,-1.03,2017
USO,Oil,Commodities,BULLISH,2017-09-12,2017-09-18,5,78.96,81.36,3.04,2017
USO,Oil,Commodities,BULLISH,2017-09-22,2017-09-27,4,81.92,84.16,2.73,2017
USO,Oil,Commodities,BULLISH,2017-10-26,2017-11-13,13,84.56,91.04,7.66,2017
USO,Oil,Commodities,BULLISH,2017-11-29,2017-12-01,3,91.76,93.36,1.74,2017
USO,Oil,Commodities,BULLISH,2017-12-26,2018-01-18,16,95.6,102.08,6.78,2017
USO,Oil,Commodities,BULLISH,2018-01-22,2018-01-24,3,102.24,105.76,3.44,2018
USO,Oil,Commodities,BEARISH,2018-02-07,2018-02-16,8,98.96,99.04,0.08,2018
USO,Oil,Commodities,BULLISH,2018-02-23,2018-02-28,4,102.16,98.96,-3.13,2018
USO,Oil,Commodities,BULLISH,2018-03-21,2018-03-29,7,105.44,104.72,-0.68,2018
USO,Oil,Commodities,BULLISH,2018-04-12,2018-04-24,9,108.16,109.44,1.18,2018
USO,Oil,Commodities,BULLISH,2018-05-09,2018-05-17,7,114.96,115.92,0.84,2018
USO,Oil,Commodities,BEARISH,2018-05-25,2018-06-08,10,109.44,106.16,-3.0,2018
USO,Oil,Commodities,BULLISH,2018-06-22,2018-07-10,12,112.16,120.56,7.49,2018
USO,Oil,Commodities,BEARISH,2018-07-16,2018-07-24,7,111.52,113.84,2.08,2018
USO,Oil,Commodities,BEARISH,2018-08-15,2018-08-21,5,108.08,110.64,2.37,2018
USO,Oil,Commodities,BULLISH,2018-08-27,2018-09-05,7,116.0,115.92,-0.07,2018
USO,Oil,Commodities,BULLISH,2018-09-19,2018-09-25,5,119.52,122.16,2.21,2018
USO,Oil,Commodities,BULLISH,2018-09-27,2018-10-05,7,122.08,125.52,2.82,2018
USO,Oil,Commodities,BEARISH,2018-10-15,2018-12-04,36,121.04,89.44,-26.11,2018
USO,Oil,Commodities,BEARISH,2018-12-18,2019-01-02,10,78.32,78.8,0.61,2018
USO,Oil,Commodities,BULLISH,2019-01-07,2019-01-23,12,82.32,88.4,7.39,2019
USO,Oil,Commodities,BULLISH,2019-02-20,2019-02-28,7,95.44,95.6,0.17,2019
USO,Oil,Commodities,BULLISH,2019-03-15,2019-03-26,8,97.6,99.76,2.21,2019
USO,Oil,Commodities,BULLISH,2019-04-01,2019-04-15,11,102.56,105.92,3.28,2019
USO,Oil,Commodities,BEARISH,2019-05-02,2019-05-09,6,102.56,102.48,-0.08,2019
USO,Oil,Commodities,BEARISH,2019-05-23,2019-06-13,15,96.72,87.04,-10.01,2019
USO,Oil,Commodities,BULLISH,2019-06-19,2019-07-03,11,90.64,94.16,3.88,2019
USO,Oil,Commodities,BEARISH,2019-07-24,2019-07-29,4,92.72,94.56,1.98,2019
USO,Oil,Commodities,BEARISH,2019-08-06,2019-08-12,5,89.12,90.88,1.97,2019
USO,Oil,Commodities,BULLISH,2019-08-20,2019-08-22,3,93.04,92.24,-0.86,2019
USO,Oil,Commodities,BULLISH,2019-09-16,2019-09-20,5,102.64,97.6,-4.91,2019
USO,Oil,Commodities,BEARISH,2019-09-30,2019-10-10,9,90.72,89.52,-1.32,2019
USO,Oil,Commodities,BULLISH,2019-10-22,2019-10-29,6,90.72,92.64,2.12,2019
USO,Oil,Commodities,BULLISH,2019-11-01,2019-11-05,3,93.52,95.44,2.05,2019
USO,Oil,Commodities,BULLISH,2019-11-13,2019-11-15,3,95.68,96.64,1.0,2019
USO,Oil,Commodities,BULLISH,2019-12-13,2019-12-19,5,99.92,102.24,2.32,2019
USO,Oil,Commodities,BULLISH,2019-12-23,2019-12-30,5,101.6,103.12,1.5,2019
USO,Oil,Commodities,BEARISH,2020-01-10,2020-02-12,23,99.28,86.48,-12.89,2020
USO,Oil,Commodities,BULLISH,2020-02-18,2020-02-21,4,87.6,89.28,1.92,2020
USO,Oil,Commodities,BEARISH,2020-02-27,2020-04-02,26,78.24,40.88,-47.75,2020
USO,Oil,Commodities,BULLISH,2020-04-08,2020-04-15,5,42.96,35.44,-17.5,2020
USO,Oil,Commodities,BEARISH,2020-04-17,2020-05-05,13,33.68,21.51,-36.13,2020
USO,Oil,Commodities,BULLISH,2020-05-08,2020-06-11,24,21.47,26.36,22.78,2020
USO,Oil,Commodities,BULLISH,2020-06-25,2020-06-29,3,27.94,28.27,1.18,2020
USO,Oil,Commodities,BULLISH,2020-07-09,2020-07-13,3,28.41,28.5,0.32,2020
USO,Oil,Commodities,BULLISH,2020-08-12,2020-08-17,4,30.56,30.77,0.69,2020
USO,Oil,Commodities,BEARISH,2020-09-04,2020-09-16,8,28.51,28.7,0.67,2020
USO,Oil,Commodities,BULLISH,2020-09-24,2020-09-28,3,28.5,28.69,0.67,2020
USO,Oil,Commodities,BEARISH,2020-10-28,2020-11-03,5,26.31,26.72,1.56,2020
USO,Oil,Commodities,BULLISH,2020-11-09,2020-12-08,21,28.07,31.41,11.9,2020
USO,Oil,Commodities,BULLISH,2020-12-14,2020-12-21,6,32.17,32.64,1.46,2020
USO,Oil,Commodities,BULLISH,2021-01-06,2021-01-21,11,34.11,35.76,4.84,2021
USO,Oil,Commodities,BULLISH,2021-02-03,2021-02-26,17,37.44,41.31,10.34,2021
USO,Oil,Commodities,BULLISH,2021-03-04,2021-03-09,4,43.07,43.11,0.09,2021
USO,Oil,Commodities,BULLISH,2021-03-11,2021-03-17,5,44.6,43.82,-1.75,2021
USO,Oil,Commodities,BEARISH,2021-03-18,2021-03-31,10,40.47,40.53,0.15,2021
USO,Oil,Commodities,BULLISH,2021-04-14,2021-04-20,5,43.04,42.74,-0.7,2021
USO,Oil,Commodities,BULLISH,2021-04-22,2021-04-27,4,42.09,43.11,2.42,2021
USO,Oil,Commodities,BULLISH,2021-05-04,2021-05-12,7,44.87,45.22,0.78,2021
USO,Oil,Commodities,BULLISH,2021-06-02,2021-06-16,11,46.9,48.75,3.94,2021
USO,Oil,Commodities,BULLISH,2021-06-21,2021-06-25,5,49.36,50.25,1.8,2021
USO,Oil,Commodities,BULLISH,2021-07-29,2021-08-03,4,50.64,48.85,-3.53,2021
USO,Oil,Commodities,BEARISH,2021-08-06,2021-08-10,3,47.57,47.68,0.23,2021
USO,Oil,Commodities,BEARISH,2021-08-12,2021-08-20,7,48.1,43.43,-9.71,2021
USO,Oil,Commodities,BULLISH,2021-08-31,2021-09-07,5,48.04,48.04,0.0,2021
USO,Oil,Commodities,BULLISH,2021-09-21,2021-10-22,24,49.58,58.03,17.04,2021
USO,Oil,Commodities,BEARISH,2021-11-19,2021-11-23,3,53.78,56.2,4.5,2021
USO,Oil,Commodities,BEARISH,2021-11-26,2021-12-09,10,49.63,51.02,2.8,2021
USO,Oil,Commodities,BULLISH,2021-12-14,2021-12-17,4,50.92,50.78,-0.27,2021
USO,Oil,Commodities,BULLISH,2021-12-23,2022-01-31,26,53.13,62.48,17.6,2021
USO,Oil,Commodities,BULLISH,2022-02-03,2022-02-14,8,63.51,66.36,4.49,2022
USO,Oil,Commodities,BULLISH,2022-03-01,2022-03-14,10,71.82,72.84,1.42,2022
USO,Oil,Commodities,BEARISH,2022-03-18,2022-03-22,3,74.64,78.56,5.25,2022
USO,Oil,Commodities,BULLISH,2022-03-23,2022-03-25,3,81.95,80.74,-1.48,2022
USO,Oil,Commodities,BEARISH,2022-04-04,2022-04-08,5,76.86,74.11,-3.58,2022
USO,Oil,Commodities,BULLISH,2022-04-20,2022-04-22,3,77.24,76.31,-1.2,2022
USO,Oil,Commodities,BULLISH,2022-05-04,2022-05-06,3,80.22,82.13,2.38,2022
USO,Oil,Commodities,BULLISH,2022-05-13,2022-05-17,3,81.28,81.11,-0.21,2022
USO,Oil,Commodities,BULLISH,2022-05-23,2022-05-27,5,81.97,85.46,4.26,2022
USO,Oil,Commodities,BULLISH,2022-06-01,2022-06-14,10,85.54,88.45,3.4,2022
USO,Oil,Commodities,BEARISH,2022-06-17,2022-07-07,13,83.34,76.55,-8.15,2022
USO,Oil,Commodities,BEARISH,2022-07-11,2022-07-18,6,78.23,76.81,-1.82,2022
USO,Oil,Commodities,BULLISH,2022-07-26,2022-07-29,4,75.16,78.05,3.85,2022
USO,Oil,Commodities,BEARISH,2022-08-03,2022-08-08,4,73.53,73.54,0.01,2022
USO,Oil,Commodities,BEARISH,2022-09-01,2022-09-15,10,70.95,69.76,-1.68,2022
USO,Oil,Commodities,BEARISH,2022-09-23,2022-10-03,7,65.32,67.89,3.93,2022
USO,Oil,Commodities,BULLISH,2022-10-05,2022-10-17,9,71.94,70.13,-2.52,2022
USO,Oil,Commodities,BEARISH,2022-10-20,2022-10-24,3,70.18,70.38,0.28,2022
USO,Oil,Commodities,BULLISH,2022-11-01,2022-11-08,6,73.12,74.47,1.85,2022
USO,Oil,Commodities,BEARISH,2022-11-17,2022-11-30,9,70.14,70.23,0.13,2022
USO,Oil,Commodities,BEARISH,2022-12-06,2022-12-16,9,65.23,64.9,-0.51,2022
USO,Oil,Commodities,BULLISH,2022-12-21,2022-12-28,5,68.06,68.58,0.76,2022
USO,Oil,Commodities,BULLISH,2023-01-19,2023-01-26,6,70.59,70.93,0.48,2023
USO,Oil,Commodities,BEARISH,2023-02-01,2023-02-07,5,67.36,67.76,0.59,2023
USO,Oil,Commodities,BEARISH,2023-03-14,2023-03-24,9,62.93,60.96,-3.13,2023
USO,Oil,Commodities,BULLISH,2023-03-29,2023-04-17,13,64.15,70.84,10.43,2023
USO,Oil,Commodities,BEARISH,2023-04-25,2023-05-09,11,67.62,64.87,-4.07,2023
USO,Oil,Commodities,BEARISH,2023-05-11,2023-05-15,3,63.25,62.99,-0.41,2023
USO,Oil,Commodities,BULLISH,2023-07-07,2023-08-10,25,65.85,74.2,12.68,2023
USO,Oil,Commodities,BULLISH,2023-08-30,2023-09-19,14,73.66,81.5,10.64,2023
USO,Oil,Commodities,BEARISH,2023-10-04,2023-10-12,7,75.59,75.42,-0.22,2023
USO,Oil,Commodities,BULLISH,2023-10-18,2023-10-20,3,79.84,80.7,1.08,2023
USO,Oil,Commodities,BEARISH,2023-10-31,2023-11-20,15,75.02,72.3,-3.63,2023
USO,Oil,Commodities,BEARISH,2023-12-04,2023-12-15,10,68.47,67.15,-1.93,2023
USO,Oil,Commodities,BULLISH,2023-12-20,2023-12-27,5,68.79,68.92,0.19,2023
USO,Oil,Commodities,BULLISH,2024-01-23,2024-01-31,7,69.66,70.92,1.81,2024
USO,Oil,Commodities,BULLISH,2024-02-15,2024-02-22,5,72.84,73.6,1.04,2024
USO,Oil,Commodities,BULLISH,2024-03-18,2024-04-12,19,77.98,81.53,4.55,2024
USO,Oil,Commodities,BEARISH,2024-04-18,2024-04-22,3,78.78,78.78,0.0,2024
USO,Oil,Commodities,BEARISH,2024-04-30,2024-05-14,11,78.38,75.21,-4.04,2024
USO,Oil,Commodities,BEARISH,2024-06-03,2024-06-05,3,71.83,71.89,0.08,2024
USO,Oil,Commodities,BULLISH,2024-06-17,2024-07-03,12,77.79,81.27,4.47,2024
USO,Oil,Commodities,BEARISH,2024-07-19,2024-08-06,13,78.0,72.45,-7.12,2024
USO,Oil,Commodities,BEARISH,2024-09-03,2024-09-16,10,71.09,70.88,-0.3,2024
USO,Oil,Commodities,BULLISH,2024-09-19,2024-09-25,5,72.75,71.48,-1.75,2024
USO,Oil,Commodities,BULLISH,2024-10-03,2024-10-14,8,75.73,75.93,0.26,2024
USO,Oil,Commodities,BEARISH,2024-10-17,2024-10-21,3,72.62,72.26,-0.5,2024
USO,Oil,Commodities,BEARISH,2024-10-24,2024-10-29,4,73.06,69.66,-4.65,2024
USO,Oil,Commodities,BULLISH,2025-01-02,2025-01-22,13,76.93,80.43,4.55,2025
USO,Oil,Commodities,BEARISH,2025-01-27,2025-02-07,10,77.93,75.86,-2.66,2025
USO,Oil,Commodities,BEARISH,2025-03-03,2025-03-11,7,73.32,71.45,-2.55,2025
USO,Oil,Commodities,BULLISH,2025-03-24,2025-04-02,8,74.88,77.74,3.82,2025
USO,Oil,Commodities,BEARISH,2025-04-04,2025-04-17,10,67.92,69.48,2.3,2025
USO,Oil,Commodities,BEARISH,2025-04-30,2025-05-09,8,63.56,66.61,4.8,2025
USO,Oil,Commodities,BULLISH,2025-05-13,2025-05-21,7,69.59,67.59,-2.87,2025
USO,Oil,Commodities,BULLISH,2025-06-05,2025-06-23,12,69.93,76.41,9.27,2025
USO,Oil,Commodities,BEARISH,2025-06-30,2025-07-07,5,73.11,76.48,4.61,2025
USO,Oil,Commodities,BULLISH,2025-07-29,2025-07-31,3,79.8,79.59,-0.26,2025
USO,Oil,Commodities,BEARISH,2025-08-11,2025-08-19,7,73.8,72.3,-2.03,2025
USO,Oil,Commodities,BEARISH,2025-10-08,2025-10-22,11,73.53,70.63,-3.94,2025
USO,Oil,Commodities,BULLISH,2025-10-24,2025-11-04,8,73.18,71.93,-1.71,2025
USO,Oil,Commodities,BEARISH,2025-12-12,2025-12-19,6,68.81,68.03,-1.13,2025
USO,Oil,Commodities,BULLISH,2026-01-12,2026-01-14,3,71.65,72.61,1.34,2026
USO,Oil,Commodities,BULLISH,2026-01-21,2026-02-10,15,73.34,78.03,6.39,2026
USO,Oil,Commodities,BULLISH,2026-02-19,2026-02-24,4,81.19,80.76,-0.53,2026
USO,Oil,Commodities,BULLISH,2026-02-27,2026-03-06,6,81.95,108.77,32.73,2026
